0100000002601023415750000000000412925020250408
0100000003616020598180000000000201600020250408
0100000006101019813930000000000151384320250408
0100000007601023390150000000000055903720250408
0100000008601023171190000000000212550020250408
0100000012124003108130000000000129575020250408
0100000013101013673990000000000151697420250408
0100000015123005317990000000000140375020250408
0100000016601023387600000000000025258020250408
0100000018612020144770000000000099859020250408
0100000023196035998080000000000114100020250408
0100000027609020149430000000000118848920250408
0100000029606020003940000000000234200020250408
0100000030105007936500000000000056180920250408
0100000032196077287980000000000155040020250408
0100000034617020028340000000000251900020250408
0100000038124000008060000000000270150020250408
0100000039616020627540000000000216175020250408
0100000040101009610970000000000105726720250408
0100000045101006615750000000000190250020250408
0100000048111002700890000000000081779720250408
0100000050612021191550000000001818540020250408
0100000052616020828870000000000172425020250408
0100000057601023227590000000000285650020250408
0100000059613020054450000000000206400020250408
0100000061607020013330000000000236925020250408
0100000072196072013110000000000144210020250408
0100000074616020937220000000000392009820250408
0100000080101300139450000000000041017820250408
0100000082101005617720000000000150810720250408
0100000084111012269060000000000174225020250408
0100000085601023522160000000000336625020250408
0100000086603020220660000000000082809820250408
0100000088603020225030000000000051501820250408
0100000095601023415670000000000833853920250408
0100000096196058824970000000000192825020250408
0100000097616020521200000000000272575020250408
0100000098116001630280000000000191500020250408
0100000101601023432090000000000058518120250408
0100000104603020256770000000000175478320250408
0100000106612020057370000000000196825020250408
0100000117601023405360000000000116251520250408
0100000120616020565250000000000317475020250408
0100000135117001466630000000000253929320250408
0100000137603020502720000000000201175020250408
0100000138601024587580000000000025030720250408
0100000141616020718180000000000791434820250408
0100000148624000198560000000000482600020250408
0100000149601023246200000000000286925020250408
0100000150196063143540000000000160185020250408
0100000153612020343970000000000190700020250408
0100000155616020396630000000000041201120250408
0100000156196069123680000000000115530020250408
0100000160196032645930000000000121050020250408
0100000163124900008640000000000299503220250408
0100000165103100443830000000000191500020250408
0100000166623020002470000000000214528520250408
0100000168601023244330000000000529334820250408
0100000169617020029740000000000074482920250408
0100000171124008101350000000000051590420250408
0100000173601023433650000000000227701520250408
0100000175601023703380000000000215368820250408
0100000176601023392870000000000156890920250408
0100000180101005964200000000000276675020250408
0100000182103002248600000000000188350020250408
0100000183124035126760000000000174650020250408
0100000187616020267820000000000190250020250408
0100000188135200189400000000000161550020250408
0100000189601100006090000000000282775020250408
0100000190196052749850000000000089321020250408
0100000191601023435940000000000220915620250408
0100000194601023063700000000000467575020250408
0100000195612020117020000000000261525020250408
0100000197123000013550000000000649484820250408
0100000200601023415080000000000370895920250408
0100000205108103411380000000000174900020250408
0100000206124900666620000000000219949220250408
0100000208601023520620000000000212831720250408
0100000209109001297900000000000131725020250408
0100000213101006942120000000000194675020250408
0100000214601023429460000000000202075020250408
0100000216125000005470000000000274100020250408
0100000219616020680940000000000080860920250408
0100000228624000023680000000000176759820250408
0100000232196059777610000000000190556020250408
0100000239101006966890000000000146341920250408
0100000240101302488750000000000254900020250408
0100000245124003585740000000000192750020250408
0100000246101007901450000000000066226120250408
0100000247602020083550000000001253950020250408
0100000250624000064440000000000481900020250408
0100000258601023435510000000000207879420250408
0100000261601023869600000000000159770420250408
0100000263602020107910000000000220550020250408
0100000265603020148700000000000242725020250408
0100000269601300021940000000000273575020250408
0100000272612020033350000000000211300020250408
0100000274601023395540000000000355850020250408
0100000278105007849280000000000190250020250408
0100000280603020198710000000000367269220250408
0100000281603020330410000000000769859820250408
0100000282601023321420000000000335900020250408
0100000288605100001000000000000222587620250408
0100000290124026443830000000000181975020250408
0100000291112100739430000000000190250020250408
0100000294116000062820000000000172155020250408
0100000295101606248260000000000179900020250408
0100000296116001723650000000000127584820250408
0100000298601023429110000000000214875020250408
0100000300124800189820000000000041440520250408
0100000302617020015440000000000217825020250408
0100000304601023435190000000000219048420250408
0100000311616020697670000000000282450020250408
0100000312601024484930000000000282750020250408
0100000314624000826120000000001297662420250408
0100000326601023395970000000000225884820250408
0100000328124043835290000000000606098320250408
0100000331609020017280000000000211300020250408
0100000332196065579310000000000194240020250408
0100000334601023437560000000000050959520250408
0100000335603020333780000000000199333220250408
0100000343601023306110000000000113275020250408
0100000344601023306110000000000330262320250408
0100000345601023448170000000000420650020250408
0100000346601023327700000000000921625020250408
0100000347616020310260000000000247775020250408
0100000348601023122060000000000080627320250408
0100000349616020036420000000000079557720250408
0100000352603020153290000000000181434820250408
0100000358124902078450000000000144100020250408
0100000359607020012520000000000022812520250408
0100000361601023046530000000000322084320250408
0100000362126003541540000000000281550020250408
0100000363601023366600000000000088292820250408
0100000373616020961360000000000063859820250408
0100000374616020512210000000000516950020250408
0100000377602010588630000000000068084820250408
0100000383601023237710000000000179037820250408
0100000385625000163280000000000250985820250408
0100000386601023048580000000000380089620250408
0100000388601023350520000000000271950020250408
0100000389103020865690000000000180200020250408
0100000391658000064970000000000213540320250408
0100000393103012460700000000000131500020250408
0100000395124903535240000000000245296720250408
0100000397101007902390000000000202725020250408
0100000398605020078420000000000068034820250408
0100000400124012186970000000000677684820250408
0100000406601500032180000000000078068920250408
0100000423601023398210000000000093009820250408
0100000426123001798470000000000141825020250408
0100000429616020735510000000000097178120250408
0100000438612020133730000000000223575020250408
0100000439601023179170000000000329800020250408
0100000442601023210190000000000710450020250408
0100000443116002862060000000000187750020250408
0100000444196016985300000000000115530020250408
0100000451616800008000000000000172225020250408
0100000462124017652890000000000026149720250408
0100000474196034300560000000000113250020250408
0100000478601023520030000000000138317820250408
0100000482616020717960000000000282900020250408
0100000485101005743450000000000029490520250408
0100000486616020817320000000000234946520250408
0100000487601200033680000000000163751220250408
0100000488109100027520000000000049306620250408
0100000489112006798000000000000142925020250408
0100000490101006828260000000000527275020250408
0100000495101008391290000000000208375020250408
0100000501116001149700000000000153539720250408
0100000503624001526370000000000101650020250408
0100000504101008447450000000000168877620250408
0100000507164001114360000000000050395020250408
0100000509103001641950000000000215450020250408
0100000514116200536460000000000205400020250408
0100000516102002326900000000000164235320250408
0100000519624000696830000000000519395720250408
0100000521601024202540000000000445375020250408
0100000522601024418120000000000187208220250408
0100000524107005624410000000000150125020250408
0100000525101007901610000000000204399020250408
0100000534109003411540000000000121025020250408
0100000540613020051860000000000325350020250408
0100000549196033371270000000000112625020250408
0100000552601024436610000000000407625020250408
0100000557601024194850000000000281500020250408
0100000562612020103070000000000268975020250408
0100000571608020092710000000000144450020250408
0100000572196004918380000000000310225020250408
0100000576101007088360000000000119898320250408
0100000577601024524150000000000307800020250408
0100000579116700184290000000000194962820250408
0100000584196064135650000000000121175020250408
0100000585601100129170000000000320131320250408
0100000586103003905320000000000096553720250408
0100000587102101320200000000000188350020250408
0100000588607001322440000000000165575020250408
0100000592602020134640000000000236516220250408
0100000595126003005480000000000097987120250408
0100000599123401628540000000000114050020250408
0100000601101007007080000000000029534020250408
0100000606101701430510000000000159896320250408
0100000608616020741910000000000247375020250408
0100000611101605198180000000000143900020250408
0100000618181000261070000000000119525020250408
0100000620196006614260000000000119875020250408
0100000622601024346700000000000139040020250408
0100000624108008148010000000000019569820250408
0100000627624100047380000000000123149520250408
0100000632624000486000000000000379575020250408
0100000633601023213450000000000122075920250408
0100000634616020521390000000000116359820250408
0100000635113000869980000000000233550020250408
0100000637601024428190000000000508975020250408
0100000640616020601820000000000211300020250408
0100000644601024294130000000000304700020250408
0100000646601024237760000000000148518420250408
0100000648604020009780000000000267225020250408
0100000654103003137550000000000190450020250408
0100000656601024480860000000000132342820250408
0100000657601024166640000000000226800020250408
0100000662612020034080000000000265500020250408
0100000663106002160850000000000160600020250408
0100000664601024520750000000000213392520250408
0100000665601700031080000000000243850020250408
0100000670124005121030000000000177650020250408
0100000671167000546290000000000121625020250408
0100000672658000108930000000000206475020250408
0100000674124014648780000000000124525020250408
0100000678108004692140000000000211300020250408
0100000690601023391200000000001339744620250408
0100000694601024484770000000000192550020250408
0100000697101008707930000000000196425020250408
0100000701601024521050000000000173025720250408
0100000704124801323760000000000041460320250408
0100000706601024434240000000000106782720250408
0100000707116001837100000000000041917820250408
0100000709624000215750000000000110883420250408
0100000718601024396720000000000321027020250408
0100000719116001463330000000000196780820250408
0100000723612020303160000000000286925020250408
0100000725601024346890000000000056184820250408
0100000726103001595400000000000190450020250408
0100000730124025937480000000000366475020250408
0100000732184000351720000000000166875020250408
0100000737102001765650000000000489950020250408
0100000743124800375810000000000141675020250408
0100000745624000037120000000000395144920250408
0100000751601024513380000000000284825020250408
0100000755601024488920000000000226375020250408
0100000756108102167390000000000338690120250408
0100000765601024383070000000000314425320250408
0100000775601024513460000000000218014020250408
0100000776101007004520000000000187896920250408
0100000781616020087170000000000222475320250408
0100000782624000002760000000000152690220250408
0100000792196063739930000000000150345020250408
0100000793108003714410000000000058798820250408
0100000797110002132790000000000029105420250408
0100000798601024439630000000000431870420250408
0100000799601024516050000000000200715120250408
0100000801601024102160000000000369200020250408
0100000806616010907460000000000465975020250408
0100000808196014752690000000000125505020250408
0100000809123005318090000000000110800020250408
0100000810119005990900000000000161406020250408
0100000815603020454300000000000288318420250408
0100000816607020036460000000000096934820250408
0100000818616011001480000000000258325020250408
0100000819124500186360000000000374254520250408
0100000821616010671240000000000149675020250408
0100000825601024503740000000000297917320250408
0100000834196031437440000000000192022220250408
0100000837601023827510000000000314575020250408
0100000848105000823320000000000192550020250408
0100000852616020739930000000000114359620250408
0100000855601023773320000000000231141220250408
0100000857601024287000000000000300150020250408
0100000865612020034400000000000187263820250408
0100000869196031457420000000000114675020250408
0100000872108100076050000000000094473820250408
0100000878124005615940000000000362925020250408
0100000884603020250650000000000123121820250408
0100000886120006043960000000000135575020250408
0100000889623020122290000000000208394520250408
0100000890601023222100000000000248171620250408
0100000891603000819440000000000259101720250408
0100000893615020006920000000000224100020250408
0100000908601024453970000000000335600020250408
0100000912616010651560000000000228459820250408
0100000913196067857130000000000161745020250408
0100000914125101576360000000000111555020250408
0100000916601024214200000000000623350020250408
0100000925101501160040000000000190450020250408
0100000928196042901830000000000064495220250408
0100000934116002794460000000000609950020250408
0100000940601024146880000000000531209820250408
0100000942103001459520000000000027200420250408
0100000945124008049760000000000357875020250408
0100000947108003513800000000000141475020250408
0100000948601024512730000000000291250020250408
0100000955111014197550000000000138400020250408
0100000956601024400930000000000251800020250408
0100000965196000294300000000000143600020250408
0100000966101016673900000000000020202620250408
0100000970102300501570000000000143150020250408
0100000971107004184300000000000140750020250408
0100000974601024520320000000000195083820250408
0100000982102009898750000000000207400020250408
0100000983112017459400000000000190450020250408
0100000985112021262410000000000257400020250408
0100000986101016033120000000000189825020250408
0100000990601024110260000000000023449720250408
0100000991616020269360000000000486975020250408
0100000995124101739370000000000036180520250408
0100000997605020078340000000000206225020250408
0100000999196040571780000000000107725020250408
0100001005616020735860000000000158251020250408
0100001007101315398390000000000155738720250408
0100001013112003677430000000000190450020250408
0100001018601024411970000000000496134820250408
0100001019116800116750000000000019130120250408
0100001020612020118340000000000239000020250408
0100001025196012492080000000000160000020250408
0100001026107000543600000000000024185920250408
0100001028616020567620000000000351875020250408
0100001031623020035800000000000359975020250408
0100001032601024457450000000000351125020250408
0100001033114007557660000000000131700020250408
0100001034196000731970000000000129600020250408
0100001038625000318580000000000263720620250408
0100001039124501182190000000000022793020250408
0100001044601024469890000000000252125020250408
0100001049601024107630000000000281234820250408
0100001053601012314900000000000201175020250408
0100001059124801332810000000000245568520250408
0100001061101006220350000000000298675020250408
0100001062603020200470000000000244809220250408
0100001063606020011100000000000227850020250408
0100001073124004041850000000000218675020250408
0100001081609020025110000000000266650020250408
0100001083616020217990000000000328250020250408
0100001086607000322660000000000245880120250408
0100001091125601634420000000000135125020250408
0100001093612020121480000000000235200020250408
0100001095103016680560000000000132700020250408
0100001097616020332820000000000460950020250408
0100001101101007902970000000000192550020250408
0100001102616020570680000000000268775020250408
0100001103196077730820000000000161085020250408
0100001106601024351380000000000390175020250408
0100001110601024403520000000000313600020250408
0100001115101007932100000000000038078620250408
0100001116101005820940000000000199100020250408
0100001123105101061660000000000204900020250408
0100001132601023555170000000000656734820250408
0100001133624000202260000000000269150020250408
0100001139604020014860000000000263575020250408
0100001149603020246620000000000153027620250408
0100001155601024228420000000000247438720250408
0100001156624000581850000000001330209820250408
0100001158601023472390000000000153355020250408
0100001163101006391540000000000036506320250408
0100001165101007008630000000000191500020250408
0100001168124007659630000000000244825020250408
0100001169111100210180000000000200775020250408
0100001170196025904920000000000130150020250408
0100001173601023456430000000000270825620250408
0100001184101008048530000000000197200020250408
0100001188601023436400000000000340900020250408
0100001191603020690890000000000337095620250408
0100001194601023756070000000000212943120250408
0100001196612020129030000000000363700020250408
0100001199601024513700000000000040968820250408
0100001203111200039840000000000214875020250408
0100001206101006922270000000000077354720250408
0100001209158003880100000000000150500020250408
0100001214601024522100000000000276217220250408
0100001216605020255810000000000392950020250408
0100001218601023361990000000000886843720250408
0100001229196029946030000000000112625020250408
0100001232196013312250000000000135457120250408
0100001237124013084390000000001298600020250408
0100001238116000569570000000000173002820250408
0100001239601023430040000000000186770420250408
0100001244601024459310000000000263737920250408
0100001248605020292180000000000396250020250408
0100001249612020454530000000000225342420250408
0100001267603020243520000000000123209820250408
0100001269184000037640000000000198075920250408
0100001275601023425630000000000319259120250408
0100001277614020046450000000000288700020250408
0100001281619020031920000000000332550020250408
0100001283612200010040000000000163584820250408
0100001288101006394710000000000090894320250408
0100001297625000080400000000000138453520250408
0100001300601024478020000000000153605920250408
0100001307601024510440000000000090325220250408
0100001312602020143630000000000306575020250408
0100001315116200184900000000000151326120250408
0100001322603020620170000000000269150020250408
0100001323601024500210000000000200895020250408
0100001333101008336910000000000024503920250408
0100001334603020200200000000000195775020250408
0100001338115002527640000000000197090020250408
0100001339114001517000000000000057292820250408
0100001341196072433240000000000441700020250408
0100001343601023395890000000000426175020250408
0100001346603020215150000000000211698120250408
0100001347103015689100000000000151255020250408
0100001353102001433810000000000090195520250408
0100001354603020226780000000000448175020250408
0100001358101007004490000000000052294020250408
0100001366603020332110000000000248459220250408
0100001372102009721090000000000082884820250408
0100001379602020095050000000000132259020250408
0100001383601024347600000000000261150020250408
0100001387105102293150000000000135775020250408
0100001388169000033530000000000025759320250408
0100001392105001863510000000000194256320250408
0100001393180001599190000000000147975020250408
0100001396103003125100000000000127375120250408
0100001397101007005590000000000199100020250408
0100001398101007599790000000000192550020250408
0100001403101007912830000000000196825020250408
0100001404601023529410000000000106529520250408
0100001408601023429540000000000208009820250408
0100001410603020248910000000000140927820250408
0100001411603020593420000000001236125020250408
0100001417624000587030000000000262030320250408
0100001419101007069220000000000169200220250408
0100001432601024460590000000000588515320250408
0100001446167000759670000000000087499520250408
0100001449601023436160000000000364750020250408
0100001453603020203900000000000509459520250408
0100001455108100267670000000000205900020250408
0100001458101006471460000000000144700020250408
0100001463609010515860000000000406987720250408
0100001465615020026950000000000163892120250408
0100001468624700008790000000000210949220250408
0100001469102002085720000000000099408320250408
0100001475196033602920000000000112625020250408
0100001484601011301710000000000410662720250408
0100001488601024526950000000000250334520250408
0100001489601023407140000000000188287020250408
0100001497616020898140000000000643239720250408
0100001502601024559020000000000096601120250408
0100001506601023436080000000000157001820250408
0100001517101010711800000000000417475020250408
0100001518601024460160000000000195806820250408
0100001524601024455590000000000523816720250408
0100001525601024523770000000000412325020250408
0100001527601024776980000000000261125020250408
0100001533161000422170000000000134350020250408
0100001537117007727650000000000145541920250408
0100001542105001658800000000000252133020250408
0100001545601023290100000000000441650020250408
0100001549616020767550000000000176368920250408
0100001554601023437720000000000301502720250408
0100001555124016877520000000000028092520250408
0100001563601024668900000000000421309820250408
0100001571601024233850000000000417539320250408
0100001580101007904910000000000121713920250408
0100001581601024454510000000000365977920250408
0100001582116000847410000000000097600720250408
0100001586114100365110000000000452000020250408
0100001592616020554990000000000525300020250408
0100001597601024154470000000000353228320250408
0100001599601023418340000000000173112520250408
0100001601110100466950000000000187850020250408
0100001602103004372460000000000241644020250408
0100001603610020085110000000000321150020250408
0100001607601024519660000000000371550020250408
0100001609605100001180000000000263150020250408
0100001610102001700790000000000071784820250408
0100001611610020029980000000000066209820250408
0100001612621020004050000000000220704720250408
0100001613610020049820000000000243876020250408
0100001619603020333190000000000317204120250408
0100001624124038784590000000000297875020250408
0100001625605100000450000000000157976820250408
0100001627603020255450000000000128542820250408
0100001628603020252000000000000453086720250408
0100001630601023770730000000000376850020250408
0100001633603020246460000000000087537820250408
0100001642103003126200000000000194675020250408
0100001646603020512950000000000338781920250408
0100001648101006500070000000000704349520250408
0100001649601023489950000000000099427620250408
0100001653105100073330000000000149760420250408
0100001654125001057560000000000288350020250408
0100001661101701746510000000000027683220250408
0100001663105001792290000000000040016420250408
0100001668604020033810000000000083984820250408
0100001676104003920930000000000062709520250408
0100001680601023433810000000000205825020250408
0100001681650000001090000000000097403820250408
0100001683116000898560000000000184925020250408
0100001693601023618270000000000100859820250408
0100001702624000139200000000000062348020250408
0100001708601024514780000000000392438320250408
0100001712102102776970000000000992270820250408
0100001716601024520910000000000325350020250408
0100001717101008699950000000000143590020250408
0100001725612100018260000000000226501520250408
0100001726605100000370000000000087517820250408
0100001727164001796140000000000012962420250408
0100001732102002834900000000000048434520250408
0100001736612020389880000000000084420020250408
0100001738117000205010000000000302859020250408
0100001739601024525040000000000279450020250408
0100001741196063109860000000000244405020250408
0100001743603020324870000000000241959820250408
0100001744601024515910000000000338938520250408
0100001747601024514940000000000145826820250408
0100001750103010928390000000000280722120250408
0100001751101016639380000000000241737620250408
0100001758601023430710000000000197122320250408
0100001762105101203590000000000193950020250408
0100001764616020785960000000000568625020250408
0100001766101007950720000000000047511720250408
0100001775101006861360000000000674950020250408
0100001785112005124330000000000044286420250408
0100001799614020079700000000000295875020250408
0100001801616020598850000000000491042720250408
0100001810601024477800000000000136500920250408
0100001826601024028170000000000200496720250408
0100001835112200821380000000000262576620250408
0100001838109100002590000000000053859220250408
0100001843618020012520000000000243299120250408
0100001844618020033870000000000131509820250408
0100001845618020040140000000000109917820250408
0100001846620020137420000000000294159820250408
0100001847118004615390000000000078984820250408
0100001849624000555340000000000033534820250408
0100001855108100107730000000000029213920250408
0100001856112007844100000000000049166320250408
0100001858101500916530000000000055956120250408
0100001863101013781000000000000421400020250408
0100001864612020149300000000000061009820250408
0100001867165001441730000000000061908220250408
0100001868105011608420000000000105630820250408
0100001869603020213960000000000281434220250408
0100001873124000110860000000000066036120250408
0100001875101007934850000000000190250020250408
0100001880164001571020000000000146525020250408
0100001886601024492950000000000182708120250408
0100001889123006012890000000000140050020250408
0100001894613020029340000000000142609820250408
0100001902696072294620000000000408675020250408
0100001911101106196110000000000297025020250408
0100001912108100105240000000000026933220250408
0100001921605100000290000000000290100020250408
0100001923601024477560000000000205400020250408
0100001931625000556920000000000277111620250408
0100001934109300523750000000000117187820250408
0100001938103002770080000000000036966220250408
0100001949196016133610000000000090423920250408
0100001951196074578550000000000114150020250408
0100001952101007941410000000000046844720250408
0100001953103003681370000000000049686120250408
0100001954124005536700000000000138650020250408
0100001960612020495050000000000551400020250408
0100001963601023430550000000000205915120250408
0100001966601023397320000000000398995620250408
0100001968603020252510000000000072484820250408
0100001970601024524580000000000290296620250408
0100001971603020255370000000000331625020250408
0100001975601024463850000000000410925020250408
0100001976625000054740000000000217640820250408
0100001980601023971800000000000128937120250408
0100001981103003141780000000000217367220250408
0100001987103007482100000000000408934820250408
0100002005102009835410000000000544675120250408
0100002009602010448890000000000357399420250408
0100002012103004411190000000000369994320250408
0100002027603020249130000000000251400020250408
0100002041624000457170000000000223690720250408
0100002042103003012330000000000124129720250408
0100002046124025407880000000000179325020250408
0100002047602020113130000000000040104220250408
0100002048179000240860000000000287457120250408
0100002061601024773100000000000453240720250408
0100002064601023427090000000000369879820250408
0100002066116001186880000000000025020520250408
0100002071116200605900000000000098443420250408
0100002072603020406920000000000258050020250408
0100002075601024518260000000000211990620250408
0100002076601023435000000000000192800020250408
0100002079101007979310000000000570275020250408
0100002080125000000130000000000234752320250408
0100002089612500033070000000000106596420250408
0100002090601024466280000000000144025820250408
0100002098101300972880000000000118339820250408
0100002106601024427890000000000806267620250408
0100002115601023767780000000000533584820250408
0100002119101007008500000000000013194820250408
0100002123616020489640000000000340745520250408
0100002126601023546930000000000551394620250408
0100002127103003993710000000000292117620250408
0100002129625000030050000000000360354720250408
0100002136601023428570000000000435175020250408
0100002141601024521640000000000226768420250408
0100002144116201217560000000000191250020250408
0100002151608020048300000000000497950020250408
0100002153614020046100000000000374175020250408
0100002157196032737410000000000349575020250408
0100002159616020696190000000000212126320250408
0100002165125000350880000000000137109820250408
0100002170124017784120000000000047934820250408
0100002182601024504390000000000638393020250408
0100002189602010438400000000000429968420250408
0100002191603020250300000000000040812020250408
0100002192116006982180000000000079750920250408
0100002194601023428140000000000401525020250408
0100002195124000000130000000000267000020250408
0100002202112003620490000000000189550020250408
0100002203106001375200000000000216347820250408
0100002205603020206080000000000943825420250408
0100002208110100302450000000000056906620250408
0100002213125001057430000000000170550020250408
0100002217101006819240000000000057456620250408
0100002218618020012790000000000158550220250408
0100002224602010573870000000000102075720250408
0100002225101006749570000000000151520920250408
0100002239196018583940000000000029235420250408
0100002240111001955750000000000452550020250408
0100002242115000985590000000000038513620250408
0100002245196028145770000000000073759620250408
0100002249101006887650000000000133414220250408
0100002250103002879620000000000910234820250408
0100002251101007088230000000000090636520250408
0100002252196007934940000000000011653420250408
0100002254116305486010000000000053478920250408
0100002255103003349700000000000881031620250408
0100002256601024527330000000000205400020250408
0100002257601024804600000000000041594220250408
0100002274625000500030000000000661550020250408
0100002277603200110030000000000382861720250408
0100002279601023561140000000000063128820250408
0100002286601024517960000000000600288520250408
0100002290601024248880000000000512210020250408
0100002291624001242770000000000129622020250408
0100002292601600079840000000000163460220250408
0100002297109001876060000000000147576520250408
0100002298601024523180000000000828323520250408
0100002299109001877870000000000080864820250408
0100002314108004070430000000000034160920250408
0100002315103200008190000000000171775020250408
0100002318601024739000000000000322409520250408
0100002320619020031250000000000083070920250408
0100002325601023884740000000000135544420250408
0100002327116000814300000000000266630220250408
0100002341119001204850000000000060834320250408
0100002348196027923330000000000194387720250408
0100002350603020250220000000000175234120250408
0100002355603020258200000000000454901220250408
0100002360603020217870000000000331895120250408
0100002362612200071770000000000294779920250408
0100002364124002780360000000000028402320250408
0100002372102002006640000000000450374520250408
0100002374111202129820000000000126150020250408
0100002378601024514350000000000031072220250408
0100002382602010537480000000000174475420250408
0100002383601024515400000000000059790820250408
0100002387196076248040000000000444600020250408
0100002395603020481380000000000291775020250408
0100002397101007938700000000000185400020250408
0100002398616020803290000000000482012820250408
0100002402601023435270000000000057758120250408
0100002403101007927290000000000216825020250408
0100002404603020251030000000000367806120250408
0100002406601023435430000000000267275020250408
0100002409601024511920000000000353984220250408
0100002424103003022290000000000094609820250408
0100002438116300012320000000000197675020250408
0100002442601023443880000000000269188920250408
0100002443625000003750000000000078878120250408
0100002448102002085560000000000023412120250408
0100002449621020048180000000000831959120250408
0100002452125000036120000000000021921220250408
0100002455196069511650000000000196830020250408
0100002456609020063120000000000724725020250408
0100002463123400595430000000000201154920250408
0100002464619020037960000000000175413620250408
0100002479601024515830000000000195472620250408
0100002485116000965770000000000041024020250408
0100002495616020755700000000000160876720250408
0100002497601023620760000000000479350020250408
0100002498603020253670000000000032134820250408
0100002502101009341500000000000112605620250408
0100002505101007902680000000000108800020250408
0100002509119000497570000000000192667320250408
0100002510601024512220000000000248362120250408
0100002512624000359240000000000101694320250408
0100002514601024041600000000000031968820250408
0100002519601024514430000000001107690420250408
0100002526601023536620000000001037390220250408
0100002527103003428230000000000017110420250408
0100002532601023396350000000000274912720250408
0100002537103002993320000000000050221320250408
0100002545601024547790000000000026483420250408
0100002547603020254990000000000313508520250408
0100002549124019084990000000000485800020250408
0100002550603020256340000000000566875020250408
0100002557118000319270000000000146501520250408
0100002560103003899090000000000048570920250408
0100002563124003361300000000000250000020250408
0100002564602010262320000000000315925020250408
0100002567601024581700000000001131169820250408
0100002571601024198090000000000153827920250408
0100002574603020484800000000000369900020250408
0100002577601023396270000000000900882320250408
0100002585124004949750000000000067479220250408
0100002588105002792420000000000221322320250408
0100002590616010837150000000000163333520250408
0100002593601023521350000000000416978620250408
0100002595603020402500000000000120595020250408
0100002597601024667420000000000287465620250408
0100002603616020732760000000000192409820250408
0100002607611020075090000000001957717620250408
0100002611601023819500000000000306025020250408
0100002616601023415240000000000267563620250408
0100002617613020054370000000000096234820250408
0100002625106006344890000000000102738120250408
0100002628102002085850000000000127942320250408
0100002635101017186890000000000143073620250408
0100002636124036996830000000000101674620250408
0100002639132004010070000000004048578620250408
0100002640110002447720000000000273474620250408
0100002641154000302290000000000109493620250408
0100002646602020112670000000000275550020250408
0100002648112005400940000000000019116320250408
0100002658101006980720000000000110688320250408
0100002666116001057980000000000187848720250408
0100002669602020115180000000000564860920250408
0100002670101007088360000000000125404120250408
0100002673103104678630000000000102947620250408
0100002679601023598220000000000863014920250408
0100002693101007006430000000000056651520250408
0100002694101007932360000000000122893420250408
0100002699613020033530000000000105409820250408
0100002701108100231840000000000065059520250408
0100002702167000690090000000000689125020250408
0100002709624000859800000000001311875020250408
0100002714611020144160000000000450850020250408
0100002716614020046370000000000216073320250408
0100002717101011128580000000000310502620250408
0100002718117000426600000000000079827020250408
0100002722106001608300000000000096353020250408
0100002726601023519610000000000045117720250408
0100002734102101243550000000000101221820250408
0100002738101006905910000000000137450020250408
0100002743196017894080000000000189350020250408
0100002744112003618910000000000144450020250408
0100002754102202117050000000000527229720250408
0100002764112003659780000000000218850020250408
0100002765603020284550000000000055928020250408
0100002768601024518770000000001322125020250408
0100002770624000096990000000000998288320250408
0100002773616020639470000000001277900020250408
0100002779123201576520000000000267210920250408
0100002781603020245220000000000419525020250408
0100002785601023408460000000001604150020250408
0100002788112003376470000000000045479020250408
0100002795616020739770000000000464983120250408
0100002796123400517450000000000184650020250408
0100002798601024522960000000000505125020250408
0100002808116200395760000000000096260020250408
0100002812601023567850000000000250024820250408
0100002815113001117110000000000120620320250408
0100002816601023429620000000000224218920250408
0100002819101017519050000000000037928820250408
0100002821101007943610000000000040279220250408
0100002822124005704910000000000135336020250408
0100002824108104366030000000000132175020250408
0100002832117000789060000000000138080820250408
0100002837601024662380000000000354638620250408
0100002841616020938110000000000813933020250408
0100002852115001050150000000000312358220250408
0100002856613020033960000000000260150020250408
0100002857601024507650000000000261025020250408
0100002859132002912330000000000771897520250408
0100002862601023427680000000000297011220250408
0100002866101301237670000000000226526320250408
0100002867602020127780000000000148254420250408
0100002869108003584480000000000187400020250408
0100002873602020163070000000000322444720250408
0100002878116000956040000000000150173720250408
0100002882103004422150000000000294425020250408
0100002886101007947980000000000019532220250408
0100002889601023517670000000000172584820250408
0100002890124005624250000000000028434820250408
0100002893101007016970000000000121467120250408
0100002897101007877210000000000135363620250408
0100002903116000932820000000000124616820250408
0100002910605020297300000000000537400020250408
0100002913101007928420000000000183440020250408
0100002915101007193910000000000065011920250408
0100002917124000226060000000000039172220250408
0100002922603020242390000000001668778020250408
0100002924611020076810000000000353243920250408
0100002925616020572540000000000639454120250408
0100002927601024872270000000000149977820250408
0100002929603020466740000000000144221020250408
0100002931601024524900000000001343646020250408
0100002932603020256260000000000321275020250408
0100002935125000003010000000000209950020250408
0100002937603020719700000000001179543920250408
0100002941601023702060000000000256201820250408
0100002947625000013040000000000810825020250408
0100002950124100345680000000000032340220250408
0100002953601024622240000000000288222920250408
0100002957601023434110000000000036397820250408
0100002958123000370730000000000023637820250408
0100002960101007007400000000000069206820250408
0100002967624001388980000000000168823420250408
0100002970603020246380000000000420329020250408
0100002981603020244410000000000993455620250408
0100002986601023434460000000000173986720250408
0100002995605020078930000000000493975020250408
0100002997134600012450000000000147798920250408
0100002999601024518850000000000486606720250408
0100003003109100248530000000000000159820250408
0100003005601024521130000000000298501520250408
0100003007107001916180000000000159825020250408
0100003011612020564710000000000235661320250408
0100003015605020076480000000000317825020250408
0100003018123400609010000000000156475620250408
0100003023603020439260000000000161618220250408
0100003032601024523850000000000301657320250408
0100003034101007016710000000000131128720250408
0100003037124003578760000000000172475020250408
0100003038606020036010000000000258040820250408
0100003043101007940280000000000190500020250408
0100003045101007007950000000000062908120250408
0100003048603020631960000000000272404420250408
0100003050109002198880000000000331220520250408
0100003058602020144520000000000379870720250408
0100003060601024525200000000000139198020250408
0100003064602010551710000000000442983520250408
0100003065601023456350000000001172281520250408
0100003068616020633190000000000143154720250408
0100003080124009767070000000000090171920250408
0100003084601024525710000000000105825020250408
0100003085601023437130000000000251325020250408
0100003089101007951400000000000157023120250408
0100003100610020157980000000000143043120250408
0100003104101007938960000000000018123320250408
0100003114103200013680000000000056061620250408
0100003116617020144410000000000212874820250408
0100003117617020034070000000000254784820250408
0100003118103200013710000000000055315120250408
0100003119613020032480000000000370550020250408
0100003120106001683790000000000013226620250408
0100003122123002441670000000000320858820250408
0100003123124000215000000000000068152020250408
0100003124601023662410000000000463403320250408
0100003130101007900350000000000059286820250408
0100003133107001754980000000000351750020250408
0100003147101020633200000000000186775020250408
0100003148625000002270000000000207534520250408
0100003150601023450820000000000391185420250408
0100003151126001202650000000000141680020250408
0100003152103003168590000000000234969320250408
0100003153103005028410000000000429150420250408
0100003163116000976280000000000198125020250408
0100003168601024654870000000000125675320250408
0100003173601023456510000000000193076320250408
0100003178103003254000000000000058761920250408
0100003181601024541910000000000652344620250408
0100003182103003343360000000000388050020250408
0100003195603020282770000000000295800020250408
0100003197602020126460000000000152664920250408
0100003201616020653110000000000203975220250408
0100003203601024548250000000000083621920250408
0100003215601023457400000000000470400020250408
0100003216601024548840000000000055610720250408
0100003218601023457670000000001042126920250408
0100003221603020345280000000000450859820250408
0100003225110002316170000000000117611120250408
0100003229601023446550000000000567675020250408
0100003231601024852590000000000037957120250408
0100003233601023482190000000000124199520250408
0100003241601200011360000000000452486220250408
0100003245616700071190000000000307682720250408
0100003249601023600730000000000189170320250408
0100003250601023455540000000000615928920250408
0100003267601024744190000000001092761520250408
0100003273118000470760000000000311139520250408
0100003277610020048850000000000134411620250408
0100003283126000877930000000000273438820250408
0100003291101021629170000000001719875020250408
0100003292625000026610000000000228626320250408
0100003294624000351500000000001061558220250408
0100003295609020105650000000000272225020250408
0100003303601024539770000000000338400020250408
0100003308601024564880000000000269417920250408
0100003309601024545580000000000333995020250408
0100003314101007943290000000000048250720250408
0100003315601023531900000000000158061720250408
0100003316601023451390000000000125943820250408
0100003322601023906490000000000039904220250408
0100003323124012688120000000000182923620250408
0100003326107001780550000000000256605720250408
0100003331603020484560000000000465142720250408
0100003334601023905250000000000848235120250408
0100003336116100506100000000000086134820250408
0100003337601024564960000000000014682720250408
0100003342196014387650000000000208783620250408
0100003344101007137950000000000044729720250408
0100003347607000247860000000000477389620250408
0100003352613020033700000000000337532120250408
0100003354601024542560000000001212759720250408
0100003356103003229820000000000045629220250408
0100003357616020907150000000000352485220250408
0100003364196060683680000000000166575020250408
0100003366602020128910000000000252275020250408
0100003368116001149960000000000237909820250408
0100003372603020331490000000000238126620250408
0100003374603020285280000000000782006720250408
0100003375602020132190000000000402325020250408
0100003376132003044920000000000161212320250408
0100003377603020366010000000000500710920250408
0100003380601023910090000000000022695720250408
0100003387611020121540000000000191875020250408
0100003396196065439410000000000262865220250408
0100003404116000776480000000000174328720250408
0100003407601023695340000000000124987320250408
0100003408116001001880000000000034871720250408
0100003413624000799300000000000128395120250408
0100003423103003227170000000000117798720250408
0100003424116004935780000000000046785320250408
0100003425603020485290000000000244150020250408
0100003430120000697240000000000211100020250408
0100003437101101637430000000000139275020250408
0100003438601024554730000000000231552220250408
0100003439117001065770000000000095825020250408
0100003441605020155270000000000185734820250408
0100003447607000547900000000000361084820250408
0100003450127000989860000000000044360620250408
0100003452603020400480000000000980476120250408
0100003457116001002430000000000021182920250408
0100003465120000849160000000000585658120250408
0100003469107003464050000000000261836920250408
0100003480112005053690000000000541740720250408
0100003485616200259380000000000100816820250408
0100003490124004998990000000000183675020250408
0100003494601023560680000000000283333620250408
0100003498616020700480000000000319788620250408
0100003504123000062080000000000097610120250408
0100003505601024570850000000000167453420250408
0100003507625000003910000000000246474920250408
0100003509612020177000000000000497200020250408
0100003513601024546470000000000549500020250408
0100003514624000373900000000000593091320250408
0100003521601023644940000000000674688320250408
0100003526101006844000000000000337992420250408
0100003527601023461940000000000435867620250408
0100003528601023725510000000000200185620250408
0100003531116001544190000000000190982220250408
0100003533624000207490000000000362942520250408
0100003541196048537400000000000104425020250408
0100003542604020027840000000000320394620250408
0100003543614010602070000000000270062920250408
0100003553601024571820000000000567312520250408
0100003558601023463210000000000302544820250408
0100003562603020289510000000000112400720250408
0100003564101201140800000000000468996120250408
0100003569612020172550000000000484723120250408
0100003571601023520700000000000186499520250408
0100003572605020093810000000000250434820250408
0100003577616020668300000000000217178720250408
0100003578616020736240000000000339645320250408
0100003579603000823120000000000408086920250408
0100003580603020289860000000000268500020250408
0100003583632000036440000000000388424720250408
0100003589612020390030000000000187018420250408
0100003590119001169520000000000094864220250408
0100003591616020680350000000000253650020250408
0100003597102002581110000000000143532620250408
0100003601113001987180000000000154550020250408
0100003602119000548780000000000038999520250408
0100003603601024567120000000000383667220250408
0100003609107002045500000000000048558420250408
0100003610107002079260000000000097150720250408
0100003612103003291920000000000178291020250408
0100003613601023692240000000000297356120250408
0100003623616020674380000000000360716320250408
0100003625117003780170000000000043584520250408
0100003626101007926640000000000053992620250408
0100003627101007919790000000000126438120250408
0100003628601024660170000000000098692920250408
0100003630603020354510000000000186225020250408
0100003636624000052510000000000174050120250408
0100003649101007932230000000000372725020250408
0100003653108004328430000000000311109820250408
0100003664624000302640000000000274747520250408
0100003666101106075130000000001003083920250408
0100003672616020672920000000000556200020250408
0100003678101007457210000000000054425920250408
0100003681603020301150000000000384409720250408
0100003689616020778080000000001118134620250408
0100003701601500002270000000000127362320250408
0100003702106102537500000000000031279720250408
0100003704616020659070000000000155550020250408
0100003707102002199140000000000204808720250408
0100003708616020818210000000000345800020250408
0100003709101007943450000000000178590320250408
0100003710601023710160000000000195505020250408
0100003712101017790840000000000176170020250408
0100003714601024574760000000000086721720250408
0100003715601024650290000000000086798520250408
0100003716624000509580000000000485375020250408
0100003719609020084630000000000740784520250408
0100003725119000577490000000000357123920250408
0100003730601024577510000000000171055520250408
0100003736616600083840000000000146913520250408
0100003738109006340360000000000074290720250408
0100003741613020035580000000000261999520250408
0100003746107002420200000000000106440520250408
0100003749105001831500000000000144450020250408
0100003757617020035980000000000192087020250408
0100003761601023481540000000000323475020250408
0100003763616020895470000000000252505820250408
0100003764601023540810000000000063361120250408
0100003768601024621000000000003662960220250408
0100003779601023483400000000000484150020250408
0100003784601024584210000000000211646220250408
0100003785101501923320000000001909767020250408
0100003788616020733810000000000134802320250408
0100003792115400880800000000000190100220250408
0100003795601023610530000000000655681320250408
0100003802603020474250000000000123571720250408
0100003804116001045950000000000319750020250408
0100003810605100000880000000000414100020250408
0100003812124000065410000000001594321620250408
0100003813601023710910000000000154514920250408
0100003814601023681550000000000086284020250408
0100003816616200143590000000000161476320250408
0100003824601100020590000000000269101120250408
0100003826603020487580000000000054658620250408
0100003827601024028330000000000390475020250408
0100003828101007924310000000000252250020250408
0100003829603020316420000000001711822220250408
0100003831196024930380000000000031590620250408
0100003839601023548120000000000163399620250408
0100003844601024804430000000000422322720250408
0100003845120000552620000000000191275020250408
0100003849601024590450000000000381529820250408
0100003851601024586850000000000386275020250408
0100003854103003488300000000000000000020250408
0100003855101007949470000000000072288020250408
0100003856601023523990000000000087959120250408
0100003860601024590290000000000556175020250408
0100003861616020689140000000000358584820250408
0100003865124000190170000000000340745120250408
0100003869601024579640000000000563553120250408
0100003876603020365980000000000150877420250408
0100003884121000055710000000000037992520250408
0100003886101502540760000000000129628920250408
0100003887124000035860000000000057106520250408
0100003892612020700080000000000087579320250408
0100003899623020245880000000000329275020250408
0100003902621020005020000000000350691820250408
0100003903616020969850000000000292751520250408
0100003904601023484560000000000186281320250408
0100003907601024768100000000001160875120250408
0100003912601024608330000000000201846320250408
0100003925125000035990000000000049000920250408
0100003932125000101970000000000038488120250408
0100003941107101643310000000000198744120250408
0100003954608020061750000000002763844320250408
0100003955608020150850000000000572885920250408
0100003956609020089350000000000788870320250408
0100003959610020050080000000000260922520250408
0100003968625000002510000000000128275020250408
0100003972113001262720000000000176125020250408
0100003974618020023050000000000053434820250408
0100003986103003267680000000000232267820250408
0100003987101010753220000000000261825020250408
0100003989616020694490000000000511375020250408
0100003992603020308910000000000168002320250408
0100003994603020309130000000000678509820250408
0100004002113001903180000000002394600720250408
0100004006116001156810000000000878685720250408
0100004007601023515380000000000450742820250408
0100004014616010638200000000000157834820250408
0100004017603020319870000000000460120020250408
0100004020601023690970000000000156527020250408
0100004021601023509140000000002698882820250408
0100004027601024638910000000000318526620250408
0100004028616020710600000000000592250020250408
0100004030632000064650000000000096451920250408
0100004034113002003050000000000028708820250408
0100004035616020746040000000000123246120250408
0100004038609020107000000000000424481620250408
0100004039616010667130000000000303663620250408
0100004040111003172850000000000207019220250408
0100004041121000931980000000000142359420250408
0100004046101007495490000000000461530420250408
0100004047603020311700000000001604503420250408
0100004048603020311620000000002155074620250408
0100004050601024165830000000000012233520250408
0100004054109003166130000000000136375020250408
0100004060601023565210000000000075528720250408
0100004065606020015790000000000099842820250408
0100004073196062957370000000000273850020250408
0100004077620020047190000000000594275020250408
0100004081601023944070000000000087340420250408
0100004084603020320290000000000641709220250408
0100004087101007940310000000000077184320250408
0100004088163000252500000000000207194820250408
0100004093104002725110000000000053203220250408
0100004097103003283970000000000103120320250408
0100004099107001608980000000000531075020250408
0100004103616020699290000000000165842620250408
0100004104616020699100000000000419134320250408
0100004109103003637340000000000108012220250408
0100004114196000001650000000000138700020250408
0100004118601024824540000000000062248420250408
0100004122602020149240000000000140926120250408
0100004125127800143130000000000025232720250408
0100004129601023792030000000000086282120250408
0100004132101007493030000000000022837620250408
0100004133103004257820000000000050156920250408
0100004146610020049580000000000033813320250408
0100004152120002469030000000000172650020250408
0100004157107001906770000000000259849220250408
0100004160609020205950000000000039978220250408
0100004161196002997870000000002389736720250408
0100004165101007946750000000000142908220250408
0100004166601024821950000000000188459420250408
0100004167601024622320000000000601030020250408
0100004172601024234660000000000168250520250408
0100004175107001912810000000000194755820250408
0100004180116001106990000000000049173120250408
0100004185624000097100000000000298275020250408
0100004190101007931130000000000065158820250408
0100004198107002431680000000000035922520250408
0100004199108003833870000000000217270620250408
0100004205102312822700000000000137764720250408
0100004210601024973700000000000193106220250408
0100004217608020078800000000000036377120250408
0100004218108003917640000000000103417320250408
0100004219109002484350000000000229603720250408
0100004221612020208840000000000953951220250408
0100004222618020040730000000000176484420250408
0100004229603000840210000000000055350920250408
0100004235116001350140000000000126113220250408
0100004239116100589840000000000801410620250408
0100004241105002678430000000000212962120250408
0100004243125000036250000000000141400020250408
0100004247116200509820000000000108749820250408
0100004250107002011840000000000495475220250408
0100004253107001926620000000000187177420250408
0100004254107006505020000000000023711320250408
0100004257101007934720000000000179575020250408
0100004261124005219870000000000043212220250408
0100004264603020376590000000000157210820250408
0100004265103003343650000000000134050020250408
0100004267196023959080000000000210500020250408
0100004269101007611160000000002883967020250408
0100004270116002544740000000000028487920250408
0100004278624000449150000000000256827920250408
0100004280116001118890000000002309448020250408
0100004284616010880670000000000093532320250408
0100004285603020482940000000000062462520250408
0100004295112005373660000000000053231120250408
0100004298601024069520000000000314429420250408
0100004299116002625630000000000390130120250408
0100004300602020174940000000000069972520250408
0100004301601023511390000000001278300020250408
0100004305602010441700000000000247881020250408
0100004307196034658680000000000104600020250408
0100004308107001937710000000001786406520250408
0100004315101301380370000000000223540820250408
0100004318157000392750000000000106025020250408
0100004320601024650100000000000123899620250408
0100004322603020332620000000002836359320250408
0100004323603020332540000000000687449020250408
0100004324124003168460000000000085218220250408
0100004325623020115240000000000201903220250408
0100004326103003336380000000000046799820250408
0100004332601024797550000000000476082420250408
0100004337623020039120000000000347250620250408
0100004339624700016460000000000208501720250408
0100004340601023527120000000000292310620250408
0100004342101007905850000000000041676120250408
0100004343102002395700000000000147039020250408
0100004344603020334590000000000058292720250408
0100004345101007904330000000000179320620250408
0100004346116008122010000000000049748520250408
0100004350603020417610000000000471216120250408
0100004353614020118030000000000081222020250408
0100004355120000656210000000000067879720250408
0100004356616020961280000000000423825020250408
0100004357132004472100000000000049640320250408
0100004362101020022390000000000583423820250408
0100004363101007931710000000000016748320250408
0100004365601024622670000000000999454620250408
0100004374124000047890000000000213625020250408
0100004382602020155300000000000824226120250408
0100004383603020336610000000000244334720250408
0100004388624000426450000000000061023920250408
0100004389601024673310000000000096588920250408
0100004391101007948530000000000116109320250408
0100004392601024679350000000000283703920250408
0100004393107001960530000000000209446720250408
0100004398611020254180000000000965540020250408
0100004404601024841630000000000438980520250408
0100004405107001964060000000000252040720250408
0100004410601024804780000000000236866420250408
0100004414616020816430000000000232234820250408
0100004427601024679430000000000187184720250408
0100004429608020069650000000000457164820250408
0100004434624001673910000000000242266220250408
0100004438107003494600000000003553462720250408
0100004442612020710800000000000419106620250408
0100004443107300094960000000000055624020250408
0100004448101007946330000000000137400020250408
0100004450601023627340000000000736208420250408
0100004451601023561060000000000386629020250408
0100004454601024633280000000002332494020250408
0100004473603001079860000000000283289220250408
0100004474624000599470000000000582275020250408
0100004476102200521970000000000343647920250408
0100004477103200303710000000000190250020250408
0100004478623020046920000000000287551120250408
0100004485101013830140000000000004918420250408
0100004489601024626150000000000202578420250408
0100004499603020340210000000000602840520250408
0100004501624000004200000000001666122120250408
0100004503101016051030000000000133440120250408
0100004504124011910600000000000131075020250408
0100004506601024841550000000000432555420250408
0100004507116100816760000000000073579320250408
0100004510609020117070000000000085850620250408
0100004511613020043500000000000546134820250408
0100004512132003009170000000000048276820250408
0100004517601024754580000000000080834820250408
0100004518624000433230000000000210350220250408
0100004522181000010410000000000644569420250408
0100004528603020416720000000000314412720250408
0100004533124007670130000000000547125020250408
0100004535602020159120000000000713209820250408
0100004546109002539670000000000655950020250408
0100004547609020186550000000000153301420250408
0100004554614020082170000000000431298320250408
0100004555115001821480000000000088383220250408
0100004556127000990400000000000339080520250408
0100004558601024836980000000002152298320250408
0100004560603020354000000000000761749520250408
0100004562101007949760000000000135211720250408
0100004564118000354730000000000136375020250408
0100004565106100018920000000000021445020250408
0100004566613020043410000000000577665220250408
0100004567101008260510000000000019799320250408
0100004569113200842620000000000867378720250408
0100004574601024650880000000000384242620250408
0100004576101007621020000000000047550720250408
0100004577601024797390000000000204356820250408
0100004578124005392540000000000105651720250408
0100004583604020038610000000000253750020250408
0100004584101007941250000000000047697420250408
0100004586601024670130000000000596563520250408
0100004587101020674810000000000186828820250408
0100004591120000671950000000000060226220250408
0100004601601024641110000000000427167220250408
0100004602601023609790000000000089709820250408
0100004604601024686990000000000344242420250408
0100004606601023561650000000000287951620250408
0100004607105101132430000000000046194620250408
0100004608108004204860000000000038930920250408
0100004609604020084990000000000056218120250408
0100004610624400012490000000000074559120250408
0100004612120002284970000000000215019420250408
0100004615109300164500000000000025575220250408
0100004624101007938120000000000009338520250408
0100004625601023519290000000001410676720250408
0100004628603020482430000000001398600520250408
0100004630603020363690000000000825013420250408
0100004632101701428870000000000184925020250408
0100004634101007931680000000000069420020250408
0100004639103103168040000000000160699620250408
0100004642611200024910000000001037090020250408
0100004643608020076780000000000588532520250408
0100004656101017194840000000000255797420250408
0100004657601024740950000000001294872420250408
0100004659116001169490000000000334595920250408
0100004663102002739890000000000261717120250408
0100004665605200090020000000000111946820250408
0100004667107002008000000000000376667820250408
0100004669604020035860000000000279659420250408
0100004685111101067840000000000159956420250408
0100004690102002390040000000000154750020250408
0100004691615020064880000000000269125020250408
0100004694101007539590000000000057020220250408
0100004695108004149130000000000480440020250408
0100004696108013242190000000000433800020250408
0100004703101007899490000000000045089220250408
0100004706606020043650000000000173753820250408
0100004708120000705060000000000026503620250408
0100004709114001544770000000000167075020250408
0100004710607020220120000000000239745020250408
0100004711119000759960000000000031232220250408
0100004719103003464180000000000257931320250408
0100004720132003112520000000000664058820250408
0100004726624000661700000000000000000020250408
0100004729121000190750000000000253247820250408
0100004734627000104390000000000032065620250408
0100004735618020040300000000000160685920250408
0100004746107002015530000000000171011220250408
0100004749107002377920000000000284579320250408
0100004755196024143450000000000444793420250408
0100004756616020815970000000000112067420250408
0100004759601024684270000000000275273920250408
0100004760107002019350000000000283927720250408
0100004761107002019220000000000319925020250408
0100004763624000617040000000000135241420250408
0100004764623020082300000000000195900020250408
0100004768124014567500000000000110241320250408
0100004770616020960120000000000320443520250408
0100004773601024058320000000000138978320250408
0100004774601023582570000000000232066120250408
0100004775116001202100000000000098315220250408
0100004777624000137850000000000118965420250408
0100004784196044180840000000000178089320250408
0100004786601023540730000000000130977520250408
0100004787616020801910000000000240643120250408
0100004791601024751050000000000944538220250408
0100004794111003559330000000000014321020250408
0100004801116200572570000000000073670520250408
0100004814601023571370000000000969919720250408
0100004815624000026190000000000177802620250408
0100004822601024691560000000000129897120250408
0100004823624000014180000000000386136520250408
0100004824601023659380000000000225651620250408
0100004826601023721520000000001551667820250408
0100004830101007720370000000000032527620250408
0100004831621020053420000000000309950020250408
0100004832609020068000000000001186590020250408
0100004840116001313480000000000715093420250408
0100004841101007947720000000000134333020250408
0100004846116001206630000000000001504320250408
0100004850624000763450000000000242240220250408
0100004851623020004410000000002387757820250408
0100004853101019978530000000000151105120250408
0100004854116021014600000000000029772920250408
0100004856196052375800000000000042480020250408
0100004858117000981190000000000080045420250408
0100004859104003920480000000000107449420250408
0100004860601023704780000000000161544820250408
0100004861101007899780000000000094687820250408
0100004863101200462420000000000496622020250408
0100004865111200023540000000000269825020250408
0100004873620020064790000000000792300020250408
0100004879103013946340000000002118219820250408
0100004880107002034830000000000687547120250408
0100004887624000705920000000000649469820250408
0100004888632000091970000000000132040820250408
0100004889601024805080000000000172732020250408
0100004891601023583700000000000075193320250408
0100004892601024754070000000000175212720250408
0100004896103017368490000000000490375020250408
0100004898101600987790000000000218900020250408
0100004899601023566960000000000164798920250408
0100004901601024802490000000000431453820250408
0100004903601023563430000000000363017120250408
0100004905602020156450000000002484625920250408
0100004909109002627960000000000020115220250408
0100004914610100054960000000000083072920250408
0100004918616020856650000000000704421020250408
0100004920101007944130000000000160076520250408
0100004921101007945520000000000904685720250408
0100004933103003679920000000000024346920250408
0100004934116001240960000000000011478020250408
0100004948110002595630000000000264375020250408
0100004949601024740790000000000804546220250408
0100004950601023584190000000000288330020250408
0100004951603020621650000000000576707820250408
0100004952603020615500000000000433202020250408
0100004956601024666290000000002436681320250408
0100004960101007777150000000000260561020250408
0100004963601024713390000000001238336420250408
0100004966101020031600000000000098005720250408
0100004974632000075000000000000212232720250408
0100004977101007930740000000000146300020250408
0100004982116100849610000000000075185020250408
0100004984196023992740000000000028922420250408
0100004994102301923450000000000132438220250408
0100004997611020245350000000000060877820250408
0100004998621020050160000000000085338520250408
0100005001124000105370000000003230970520250408
0100005003609020118200000000000366894620250408
0100005006120000680260000000000016280420250408
0100005014601024866030000000000212615620250408
0100005015601024759620000000000258300020250408
0100005018616010612900000000000551516320250408
0100005020104003920640000000000111270820250408
0100005021102001972430000000000050320320250408
0100005026611100018750000000000206337120250408
0100005028601024668580000000000489625020250408
0100005030101008154310000000000369800020250408
0100005036124008107400000000000159147120250408
0100005043124021506600000000000024042320250408
0100005045123005656970000000000021734820250408
0100005046101007926800000000000179626520250408
0100005056101600865740000000000036950520250408
0100005057617020189270000000000088359720250408
0100005062125000036700000000000143675020250408
0100005065618020030000000000000267727220250408
0100005078601023605610000000000317046020250408
0100005087601024682490000000000210975020250408
0100005091109301032660000000000238524120250408
0100005100116200562160000000000083109820250408
0100005102196036334310000000000239250020250408
0100005104613020053050000000000472324720250408
0100005109613020053210000000000197776720250408
0100005112103200315450000000000222613420250408
0100005119103003450110000000000497995720250408
0100005120601200005040000000000152179720250408
0100005124616020819960000000000301669120250408
0100005125101702234340000000000155150020250408
0100005126116701650000000000000039252920250408
0100005128601024737570000000000008205620250408
0100005134132004669450000000000088264520250408
0100005139110002631800000000000044152120250408
0100005143609300011170000000000704795420250408
0100005148624001076310000000000017508720250408
0100005149124300170510000000000133500320250408
0100005150102002235860000000000066732920250408
0100005153110002648200000000000047184320250408
0100005157607020111770000000000010720620250408
0100005163101007947690000000000156704820250408
0100005164601024863010000000001266661220250408
0100005167116101068070000000000169611420250408
0100005168601024717540000000002283606820250408
0100005170114001109610000000000170424920250408
0100005178101007948400000000000104185320250408
0100005179101007936050000000000188875020250408
0100005182124000465140000000000023139720250408
0100005183601023563350000000000864828120250408
0100005187111100362230000000000139325020250408
0100005190110003095230000000000074378320250408
0100005192103102234760000000000111636720250408
0100005193110100761990000000000034606820250408
0100005195125000042680000000000162250020250408
0100005201601023606850000000000194562820250408
0100005210601023664110000000000230250020250408
0100005211624001062790000000000558971720250408
0100005215603020397830000000000163943920250408
0100005216603020399290000000000137876320250408
0100005217117004097790000000000290726220250408
0100005220109002697730000000000332794220250408
0100005232601023673610000000000197703120250408
0100005233601024814660000000000033593120250408
0100005234608020150770000000000822639120250408
0100005241604020053760000000000107269320250408
0100005243108102540890000000000336257220250408
0100005251603020421800000000000179381820250408
0100005255121300642370000000000115367720250408
0100005259616020848200000000000236869820250408
0100005260601023666590000000001268520020250408
0100005267106001698440000000000040633820250408
0100005268113007931390000000000495015420250408
0100005270120001134630000000000459481120250408
0100005271113004081940000000000194630120250408
0100005278117000769080000000000131175020250408
0100005289601024844220000000000112742020250408
0100005298609020127030000000000127846420250408
0100005299601023725940000000000230041120250408
0100005307116201140190000000000202495620250408
0100005309124000298870000000000750511920250408
0100005310601023588340000000000426783420250408
0100005311601024693770000000001845030320250408
0100005316125601312120000000000269212820250408
0100005318601024699380000000000124930420250408
0100005319601024724590000000000912322120250408
0100005329101007904750000000000263502420250408
0100005331123401134920000000000140827320250408
0100005335101016795950000000000037635020250408
0100005342621020094880000000000641065020250408
0100005343601024703670000000000482523820250408
0100005348123000203810000000000084228820250408
0100005350601024721650000000003126691420250408
0100005351103003229370000000002111262920250408
0100005354126001265150000000000222090020250408
0100005355132001005020000000000148206320250408
0100005373604200015490000000000318755620250408
0100005376623020120080000000000213287220250408
0100005378623020007000000000000307727220250408
0100005384603000822660000000000047682620250408
0100005385101007947300000000000091858920250408
0100005388602020200020000000000211950020250408
0100005389602200005570000000000209373920250408
0100005392601023734260000000000480246020250408
0100005393601024743110000000000523171720250408
0100005406101007939640000000000019074720250408
0100005407601025153520000000000211760020250408
0100005432101007921720000000000035814920250408
0100005438196023284960000000000107315520250408
0100005439124015909880000000000171362120250408
0100005443124005421310000000000066640220250408
0100005444101007945940000000000125599720250408
0100005445101007947850000000001600288720250408
0100005446124900734350000000003300717120250408
0100005453601023617460000000000878582720250408
0100005455125000002750000000000159117620250408
0100005457602010477560000000000879030220250408
0100005463618020040490000000000151916120250408
0100005468613020062470000000000293033520250408
0100005478103003681400000000000184925020250408
0100005491602020175080000000000319651520250408
0100005492616020865560000000000300948920250408
0100005500601024759110000000000007365720250408
0100005501601023702650000000000174925020250408
0100005504112202497640000000001524496920250408
0100005521609020186470000000004700396020250408
0100005523601023594070000000000162940220250408
0100005528603020427920000000002896828320250408
0100005529603020424820000000002676153920250408
0100005531601024759460000000000201877520250408
0100005534624000102710000000000060755220250408
0100005537101502084620000000000263486020250408
0100005539625000004050000000005522292920250408
0100005541105002679790000000001539786120250408
0100005545101007950140000000000020986820250408
0100005546101007888850000000001208300320250408
0100005548107002159050000000000145100020250408
0100005549107002158950000000000059996820250408
0100005550101007901900000000000095516920250408
0100005553601024747290000000000329905120250408
0100005557116001361650000000000089649320250408
0100005558624000157100000000000060690820250408
0100005562601024755980000000000302052120250408
0100005563101007953570000000000128258220250408
0100005564624000051110000000000517649320250408
0100005565601023611850000000000629206120250408
0100005569118000448200000000002009419320250408
0100005575611020247640000000000240885220250408
0100005579107002165350000000000016034720250408
0100005581601024743030000000000117230320250408
0100005588107200010540000000000369067320250408
0100005589101007953310000000000260595420250408
0100005603116100760500000000000202243920250408
0100005605124021487370000000001546915020250408
0100005606103003681240000000000136890620250408
0100005614601024859680000000000025329220250408
0100005615101007932780000000000211150020250408
0100005617109002736620000000000266175020250408
0100005622116001309380000000000307094020250408
0100005623102002439480000000000160125020250408
0100005624116101383540000000000054718020250408
0100005626102100790570000000000445750020250408
0100005627625000052020000000000023052220250408
0100005630601024737140000000000317763320250408
0100005631601024807530000000000165900020250408
0100005642101200620770000000000260780220250408
0100005645135200145330000000000079839120250408
0100005647624000089600000000000286125420250408
0100005648601024796230000000000074068420250408
0100005650601024777520000000001474562220250408
0100005651106001937000000000000195735220250408
0100005652196024953630000000000781961820250408
0100005653601500072050000000000351675020250408
0100005656601023715390000000000346500020250408
0100005659116100978510000000000809807320250408
0100005660101007953020000000000151634920250408
0100005665101007904170000000000043027720250408
0100005666601024809580000000000208543020250408
0100005670101007807860000000000345009720250408
0100005673603020411170000000000274255420250408
0100005675101007944000000000000211353720250408
0100005679603020435350000000000143035720250408
0100005683601024766320000000000023899820250408
0100005685601024766400000000000122392520250408
0100005697624000133350000000000152058620250408
0100005698601024805750000000000526125020250408
0100005699101007943030000000000122425020250408
0100005700663000003070000000000471725020250408
0100005704103003562330000000000437266820250408
0100005705601023624320000000000382245620250408
0100005706616020892610000000000110603420250408
0100005708101605176740000000000112448720250408
0100005713601023655980000000000016647920250408
0100005714612020484360000000000448948220250408
0100005715103003575040000000000461621120250408
0100005717116006176420000000000170763120250408
0100005719610020063730000000001049038520250408
0100005724125000003430000000000023881220250408
0100005730624000706810000000000069720420250408
0100005732603020435940000000000558614320250408
0100005736109200008480000000000019779420250408
0100005751615010277320000000000222067420250408
0100005753116100763510000000000055061420250408
0100005755124007283820000000000039307520250408
0100005760613020065300000000000079726020250408
0100005761108004421210000000000084100020250408
0100005763116001407240000000000061775920250408
0100005764601700007530000000000134737620250408
0100005765611020215790000000000644487120250408
0100005766601023737520000000000376115020250408
0100005772101007945230000000000076889320250408
0100005773101102690290000000000120715820250408
0100005774606100095160000000000082700020250408
0100005777124004635530000000000102025120250408
0100005780603020415320000000000360476720250408
0100005782601023616490000000000082744720250408
0100005783101007953730000000000762033820250408
0100005787603020504340000000000789679620250408
0100005791602020193650000000000201190120250408
0100005795101007940860000000000065436620250408
0100005798101007930320000000000169475020250408
0100005801119000946500000000000232710720250408
0100005803625000119030000000000185132320250408
0100005804104003921740000000000648791320250408
0100005807106100076500000000000217409820250408
0100005808606020181020000000000508065020250408
0100005810603020434110000000000172993620250408
0100005813116100740810000000000120064920250408
0100005828101202583990000000000054370820250408
0100005831107002210830000000000137050020250408
0100005832605100000530000000000189800420250408
0100005835613020059250000000000162197320250408
0100005836107001808100000000000059106520250408
0100005844111004052070000000000125560020250408
0100005846601024766240000000000060756020250408
0100005847107002343420000000000121514120250408
0100005850124300679330000000000430700020250408
0100005856104008820820000000000319185020250408
0100005861614020118110000000000473066320250408
0100005863111004053170000000001354530020250408
0100005864109300002620000000000740823920250408
0100005865101101900750000000000493414320250408
0100005866601023641840000000000264659820250408
0100005868614010307400000000000093676220250408
0100005869611020244110000000000299791720250408
0100005873624001366400000000000241769620250408
0100005879101011048400000000000135318120250408
0100005880601023718220000000000527867120250408
0100005886601023728450000000000107112320250408
0100005889118004395580000000000287040720250408
0100005900601023643700000000000197350220250408
0100005907616020925560000000000337217520250408
0100005910610020075070000000000574938220250408
0100005911621020120630000000000101284620250408
0100005913106002293730000000000044231720250408
0100005914125000099170000000000360950020250408
0100005915606020033260000000001543392920250408
0100005918196010517180000000000047067820250408
0100005919601024766160000000000232695420250408
0100005920111100316390000000000105942520250408
0100005926196039498850000000000009536920250408
0100005936611100001270000000000333934820250408
0100005944601023697120000000000211915420250408
0100005946111004057730000000001658998820250408
0100005947601024844300000000000218040720250408
0100005951116303598320000000000258804820250408
0100005953124700216230000000000213391220250408
0100005958101007932650000000000088142720250408
0100005965101007901580000000000128767420250408
0100005968103200420390000000000061370420250408
0100005970101016059410000000000162590020250408
0100005977601024777440000000000552005920250408
0100005979116001403390000000000251566220250408
0100005983621020121600000000000369199920250408
0100005984603020441910000000000376527720250408
0100005985601023959930000000000021479320250408
0100005991107002214940000000000116800020250408
0100005992120000868200000000000354750720250408
0100006006605020212410000000000475850020250408
0100006007107002218500000000000101783720250408
0100006013111004894300000000000086119920250408
0100006014103003680690000000000101362120250408
0100006024601023701680000000000313350020250408
0100006025624001228780000000000186805020250408
0100006027101007948370000000000111750020250408
0100006033601600132670000000000205959820250408
0100006036105002774800000000000078176920250408
0100006038624000309490000000000173550020250408
0100006039616020918350000000000427525020250408
0100006045101007943740000000000174517020250408
0100006046614020123110000000000537140020250408
0100006047110002760540000000000073935020250408
0100006049101007948790000000000110665120250408
0100006055113200387710000000000161850020250408
0100006063616300009540000000000272753520250408
0100006064125300047920000000000151973620250408
0100006066101007907050000000000619310220250408
0100006075603020423500000000000262295020250408
0100006076603020501240000000000332952720250408
0100006079124013200640000000002355429620250408
0100006080111004136710000000000207619320250408
0100006084601023790330000000001098105720250408
0100006091102002527800000000000067534120250408
0100006092116200653170000000000824854420250408
0100006103615020088200000000000139270320250408
0100006108101007900930000000000145749520250408
0100006112104100028590000000000041370720250408
0100006117125000165310000000000143800020250408
0100006124116204124230000000001024451420250408
0100006126139001960790000000000412542820250408
0100006129101007924990000000001559225220250408
0100006133116200629960000000000503613720250408
0100006135612020335280000000000887470220250408
0100006136105002816410000000002595199220250408
0100006141124000124540000000000424480720250408
0100006143101007931420000000000058403520250408
0100006145101007977660000000000023575720250408
0100006150602020192410000000000126048920250408
0100006151101021900020000000000126097420250408
0100006153116200923640000000000390119920250408
0100006154601024808500000000000164028420250408
0100006157612020988080000000000152682820250408
0100006158611100002400000000000166800320250408
0100006159127000997070000000000028129220250408
0100006160601024803970000000000732580820250408
0100006165124014122570000000000127002620250408
0100006167101007953990000000000070575920250408
0100006173104003922390000000000234092520250408
0100006176112005424900000000000047467520250408
0100006177133001172230000000000508275020250408
0100006182101007903780000000000030661220250408
0100006187101007931970000000000137100020250408
0100006194632000098800000000001066644920250408
0100006199612020322110000000000781295920250408
0100006203624200000500000000001189594020250408
0100006210101007903100000000000251445020250408
0100006218601023774800000000000197208820250408
0100006220104003920220000000003742374520250408
0100006225616010586480000000000777389220250408
0100006228606020061470000000000536918920250408
0100006239612020353850000000003055109220250408
0100006241601024776120000000000519383920250408
0100006244107100130390000000000151134820250408
0100006260116001403130000000000233978920250408
0100006261132002776970000000000282189620250408
0100006265103003680980000000001386570020250408
0100006266623020054510000000000217550020250408
0100006269601023695420000000002318314720250408
0100006275101101585540000000000149223320250408
0100006288601024835740000000000215405320250408
0100006292601023681120000000000409034120250408
0100006298603020481890000000000643197120250408
0100006299612100022960000000000187094920250408
0100006300612020408180000000000568732820250408
0100006302102300109930000000000014049320250408
0100006303619020059690000000000608172120250408
0100006311116100976310000000000521772120250408
0100006315615020093390000000000550272820250408
0100006316115001748970000000000347775520250408
0100006317615020093470000000000295648620250408
0100006319624000513930000000000248507020250408
0100006321601023942290000000000543415020250408
0100006330601023684810000000000785640020250408
0100006334616020936170000000001025875020250408
0100006338614020126050000000000971524020250408
0100006347107002274560000000000109536620250408
0100006349603020441830000000000248278420250408
0100006353601023905920000000000982395720250408
0100006354110002822970000000000444709720250408
0100006356601023719970000000000617415020250408
0100006358102002588100000000000245828020250408
0100006363615010278050000000000097376320250408
0100006364609020191390000000000691678220250408
0100006369105200232490000000000016067820250408
0100006372616020960470000000001117419820250408
0100006374101303030530000000000081916820250408
0100006376601023694530000000000703771920250408
0100006378616200028570000000000389045820250408
0100006382632000065200000000000577904620250408
0100006383601024853480000000000142541520250408
0100006385107002247340000000000341007820250408
0100006387120000960010000000000226117620250408
0100006390603020444340000000000177555820250408
0100006391601023703540000000000246325020250408
0100006393601023683170000000001043166220250408
0100006395601024834420000000000395301220250408
0100006404617020141230000000000268150020250408
0100006407124004975290000000000013977220250408
0100006408101007955060000000000182050020250408
0100006411109003179970000000000056125720250408
0100006414107002306050000000000455325020250408
0100006416115002420460000000000104125020250408
0100006420105003665400000000000212174820250408
0100006424101008713780000000000390825020250408
0100006425601024819540000000000022313020250408
0100006428110100837130000000000487140020250408
0100006431105002183260000000000474045620250408
0100006432101007967410000000000122784820250408
0100006433616700054000000000000055801220250408
0100006437623100021480000000000194332920250408
0100006438617020126000000000001030148320250408
0100006444601023792540000000000267844820250408
0100006446111004334150000000000476599420250408
0100006447611100011660000000000251374020250408
0100006451609010477670000000000253150020250408
0100006453101103039690000000000099599520250408
0100006454135200253860000000000538411020250408
0100006461601023694450000000000434567120250408
0100006464103003699900000000000063309320250408
0100006467623020059740000000000178539020250408
0100006469124000667720000000000089400020250408
0100006473601023696820000000001071886220250408
0100006480107002330260000000000172425020250408
0100006482123100000680000000000025466020250408
0100006483123100005890000000000052084320250408
0100006486120000974950000000000247838820250408
0100006487107002306180000000000661582620250408
0100006489604020062320000000000118933620250408
0100006497603020452950000000000745309020250408
0100006502117000870520000000000053285220250408
0100006503620020115610000000000253917820250408
0100006504601023818280000000000344975020250408
0100006511601023699680000000000464675020250408
0100006518101007987230000000000085341020250408
0100006524101007987100000000000149679620250408
0100006525601024859330000000001163655620250408
0100006529616020969500000000000353822920250408
0100006531102002592750000000000886378020250408
0100006542618020042270000000001957498320250408
0100006546117001164730000000000021924920250408
0100006547101007977240000000000083980020250408
0100006548101007974650000000000153736820250408
0100006549601024848050000000000461067020250408
0100006550605100000960000000000258525020250408
0100006551116100755690000000000027131720250408
0100006552603020449060000000000080977720250408
0100006559101007988880000000000243980320250408
0100006574107002317980000000000496960720250408
0100006577612020349070000000001713461820250408
0100006578614020133340000000000293487120250408
0100006581601023900960000000000165675020250408
0100006583114003264250000000000167309820250408
0100006588603020482600000000000162755520250408
0100006589603100001900000000000058836820250408
0100006590123000316420000000000408569520250408
0100006591101008009960000000000026260220250408
0100006595601023704860000000000098619620250408
0100006597613010212340000000000468006820250408
0100006606103003760930000000000107322120250408
0100006608109004739830000000000602509620250408
0100006611632000064300000000000406575020250408
0100006615601023948900000000000180769820250408
0100006619124021681860000000000103650020250408
0100006621132002264860000000000078833820250408
0100006626601023713180000000000137051720250408
0100006628116009148370000000000152403520250408
0100006629601024842790000000000113559820250408
0100006630659000043800000000000648140720250408
0100006632613100000310000000000195485020250408
0100006636601024866460000000000571590020250408
0100006637107002803960000000000150873120250408
0100006640101200722450000000000184925020250408
0100006644107002326740000000000208457820250408
0100006645611020281230000000000172850020250408
0100006649603020460700000000000703239120250408
0100006652624000781270000000000148653120250408
0100006655603020455030000000000730955620250408
0100006659101008020910000000000010124620250408
0100006665101010813580000000000270450020250408
0100006667110100863380000000000222441920250408
0100006668110100864640000000000899050020250408
0100006670101008039930000000000121779720250408
0100006671601023732130000000000573243020250408
0100006672603020449810000000000299758720250408
0100006674603020450070000000000580438020250408
0100006676116001482470000000000025258720250408
0100006679116100789480000000000262057120250408
0100006682601600157230000000000073958120250408
0100006683624000103440000000000146533820250408
0100006684601023695770000000000370307120250408
0100006685123100001810000000000514915020250408
0100006686601024230910000000000163450020250408
0100006689101008033910000000000437924120250408
0100006691616010604800000000000474959620250408
0100006694125001128200000000000021007220250408
0100006698114001956690000000000189950020250408
0100006699116001483730000000000116704920250408
0100006701105002924360000000000105263520250408
0100006707101008042220000000000159234120250408
0100006709101010711060000000000214026820250408
0100006713107002499390000000000107165820250408
0100006715616200036590000000000325828720250408
0100006719101301414190000000000014035020250408
0100006721101008042930000000000152900020250408
0100006723116001468670000000005712955120250408
0100006724616020970780000000000998006820250408
0100006725624001239800000000001098299020250408
0100006735616010841930000000001034530420250408
0100006736123100011060000000000045034120250408
0100006749601023823870000000000757133220250408
0100006750601023732480000000000316242520250408
0100006757624001253970000000000115516020250408
0100006759101008062880000000000046922120250408
0100006761101007802940000000000149960420250408
0100006765601023723650000000003811053720250408
0100006769617020216850000000000305117520250408
0100006770103009117040000000000135841920250408
0100006773113001877450000000000504724920250408
0100006775120004204860000000000395965020250408
0100006776108004510310000000000320572920250408
0100006785116100877930000000000024327120250408
0100006786132001063600000000000681715020250408
0100006787616800046940000000000129613820250408
0100006792101008076980000000000125518220250408
0100006793116100873080000000000206396420250408
0100006795603020464100000000001491365020250408
0100006797601023728700000000000792901420250408
0100006798124003946930000000000284186320250408
0100006802603020472200000000003702086020250408
0100006804101008084640000000000653948820250408
0100006805101008069160000000001869641420250408
0100006808601023711130000000000357953720250408
0100006809610020109820000000000391416120250408
0100006814127000990530000000000144825020250408
0100006823610020108930000000000313153820250408
0100006824107200069650000000000117075820250408
0100006825615020087740000000000114344020250408
0100006828612020645470000000002146711920250408
0100006831101008077080000000000173118020250408
0100006834108004541640000000002132689320250408
0100006839604020080810000000000457423820250408
0100006849101008087230000000000933611920250408
0100006850625000288220000000000145003420250408
0100006853625000155850000000000667265020250408
0100006858618020041700000000000590850020250408
0100006861196031879980000000000758040020250408
0100006863104003921450000000000292078020250408
0100006866610020038030000000000222445720250408
0100006871101008093240000000000069220820250408
0100006878112202129660000000000084700020250408
0100006880118000773890000000000072015420250408
0100006881624000030380000000000101506120250408
0100006884101008104230000000000224578120250408
0100006887624000329920000000000170379420250408
0100006889123201147760000000000155675720250408
0100006891124007413980000000000129075020250408
0100006894625000003670000000000199651520250408
0100006895153001194380000000000885185020250408
0100006897133001399680000000000366215020250408
0100006911601024871460000000000676414620250408
0100006912106001428740000000000140375020250408
0100006913102002684440000000000125572420250408
0100006914625000160340000000000332274220250408
0100006917101008126670000000000132375520250408
0100006919196036410370000000001348210920250408
0100006920607020222170000000000923860420250408
0100006926111004565860000000000040291220250408
0100006928108004578280000000000485425020250408
0100006932601300007360000000000188138520250408
0100006950101020052810000000000091859720250408
0100006951610020105240000000000671162820250408
0100006952104200039390000000000107996620250408
0100006954109100570110000000000354133420250408
0100006957115002144690000000000211450520250408
0100006960105002653790000000000213252520250408
0100006964610020115550000000000672347720250408
0100006965601024132150000000000332749620250408
0100006969196053110610000000000229933820250408
0100006973124031279060000000000131313120250408
0100006975101008139960000000000092850020250408
0100006977601023721100000000004969939120250408
0100006978101008137760000000000264791520250408
0100006979101700675770000000000161825020250408
0100006984103003906840000000000026973020250408
0100006985113002002820000000000033724820250408
0100006988607000252270000000000308508020250408
0100006990612020740460000000000106855020250408
0100006992624000132200000000000663097320250408
0100006996101008190420000000000120875020250408
0100006997101008154280000000000218142420250408
0100006998601023833910000000000270281720250408
0100007002617020147350000000000569152620250408
0100007015121300588320000000000397194820250408
0100007016617020147000000000000407578620250408
0100007017109200100900000000000413020720250408
0100007022601023900880000000000532586520250408
0100007029104003922000000000000050801020250408
0100007032624000000550000000000813597020250408
0100007035623020122530000000000150899120250408
0100007036624000483840000000000328316720250408
0100007039124007600650000000000389810320250408
0100007043101008190260000000000200098420250408
0100007044102002736170000000000072827520250408
0100007046111004638410000000000215750020250408
0100007047111005060090000000000132044520250408
0100007049616200053680000000000124760420250408
0100007050604020086500000000000289601420250408
0100007054616020914520000000000392564520250408
0100007055116001549720000000000041511220250408
0100007056603020599380000000002964871320250408
0100007057601700012020000000000607036620250408
0100007059101008186160000000000148673920250408
0100007065625000001700000000000518626820250408
0100007066612020497420000000000334266120250408
0100007068614010289150000000000048802620250408
0100007078101008194660000000000082054820250408
0100007080101008195050000000000630340020250408
0100007082602100008210000000000238123420250408
0100007083116004955630000000000320014020250408
0100007085121000634320000000000057808820250408
0100007088101008196020000000000211903520250408
0100007089602200106920000000000075549920250408
0100007090615010263100000000000233275220250408
0100007093601023746000000000000092929020250408
0100007094116100860950000000000219899320250408
0100007095624000049720000000000481964820250408
0100007098112201859540000000000370725020250408
0100007101103200489100000000000200181420250408
0100007102102003725630000000000036584920250408
0100007103101008201700000000000013391120250408
0100007104611200012400000000001009759520250408
0100007107110002848390000000000386854720250408
0100007112101008207010000000000059071720250408
0100007114625000217120000000000809292320250408
0100007116624000231100000000000598071220250408
0100007119616200025120000000000054064520250408
0100007122624000857510000000000521078820250408
0100007127612020411480000000000249739020250408
0100007129612020386940000000002222353620250408
0100007131625000118730000000001972187520250408
0100007138625000002430000000000331458720250408
0100007141116001564200000000001881535720250408
0100007142101008213860000000000502819520250408
0100007149111100352080000000000682573720250408
0100007150123000511850000000000189769020250408
0100007155601023825810000000002890197720250408
0100007157603020539560000000004812513120250408
0100007158623020104200000000002190009820250408
0100007163101008216740000000000116742820250408
0100007164601023835290000000001720571120250408
0100007169612020412880000000001707812220250408
0100007171601024129360000000000369445020250408
0100007173626100008170000000000250279920250408
0100007178624000031430000000000811626220250408
0100007181616300007170000000000801106120250408
0100007184616010991070000000000013235220250408
0100007185601024049920000000000262945520250408
0100007190616700070700000000000155543720250408
0100007191624001242690000000000344686020250408
0100007192101008218520000000000158074920250408
0100007193103013806190000000000233404020250408
0100007195124500213770000000000156626720250408
0100007197101008230380000000000922495420250408
0100007202105004147480000000000145125020250408
0100007205105003652370000000000025555420250408
0100007212602010483960000000001011268120250408
0100007214605020276810000000002412394420250408
0100007216102002999050000000001861942420250408
0100007226116001576100000000000137762220250408
0100007227116001721740000000001654920020250408
0100007230111004758680000000001748252620250408
0100007231101008234230000000001078649820250408
0100007239116303525830000000002158590020250408
0100007246624000188760000000005304806920250408
0100007247624000001950000000005374658820250408
0100007256601600008660000000002483339120250408
0100007259624000103280000000000498949820250408
0100007263624000144470000000001310630420250408
0100007269127000268220000000000794337320250408
0100007270124000007120000000000004723520250408
0100007275624000066220000000000882702820250408
0100007282128001013230000000000037504120250408
0100007293101701724170000000000032806920250408
0100007294124003635690000000000086303220250408
0100007297101008252430000000000173213220250408
0100007299124000019150000000000061410120250408
0100007304610020114660000000000042989520250408
0100007310612020405240000000000189529420250408
0100007313112005343690000000001403137120250408
0100007314112005345890000000002886566320250408
0100007317124000022310000000000110318020250408
0100007318124000022570000000000057434220250408
0100007324109003321500000000000224781720250408
0100007325601023852460000000000285843420250408
0100007326101008264040000000000136131720250408
0100007330616200095920000000000501300320250408
0100007333601023854160000000000917617320250408
0100007346111100493880000000000184806820250408
0100007348617020198420000000000214893020250408
0100007362603020539300000000000506818920250408
0100007365107200123600000000000096744220250408
0100007366112005391310000000000103541420250408
0100007379107002086080000000000125612120250408
0100007381105003155910000000000019913520250408
0100007382124000032850000000000445984220250408
0100007387109100250140000000000122481420250408
0100007388101008681610000000000136521120250408
0100007389116001616220000000000112760420250408
0100007390123000606260000000000169695020250408
0100007391106002080480000000000332162420250408
0100007395112005413780000000000019869720250408
0100007396101008274740000000000557884520250408
0100007402603020630480000000000305516820250408
0100007403101008280590000000000149800020250408
0100007406618020047230000000000587534720250408
0100007409112005666960000000000115811820250408
0100007410603020524100000000000231508520250408
0100007413124000049250000000000067611720250408
0100007417107100569600000000000507402020250408
0100007419603020509810000000000474623920250408
0100007423116100904890000000000000000020250408
0100007426107002468770000000000356208320250408
0100007429124000061010000000000327415020250408
0100007432101008293590000000000151325020250408
0100007433105003135770000000000360129820250408
0100007442117001044010000000000294144120250408
0100007449124005623280000000000133836320250408
0100007453103007989270000000000046254320250408
0100007454116100918150000000000024004420250408
0100007456616010648340000000000313202220250408
0100007466114002291820000000000389775020250408
0100007468624000470000000000000254771920250408
0100007473123000536200000000000334572820250408
0100007474610200071060000000000751713620250408
0100007479115001932470000000000154044220250408
0100007481609010459420000000001358900120250408
0100007483612020439810000000000192417220250408
0100007488603020534920000000000540536320250408
0100007492614010319160000000000138147120250408
0100007494623020291640000000000543780420250408
0100007495108004850650000000000183281020250408
0100007499103102098430000000000033320420250408
0100007503116100932080000000000150947220250408
0100007507617020199070000000000297952720250408
0100007509105200227030000000000435302820250408
0100007510114002349020000000000122434720250408
0100007513104003922680000000001924977220250408
0100007515111200221300000000000617048620250408
0100007517123000696010000000000121800020250408
0100007523196007928770000000000008251920250408
0100007526624000144390000000000124330920250408
0100007531116004887900000000001588624920250408
0100007537102301071230000000000031387020250408
0100007538104500723000000000000121750020250408
0100007540124000128070000000000020714320250408
0100007548624000499410000000000373969520250408
0100007549107004551630000000000186725620250408
0100007550615200014090000000000112218520250408
0100007553605020306400000000000236267120250408
0100007556101102021090000000000215964620250408
0100007558111005059740000000001497049720250408
0100007566132000156260000000000292756920250408
0100007567124043785180000000000109123520250408
0100007569105003180640000000000173175420250408
0100007575101008361060000000000528648120250408
0100007578632000063760000000000115861620250408
0100007582101016486360000000000119832220250408
0100007588101018319770000000000095455120250408
0100007589101008369730000000000346165020250408
0100007591606020095530000000000932100120250408
0100007601632000065620000000000337471220250408
0100007603624000945560000000000943131820250408
0100007615124043782880000000000237908520250408
0100007616624000964000000000000167432020250408
0100007621124000151180000000000064172220250408
0100007627609010433200000000000920194620250408
0100007633124600007540000000000012660020250408
0100007635116001704220000000000458728120250408
0100007639612200020000000000001049056820250408
0100007640101702640660000000000113495720250408
0100007651624000181400000000000316281220250408
0100007652124023961360000000000357321720250408
0100007655101008385860000000000193966820250408
0100007658601025153950000000000738370020250408
0100007661601023834640000000000902227820250408
0100007662601700036120000000000441216920250408
0100007663609010414400000000000497701120250408
0100007664108004993810000000000807929520250408
0100007665610020242660000000000169673020250408
0100007674103004098760000000000256824220250408
0100007683115200008640000000000088577520250408
0100007693112013115940000000000269692320250408
0100007694103200620510000000000186954120250408
0100007695124000180050000000000049849920250408
0100007696124000176080000000000030262420250408
0100007706111005112430000000002299816320250408
0100007714107200088240000000000202816420250408
0100007715132000479080000000000419727320250408
0100007719624000145790000000002255288020250408
0100007720101008401340000000000476781020250408
0100007726108004350990000000000202820220250408
0100007730116300350170000000000648890020250408
0100007731111005185050000000000804224220250408
0100007732124000186360000000000115300020250408
0100007734105200264950000000000376193520250408
0100007736108002951610000000000149150020250408
0100007742625000192700000000000216204220250408
0100007746109100623940000000000355824220250408
0100007748110003206830000000000885808220250408
0100007753101008424910000000000808363120250408
0100007757624600010400000000000152775120250408
0100007759603020672560000000000747359620250408
0100007760132001079740000000000080588520250408
0100007761609010433700000000000191096220250408
0100007763124000204620000000000067483820250408
0100007766116304107840000000000173166220250408
0100007768111005222900000000000321331520250408
0100007770616200060620000000000407241720250408
0100007771124000057460000000000190875020250408
0100007774124013100160000000000289969320250408
0100007777103004145860000000000218954520250408
0100007779120001397800000000000323625020250408
0100007781111200224730000000000317693220250408
0100007787121000867940000000000542550620250408
0100007790601024053520000000001235361620250408
0100007791104003922420000000000550090020250408
0100007793624000179260000000000474754120250408
0100007797124000221270000000000056095020250408
0100007798624000190820000000000359725820250408
0100007800609010449540000000000830174820250408
0100007802132001863640000000000488746720250408
0100007805606020106320000000000598940020250408
0100007806125000089890000000001302095820250408
0100007809116200888990000000000342857120250408
0100007810124000412500000000000741596020250408
0100007811124012266210000000000268088720250408
0100007812125000089180000000000077856220250408
0100007813103004163350000000000246568020250408
0100007814112023527300000000000824140020250408
0100007820115100031910000000001019461820250408
0100007822609010448900000000000715394820250408
0100007830111005335800000000000204167120250408
0100007832621010293450000000001023927520250408
0100007837101008465100000000000167851620250408
0100007846616200061000000000000864534820250408
0100007849110200052410000000000782600620250408
0100007854624000202340000000001061517520250408
0100007858123000256320000000001126881320250408
0100007859624000720050000000000275003020250408
0100007860111005314300000000000362997020250408
0100007861117001200580000000000887871120250408
0100007864606020109260000000000215787320250408
0100007871120001461260000000001204032420250408
0100007872116101021600000000000277940820250408
0100007873124702072300000000001716906720250408
0100007874121000932080000000001431196720250408
0100007883124014664230000000000219396820250408
0100007887116101023190000000000066435120250408
0100007892101008482590000000000100551520250408
0100007894116101025420000000000088603420250408
0100007900111005417920000000000128359720250408
0100007901109200237730000000000498392720250408
0100007906609010469300000000000487391720250408
0100007915124000349950000000001141508220250408
0100007916124000319270000000001063830820250408
0100007917601700033020000000000327769720250408
0100007918101008315540000000000144488920250408
0100007920624000348800000000000300679520250408
0100007921107200211020000000002310506520250408
0100007925624001242500000000000317130020250408
0100007930104003923070000000000105272920250408
0100007940612021034020000000000202810120250408
0100007941117000944560000000000656576920250408
0100007947124000401960000000000186195520250408
0100007956196035313480000000000655308720250408
0100007962116101157040000000000155287120250408
0100007966601024621510000000000794820120250408
0100007967621010310210000000001275148220250408
0100007969101008594000000000000530722820250408
0100007971116101038130000000000152184820250408
0100007975617020178740000000000285827920250408
0100007976615010385720000000000427594620250408
0100007980124000468280000000000076238620250408
0100007982601023959000000000000380037320250408
0100007987601023971550000000000114875020250408
0100007988601023957300000000000096962420250408
0100007994105003446010000000000172081420250408
0100007997124003177220000000000195594720250408
0100008003624000364670000000000187534820250408
0100008005110002763390000000000766618020250408
0100008007116001420070000000000671511220250408
0100008010104003923230000000000152743520250408
0100008011106002318370000000000508216220250408
0100008012606020130460000000000189267220250408
0100008019624000363780000000000175726220250408
0100008021624000539300000000000954335820250408
0100008023616300088900000000000157141720250408
0100008029615010383510000000000266374120250408
0100008033624000822640000000000066683920250408
0100008038124000428480000000000118742820250408
0100008041124000138800000000000086352420250408
0100008049603020609950000000000528553220250408
0100008051101008631530000000000218073820250408
0100008057124012508040000000001158570020250408
0100008060616011291380000000000173697520250408
0100008064123200205850000000000492759820250408
0100008067117001249150000000000234241320250408
0100008068120001580200000000000237543520250408
0100008078124000413280000000000653577920250408
0100008080617020196640000000000243353520250408
0100008086624000469180000000002246504420250408
0100008087124002224480000000000060151620250408
0100008088114002633710000000000594019120250408
0100008091103004418630000000001050375420250408
0100008093601023869940000000000288877520250408
0100008095101502858090000000000083466920250408
0100008105615010368390000000000271184920250408
0100008106123100192400000000000058805820250408
0100008107124002255130000000000030209920250408
0100008109624000411930000000000790170320250408
0100008113608020212710000000000223773920250408
0100008116616700001810000000000140030120250408
0100008119124002294120000000000212218620250408
0100008125103004263250000000000120887420250408
0100008130120001580170000000001623785020250408
0100008137124024661050000000000023792220250408
0100008141124002794750000000000248915020250408
0100008142101008704180000000001359710720250408
0100008145624000469000000000000675826720250408
0100008146616010833830000000004104732720250408
0100008148124500018760000000000209732320250408
0100008149102303584220000000000035725520250408
0100008154124002201490000000000160765220250408
0100008160624000947770000000001883990720250408
0100008166103004445560000000000079611720250408
0100008170105003551400000000000412926920250408
0100008172621010304240000000000192549220250408
0100008176625000157390000000000251718320250408
0100008177601024027870000000000137668320250408
0100008182124003621170000000000208970820250408
0100008186124003627060000000000575659520250408
0100008193624000827790000000000243840020250408
0100008195124002820060000000000170807320250408
0100008196101008717470000000000081257220250408
0100008197124002898630000000000697763820250408
0100008198124011793700000000000153331420250408
0100008202616100087980000000000085892620250408
0100008204103003682180000000000576065520250408
0100008206124002828860000000000206254820250408
0100008207116101091210000000000173628520250408
0100008211125000353340000000000144873720250408
0100008215124002834900000000000747524320250408
0100008216115100118950000000000114315620250408
0100008221132001063310000000000194350020250408
0100008222112006270010000000000184350020250408
0100008224127000991180000000000493300020250408
0100008227124002867690000000000387572520250408
0100008231103004473750000000000151225020250408
0100008233125000395180000000000210016920250408
0100008234101009307300000000000100699420250408
0100008236124034836240000000000162412520250408
0100008240616700070620000000000500565820250408
0100008241124002902180000000000175439420250408
0100008244105003582310000000001207221020250408
0100008253124006030830000000000350172920250408
0100008256114002856920000000000451036320250408
0100008257624200005900000000000950586220250408
0100008259632000064060000000000143293020250408
0100008262116700722740000000000152179820250408
0100008263124003165900000000000108091720250408
0100008264108005474530000000000230321820250408
0100008266124003165320000000000164996820250408
0100008269124003386620000000000275446620250408
0100008271103004507440000000000166450020250408
0100008272603020693130000000000157628320250408
0100008278624000470190000000000682619520250408
0100008282101301319950000000000141588120250408
0100008284105003419050000000001115207820250408
0100008287119001324150000000000135356720250408
0100008290101009653070000000000085728020250408
0100008294124003201590000000000272195720250408
0100008298616010822470000000000416071620250408
0100008300124002200840000000000499434220250408
0100008301124003196650000000000000000020250408
0100008302124003196520000000000005489520250408
0100008303124100080570000000000103021720250408
0100008304108005400490000000000105016220250408
0100008307624000894980000000000113838920250408
0100008310119001626760000000000360213320250408
0100008316124003212000000000000181552620250408
0100008317125000512240000000000198600020250408
0100008319124003211900000000000209625120250408
0100008323115002495570000000001976162920250408
0100008337103017660130000000000342384220250408
0100008341116300672470000000001097498520250408
0100008346179000229940000000000237540620250408
0100008353603200054880000000000572938220250408
0100008355124003302460000000000867928620250408
0100008363624000767010000000000760543820250408
0100008364616500002160000000000515129920250408
0100008365624100016740000000001017820620250408
0100008366624000587890000000000933266820250408
0100008369103004568580000000001014366720250408
0100008371602010526010000000002542718120250408
0100008372124003304950000000000422852720250408
0100008375124003321340000000000836463320250408
0100008380116101136960000000000559429620250408
0100008382116101137220000000000376976520250408
0100008385624001242340000000000091375020250408
0100008392124004713830000000000483420520250408
0100008393124003205150000000000129482120250408
0100008396124003345430000000000559633520250408
0100008400624000539650000000000173845120250408
0100008401101010503760000000000089892320250408
0100008405116002325930000000002831496320250408
0100008409624000672570000000004653694320250408
0100008413102300608200000000004196101020250408
0100008418111006083630000000001056569020250408
0100008421124003364990000000000663797120250408
0100008422115002176020000000002923677220250408
0100008426101010538360000000000907628720250408
0100008428124012508170000000001351348920250408
0100008431102300614920000000001561292120250408
0100008443101007718050000000000072783820250408
0100008448119001755530000000000592004720250408
0100008450603000799580000000002590315220250408
0100008454123000748290000000002200022120250408
0100008461124003385940000000001092742620250408
0100008467124011799720000000001094106520250408
0100008470116201052770000000000161356920250408
0100008473102300633640000000000402241720250408
0100008474101010682580000000000476538620250408
0100008475116101153220000000000645871420250408
0100008479124003577400000000000046775020250408
0100008480102003017830000000000130586720250408
0100008483601200028500000000001200826920250408
0100008486616011146370000000000640294320250408
0100008500111005649310000000000271206220250408
0100008507103005752760000000000110504820250408
0100008509614010449020000000001049732220250408
0100008511120001895070000000000031314720250408
0100008512112006939960000000000120562520250408
0100008518102300648420000000000224602120250408
0100008519102300648390000000000860926520250408
0100008521111006136620000000001008399620250408
0100008522103009294530000000000199386020250408
0100008523601024081300000000000348659520250408
0100008524602010547600000000000164217920250408
0100008527111006113340000000000359222120250408
0100008533125000482080000000003984995520250408
0100008539124003626090000000000902992020250408
0100008542116101165540000000000111549920250408
0100008544124003633070000000000063888620250408
0100008547111006272470000000000585803220250408
0100008548111006272630000000000483111220250408
0100008549112007039250000000000325574620250408
0100008553196016369180000000000440020520250408
0100008556119001772210000000000285950820250408
0100008557601023978560000000000642672920250408
0100008559104004041300000000000149309420250408
0100008560104004038850000000001196402420250408
0100008571124003857120000000000171209920250408
0100008573106002312930000000000358950620250408
0100008576196054583930000000000218364920250408
0100008583103005038950000000000141200020250408
0100008584120001852970000000000266513920250408
0100008585116002465050000000000211020020250408
0100008587101301985720000000000061498320250408
0100008591105200379920000000001213101620250408
0100008594110200219080000000000199541020250408
0100008595124003210930000000001058591120250408
0100008596124003901050000000000234327720250408
0100008609625000293490000000001334311120250408
0100008611124004626480000000000197407720250408
0100008612124005695380000000000247932320250408
0100008613624000665440000000000905246520250408
0100008615124004633040000000000198927220250408
0100008625108005971020000000000157242220250408
0100008627616010914910000000000250317020250408
0100008630124004638380000000000300037320250408
0100008631124004638250000000000171311720250408
0100008636116002536080000000000275272020250408
0100008637116002536110000000000323604420250408
0100008642112007509520000000000105235120250408
0100008643120001976830000000000744486920250408
0100008653115400095480000000000303870320250408
0100008656123100312570000000000755074720250408
0100008662612500004050000000000152760420250408
0100008675612020805000000000001111176120250408
0100008680117001592650000000000342915920250408
0100008683603020728880000000004100708820250408
0100008684601024911510000000000339443620250408
0100008685624800274350000000000415558520250408
0100008689603020729690000000002845184620250408
0100008690603020729500000000000519846220250408
0100008695112007728910000000000327900620250408
0100008698103004764720000000000372199620250408
0100008701121300642110000000001289049020250408
0100008706108006115830000000000166548420250408
0100008708106002543640000000000355849520250408
0100008709116002460390000000000069419320250408
0100008711108300988630000000000223296220250408
0100008716104004493730000000000135633020250408
0100008717603000739840000000000043153120250408
0100008719104004314590000000000022678520250408
0100008721624000948820000000000434393220250408
0100008722624000636850000000001434025020250408
0100008726112007878730000000000113945920250408
0100008731616010845410000000000251776220250408
0100008736613010316710000000000754233520250408
0100008740604000208400000000006398274520250408
0100008749124004880330000000000143576220250408
0100008752112007876530000000000482465020250408
0100008753112007878570000000000426119720250408
0100008755124004890290000000000607686020250408
0100008762632000064900000000000249050520250408
0100008765624000655800000000002159452220250408
0100008766601024153740000000000464130020250408
0100008767124004903480000000000596933120250408
0100008769624000656450000000001464136520250408
0100008773111006466000000000000389676520250408
0100008775602010566400000000000261725620250408
0100008776103005378030000000000122650020250408
0100008781103005370490000000000828721820250408
0100008783624000795300000000000143322420250408
0100008784625000322260000000000160940820250408
0100008785125001021600000000000345232820250408
0100008786625000376510000000000440937920250408
0100008789624600030000000000000804638420250408
0100008790196004192240000000000214136520250408
0100008800120001943010000000000330481820250408
0100008802124100172420000000001262511220250408
0100008810125001112030000000000094090820250408
0100008823124100149310000000000477744520250408
0100008826116301385580000000000088651620250408
0100008831616010873540000000001346746020250408
0100008835116020606110000000000215084220250408
0100008836112008000640000000000127785420250408
0100008837624000980550000000000405324720250408
0100008838119001934090000000000457040320250408
0100008841132004391210000000000254088420250408
0100008846113002973630000000001019700020250408
0100008850117001648650000000000217999120250408
0100008852624001142800000000001270085320250408
0100008854103005412550000000000053016620250408
0100008863112007986390000000001085979920250408
0100008866103005409840000000000952216920250408
0100008870614010467190000000000474986820250408
0100008875601024172880000000000416192020250408
0100008878196004932360000000000268973120250408
0100008890606100052860000000000022025420250408
0100008891114003184880000000000302360420250408
0100008897101102131560000000000266980720250408
0100008900107003274660000000000096895820250408
0100008903124005028670000000000051290020250408
0100008905105200302160000000000838082020250408
0100008910108100916080000000000448890020250408
0100008915107003326550000000000980382820250408
0100008916121001619490000000002245984220250408
0100008918112202597410000000001946352920250408
0100008919124000279440000000000085326420250408
0100008929119002011680000000000588018420250408
0100008933116101343900000000000115950020250408
0100008934615010445210000000000805245820250408
0100008935124005052750000000000000000020250408
0100008936116002861540000000000279894920250408
0100008943124005070820000000000353309020250408
0100008953124200044200000000001899917720250408
0100008975124005089390000000003823049620250408
0100008976125000894290000000000163625020250408
0100008979124005083080000000000178635720250408
0100008980124005368460000000001430726920250408
0100008986101601833090000000000189679620250408
0100008992111006687270000000003210540220250408
0100009000601024213150000000001502442020250408
0100009001632000004320000000000088140320250408
0100009003124005113660000000000678209820250408
0100009010103201010640000000000332737420250408
0100009011124005141140000000000200619120250408
0100009013111006134390000000000719791120250408
0100009018132000469090000000000101875020250408
0100009025104004828480000000000231689720250408
0100009027107003396320000000000405642920250408
0100009039125001300060000000000157466220250408
0100009040603000793030000000000219840620250408
0100009042112202647230000000000086477920250408
0100009043112008355920000000000066009420250408
0100009044624000803000000000000330531820250408
0100009050103005627710000000000213451520250408
0100009051104003663460000000000139629420250408
0100009052108006338170000000000678757420250408
0100009059624000742290000000000547234220250408
0100009060107003443840000000000502342820250408
0100009062125001303100000000000414665020250408
0100009065120100004790000000000241955020250408
0100009067116002916730000000000965736720250408
0100009070625000387550000000001206561720250408
0100009075124005148420000000000291478620250408
0100009076101008679710000000000127676020250408
0100009078107100699150000000000081385320250408
0100009082116101392690000000000209061220250408
0100009091102003900370000000000262637520250408
0100009092104004844770000000000212022220250408
0100009096602010613170000000000485326520250408
0100009104108100947730000000000093734020250408
0100009105124005174380000000000151765720250408
0100009108107003451470000000000377331920250408
0100009112123001911840000000000117673120250408
0100009121116301542280000000000147076220250408
0100009122112004553540000000000142799720250408
0100009125103005628360000000000254611720250408
0100009126113200243610000000000200055120250408
0100009127101013685470000000000778417120250408
0100009128124005401330000000000044065120250408
0100009129610020228910000000000594030420250408
0100009130610020228750000000000261322020250408
0100009131110004037460000000000249786720250408
0100009132124005194100000000000133209420250408
0100009134103005758100000000000578603620250408
0100009138124004956280000000000432290620250408
0100009141124005193130000000000374890020250408
0100009142124005173600000000000374196620250408
0100009149125001326930000000000190965320250408
0100009155617020422240000000000696234720250408
0100009157124005196010000000000073178720250408
0100009163124005212040000000000441890020250408
0100009166102003927470000000000173976220250408
0100009171116201202650000000000220191220250408
0100009172107003886250000000001096389020250408
0100009173123001917440000000000818264120250408
0100009175624001227890000000000064974320250408
0100009177124005212170000000000102411820250408
0100009181113003157400000000000135870020250408
0100009184110101376430000000000289434220250408
0100009185101301798180000000000238933420250408
0100009191624000819180000000000333693520250408
0100009192104004903770000000000134350020250408
0100009193102003282290000000000085916020250408
0100009195124005210970000000000273590020250408
0100009196120002238160000000000337517220250408
0100009204116002971270000000000774506620250408
0100009205101013746960000000000201643920250408
0100009207102003947290000000000304974520250408
0100009212103005858260000000000290831720250408
0100009216102300760500000000000169428820250408
0100009217132001063280000000000035952020250408
0100009219112008539720000000000318837020250408
0100009220101502483830000000000283230320250408
0100009221124005225170000000000316869320250408
0100009226101013739270000000000357779520250408
0100009232102003977420000000000113605520250408
0100009234124005232280000000000168478920250408
0100009246606100070680000000000617964120250408
0100009250624000772010000000000751955020250408
0100009251123001336920000000000273532720250408
0100009252111100832050000000000080680520250408
0100009255624000847980000000000210056020250408
0100009256124005363960000000000037479720250408
0100009258123001642210000000000045358020250408
0100009261124005363670000000000160800020250408
0100009268123001969850000000000044175020250408
0100009271109300409180000000000835722620250408
0100009277616011002020000000000207672520250408
0100009278124005261860000000000142135820250408
0100009279124005738250000000000526756520250408
0100009280124300115070000000000062558620250408
0100009283124701265150000000000266487120250408
0100009290124005375570000000000139858220250408
0100009291624800009440000000000740598220250408
0100009293124005375280000000000209605120250408
0100009300616600053690000000000387547720250408
0100009303603000879000000000000430680720250408
0100009306108006519250000000000247289920250408
0100009311625000384700000000000252156120250408
0100009312101013852030000000000362142820250408
0100009314624000784370000000002106983020250408
0100009316110003425480000000000513815020250408
0100009317103005923270000000000119474220250408
0100009318113003935710000000000101579920250408
0100009323101013852610000000000170548720250408
0100009324125001383120000000000099535420250408
0100009325101013852450000000000208030520250408
0100009327112202704290000000000302821420250408
0100009331612500009360000000000331833320250408
0100009335104004989710000000000384505520250408
0100009337124005394290000000000213498120250408
0100009340108006556460000000000864636720250408
0100009341111300135340000000000569489520250408
0100009342101013864060000000000383061420250408
0100009345625000370400000000000457680420250408
0100009347124005413070000000000261398020250408
0100009351603000831650000000000303290020250408
0100009352612400026340000000000021652220250408
0100009353124005429110000000000072088820250408
0100009357115003043820000000000269981820250408
0100009363114003406890000000000371273020250408
0100009367624000795570000000000729309120250408
0100009371101013944560000000001171776620250408
0100009375616010940240000000000343790120250408
0100009384615010525240000000001982770420250408
0100009394111200598280000000000386387820250408
0100009395116301709720000000001001263220250408
0100009397121100861920000000000631024820250408
0100009398124005483680000000000115524920250408
0100009404123002102270000000000617067420250408
0100009408114003081550000000000119775020250408
0100009409603000843070000000000654593120250408
0100009410114003438770000000000119429320250408
0100009418121100865900000000000248765820250408
0100009419624000808810000000000330023820250408
0100009432109005090770000000002840100720250408
0100009435121300642240000000000327699820250408
0100009446124005497490000000001465207120250408
0100009447110004187280000000001586227520250408
0100009448109003261240000000001077613120250408
0100009450105004199890000000000194473020250408
0100009457113003454220000000001189184120250408
0100009459119002000330000000000181947420250408
0100009461102004774710000000000147858620250408
0100009465124000340920000000000866287920250408
0100009466101015916600000000000085272720250408
0100009472117002100780000000000127259420250408
0100009475101103079230000000000437593220250408
0100009476101015925910000000000281732520250408
0100009478124005537770000000000554015020250408
0100009481151000927880000000000275140420250408
0100009482123400058720000000000522805720250408
0100009486601024924680000000002354856220250408
0100009487123002145820000000000134147620250408
0100009489116004805230000000000038840120250408
0100009492108006767640000000000328767220250408
0100009493116101390490000000000157035620250408
0100009495620100018550000000000108481120250408
0100009500103201142420000000000236850120250408
0100009501603000855320000000000855870220250408
0100009503114100023120000000000146435920250408
0100009505113003502710000000000117092820250408
0100009515124005169630000000000135082120250408
0100009518125001462360000000001080207020250408
0100009522103006325040000000000278314420250408
0100009525120002504360000000000200894020250408
0100009527119002806840000000000665083220250408
0100009529112009299870000000000204584620250408
0100009536603000864580000000000107176120250408
0100009539124005598650000000000062147020250408
0100009546125001479050000000000072841120250408
0100009552107003829190000000000985364420250408
0100009557104010524680000000000035579920250408
0100009560124005619050000000000313952020250408
0100009561111400003140000000000317405520250408
0100009564116201406010000000000240731920250408
0100009566101016012910000000000291716920250408
0100009569103006355430000000000150387620250408
0100009570603000866520000000000855406220250408
0100009572113003597220000000000343614320250408
0100009575601024982290000000000727693120250408
0100009576102004826440000000000007167120250408
0100009586102004835590000000000099356420250408
0100009592120002415130000000000160500020250408
0100009593101111860750000000000120785020250408
0100009594124005625350000000000096914420250408
0100009597124100309570000000000629650920250408
0100009599196033611730000000000259660420250408
0100009605105101215490000000000235445920250408
0100009608106002946670000000000582640020250408
0100009609115100454890000000000185781920250408
0100009611196030123570000000004256888520250408
0100009614632000000840000000000036431620250408
0100009622615010525160000000000398943120250408
0100009624124100314510000000000465593220250408
0100009626107003878750000000000337234820250408
0100009630104005332920000000000719190220250408
0100009635109005220120000000000760863920250408
0100009638125001518650000000000240270420250408
0100009643625500010060000000000453705320250408
0100009644112202782270000000000961954620250408
0100009654163000492360000000000532624420250408
0100009657625400001200000000000363992320250408
0100009665121002195320000000000514100820250408
0100009667112009622610000000000320686520250408
0100009669102003950320000000000378800020250408
0100009671124005605950000000000285531420250408
0100009672603000920590000000000363713320250408
0100009673103006501910000000000334438320250408
0100009682125001539440000000000372449520250408
0100009683125001541890000000000347432020250408
0100009684125001541760000000000831626620250408
0100009685125001539020000000000206649120250408
0100009686127000005920000000000892038120250408
0100009688113003457940000000000668156820250408
0100009690101016290660000000000048868520250408
0100009691109005274440000000000077542920250408
0100009695625000381190000000003932304720250408
0100009699127000008220000000000985168620250408
0100009702121002233370000000001052124620250408
0100009704127000000130000000000402680720250408
0100009708123000448460000000000212002720250408
0100009717196030784050000000001018468020250408
0100009718108006950910000000000981406520250408
0100009720624000895600000000001172160720250408
0100009722624000898700000000000240396120250408
0100009723125300299840000000000695825420250408
0100009725625500001580000000001059545320250408
0100009726127000957720000000002321532520250408
0100009732124006025210000000000074091420250408
0100009733124006025470000000000054510720250408
0100009750124006126920000000003236653020250408
0100009758125600002590000000000075702220250408
0100009760125001542600000000000438272520250408
0100009773125600002620000000000429547120250408
0100009776123001959310000000000614823320250408
0100009779106002530800000000000469528620250408
0100009781116701364820000000000281625020250408
0100009786124006162610000000000493337920250408
0100009788125001547650000000001050770220250408
0100009792124006182010000000000381660520250408
0100009797124026593490000000000840804020250408
0100009799124007607190000000001390996320250408
0100009803196058187760000000002526500020250408
0100009805121002453020000000000266394620250408
0100009817101016360170000000000265931920250408
0100009822101016117860000000000196112420250408
0100009825124006171470000000000816928620250408
0100009833123400251950000000000340995720250408
0100009836101016117280000000000572746620250408
0100009840117002274690000000000126947720250408
0100009845109005402980000000001474436520250408
0100009846108007022980000000000261931320250408
0100009847103104848460000000000203960520250408
0100009851109200899080000000001029953520250408
0100009852103007172830000000000401878120250408
0100009858110004598390000000000429331620250408
0100009864158003692880000000001886922420250408
0100009867101016508730000000000428665020250408
0100009878101016332850000000000665035020250408
0100009884603000915160000000000474555220250408
0100009886121002465890000000000205363620250408
0100009889121002466310000000000411683320250408
0100009894124100378790000000000256285720250408
0100009899103007020070000000000248930920250408
0100009900103006418700000000001965788720250408
0100009914102005714450000000000269238320250408
0100009920101103741920000000000116869420250408
0100009925124006606280000000000674023120250408
0100009926601024957260000000000377862020250408
0100009928603000919150000000000383633820250408
0100009933124100371380000000000283867520250408
0100009937124006253330000000000206941420250408
0100009945101019967570000000000458254920250408
0100009950124500156420000000001350406120250408
0100009952101016432910000000000121821920250408
0100009953123101000490000000000824392920250408
0100009956625700000210000000000916398820250408
0100009959124006611190000000000152670320250408
0100009965624000952260000000001094316320250408
0100009966101016030530000000000143280820250408
0100009967124006815550000000000183796520250408
0100009971124006823470000000000196120620250408
0100009972124006819530000000000175300020250408
0100009974123101210860000000000561365020250408
0100009975624000949200000000000150887220250408
0100009979124005615360000000000402115020250408
0100009984603000936240000000000337974520250408
0100009985124006876140000000000325570020250408
0100009987624000958110000000000864566320250408
0100009990116201455410000000001360451720250408
0100009991624000957810000000000407294520250408
0100009995116700062080000000000803060420250408
0100010001624000963110000000000096533720250408
0100010002124006912280000000000201806320250408
0100010011624000965830000000001858388720250408
0100010012101016701250000000000255815020250408
0100010014125200045850000000001618241620250408
0100010016601024968380000000001045243020250408
0100010019102003767760000000000218704520250408
0100010020102301577330000000000142604820250408
0100010025101704872700000000000307574820250408
0100010029124006921750000000000303551220250408
0100010033111008117520000000000235749920250408
0100010042115003438770000000000421279120250408
0100010044128000289010000000000407865020250408
0100010059624000973500000000000909571620250408
0100010060103007503890000000000871053620250408
0100010063101016761290000000000173078720250408
0100010064116005568000000000000587532420250408
0100010067132000004660000000000158260120250408
0100010089624000981360000000000223259020250408
0100010090625000445690000000000323948420250408
0100010091102005784640000000000336605220250408
0100010100632000002700000000001964700220250408
0100010102105004695860000000000930073920250408
0100010104632000031130000000001395288420250408
0100010110116900060330000000000176023420250408
0100010111196032420890000000000521728220250408
0100010112103105190120000000000129193020250408
0100010113124000081670000000000218830420250408
0100010114621010449480000000000940664620250408
0100010117615020105660000000000527625220250408
0100010120124007117550000000001172057720250408
0100010123101302976800000000000271869020250408
0100010125101016816480000000000552890020250408
0100010127626000036600000000000657065620250408
0100010134110200449010000000000109189020250408
0100010135124500140670000000000251119720250408
0100010143124100414960000000000358642520250408
0100010148123101278570000000000440203620250408
0100010151126000468310000000000288824520250408
0100010153104500181730000000000116708320250408
0100010154124900291330000000000053626220250408
0100010156124007251650000000000150646120250408
0100010162103005708310000000000281124920250408
0100010164116700141770000000000179275720250408
0100010165101504551920000000000441892720250408
0100010167112010320510000000000492065020250408
0100010169104006191030000000000643347420250408
0100010172116004184560000000000455912620250408
0100010179124401399420000000000167284620250408
0100010181101504543000000000000264517220250408
0100010182116201725690000000000240790020250408
0100010184109300649810000000001623499620250408
0100010186101016918580000000000198461020250408
0100010187104005285820000000000461413820250408
0100010189102301654400000000000166639620250408
0100010194102102714570000000001273241220250408
0100010195113200165860000000000152753920250408
0100010198110200387970000000001391205920250408
0100010205121002955270000000000586665120250408
0100010207118001836710000000000081994120250408
0100010209124401443930000000000728969920250408
0100010213107004492500000000001236765020250408
0100010214120003134090000000000506385020250408
0100010218127000142160000000000294075120250408
0100010219124007301920000000000152531520250408
0100010222132000040220000000000256832720250408
0100010227124900302290000000000379973120250408
0100010229102301672280000000000194632320250408
0100010233102301670660000000000463465020250408
0100010236125002128980000000000242282720250408
0100010237124007283110000000000486727720250408
0100010238124007304190000000000692396920250408
0100010250104200446970000000000746078620250408
0100010251632000008660000000001137892220250408
0100010252132000051020000000001029141720250408
0100010257116303705360000000002464061820250408
0100010259132000051570000000002441859120250408
0100010261123101305430000000000717975320250408
0100010266606100092140000000000880633220250408
0100010268614020086240000000001279413720250408
0100010273132000009900000000000371413320250408
0100010274116600353470000000000061885120250408
0100010275120003394960000000000471689520250408
0100010277101016992740000000000311154920250408
0100010289101016991480000000000667384720250408
0100010295127000251950000000000605853120250408
0100010296101303128240000000001043233520250408
0100010297124007357150000000002297806620250408
0100010298102005854310000000002691600320250408
0100010305101016992900000000000282583920250408
0100010308101016991930000000000252924220250408
0100010316632000009200000000002208724520250408
0100010324124007297050000000000066633920250408
0100010325120003065710000000000348104420250408
0100010327106002521170000000000742865220250408
0100010332113200388070000000000745138020250408
0100010333125002363080000000000304084120250408
0100010336103301135280000000002541607320250408
0100010338120100144810000000000316530920250408
0100010340113004281450000000000488408320250408
0100010341624000952000000000000672756320250408
0100010349110003611470000000000160846920250408
0100010350125002351890000000000449738720250408
0100010355102005874680000000000440559820250408
0100010357137000003270000000000315728020250408
0100010360612600023030000000000418497620250408
0100010361611200133290000000000498251420250408
0100010364124007369340000000000633233320250408
0100010368104500223760000000001174098920250408
0100010376101017018740000000000496895720250408
0100010377601024992760000000000324719420250408
0100010378124007403150000000000109521620250408
0100010379624000944320000000000329938820250408
0100010380107004808820000000000338547320250408
0100010387113100237730000000000067864620250408
0100010388132000027070000000000348245020250408
0100010390103005169210000000000204439820250408
0100010394128000438470000000000125310620250408
0100010408109300783040000000001244621520250408
0100010409109005205220000000001041680020250408
0100010410115004001470000000001539938720250408
0100010413634000002310000000001330175620250408
0100010414111008950530000000001432567820250408
0100010418132000087850000000000105788620250408
0100010423116800371670000000000308982520250408
0100010425119003927920000000000312733420250408
0100010431119002805580000000000306725620250408
0100010436103007729720000000001105854620250408
0100010437102201240700000000000289353020250408
0100010438124024406260000000000125052420250408
0100010448101017117410000000000428587920250408
0100010449101017115760000000000411203520250408
0100010451101017115180000000000232106820250408
0100010453114100228000000000001533851620250408
0100010456112010682580000000000180925020250408
0100010458126000376880000000000174703620250408
0100010459139000001940000000000080539920250408
0100010467112010697780000000000102505320250408
0100010469106003190340000000000129536520250408
0100010472124007467880000000000139970020250408
0100010475108007901450000000000411590020250408
0100010476109005204540000000000219086620250408
0100010480109200735740000000000348179720250408
0100010481104003274080000000000466336520250408
0100010482123300344290000000001714832420250408
0100010485101017169240000000000269746120250408
0100010489108300140410000000000290378020250408
0100010492101017168720000000000233022820250408
0100010496101017168300000000000096002120250408
0100010500101017168690000000000179999420250408
0100010507101017168270000000000052941420250408
0100010508123003583090000000000342075420250408
0100010509101017168140000000000185246320250408
0100010519112400313120000000000064682920250408
0100010522124022949820000000002016267820250408
0100010525110005276060000000000270498820250408
0100010526110005270590000000000068366720250408
0100010528124005783960000000000801073420250408
0100010531103006224620000000000115155320250408
0100010535101602978000000000000105211520250408
0100010537124100387130000000000098940920250408
0100010541128000487450000000000166787420250408
0100010542101504673260000000000233989720250408
0100010544112010811700000000000153966420250408
0100010545101504669580000000000199793120250408
0100010546101602976770000000000171440220250408
0100010548624001041870000000001631200020250408
0100010549601025002150000000001235661720250408
0100010555632000012930000000001004325020250408
0100010558624001069290000000000482023620250408
0100010567124003300840000000000358447720250408
0100010568124007997770000000000090629820250408
0100010569124007556980000000000096506520250408
0100010574117002529840000000000505864020250408
0100010576625000584540000000000691639720250408
0100010585135200107570000000002130690920250408
0100010586111300464620000000000084300220250408
0100010588632000014800000000001000527920250408
0100010594103006888750000000000074752820250408
0100010595124007464580000000001028555420250408
0100010597101017279000000000000101677920250408
0100010600132000137410000000000249162020250408
0100010601116800859280000000000422684520250408
0100010608124007554780000000000191525020250408
0100010613105005932900000000000115716120250408
0100010615103006991490000000000047977320250408
0100010616116700187750000000000221752020250408
0100010617102100185260000000001468175020250408
0100010625101017359210000000000178959620250408
0100010628115100222080000000001002226720250408
0100010629132000144100000000000281007020250408
0100010631101017354260000000000070331720250408
0100010633124006128090000000002969916920250408
0100010635101017348960000000000223048520250408
0100010636124007606960000000000430283520250408
0100010644132000142870000000000269744720250408
0100010654116001948770000000000178535820250408
0100010655101017354000000000000188223020250408
0100010658124006824990000000000212948820250408
0100010660124007600070000000000545881120250408
0100010666625000539160000000000180326120250408
0100010667112010864500000000000295020020250408
0100010668102301859250000000000565773520250408
0100010670602300112090000000000714612420250408
0100010672182000075080000000003792075020250408
0100010680102301859380000000000353588720250408
0100010681124007600780000000000136453920250408
0100010683101017354130000000000349101220250408
0100010684602300111870000000000551819420250408
0100010687101017354390000000000230777420250408
0100010691132000144070000000000203964420250408
0100010692132000143970000000000232800520250408
0100010695116005079270000000000115572420250408
0100010701132000149280000000000301368920250408
0100010705126000629670000000000123570320250408
0100010707124027299650000000000272662020250408
0100010708124007623190000000000417509020250408
0100010710132000389200000000000264410020250408
0100010712124009096190000000000515041720250408
0100010713124007623060000000000170170020250408
0100010715101017434760000000000257065020250408
0100010717101017434630000000000203130720250408
0100010734123202140900000000000076944720250408
0100010737112010985160000000000286686520250408
0100010740112204085340000000000075358420250408
0100010741132000151760000000000104602720250408
0100010742125200152990000000000496523620250408
0100010743101017443810000000000218268520250408
0100010747112010985290000000000343519320250408
0100010748125700053510000000000390160720250408
0100010752101017443780000000000183648920250408
0100010755101017443940000000000232041720250408
0100010760125002608080000000000125346520250408
0100010773101017444590000000000403419120250408
0100010774101017442130000000000290265420250408
0100010777124007640320000000000087507520250408
0100010781101017442420000000000094693520250408
0100010784107005131570000000001155816920250408
0100010786101017501550000000000667404420250408
0100010792124007635700000000000185125020250408
0100010803132000154190000000000237796120250408
0100010804101017500580000000000132557620250408
0100010806101017501130000000000104448420250408
0100010808132000154220000000000297633020250408
0100010809601025016290000000000390559920250408
0100010810132000154350000000000063705220250408
0100010813124011784810000000000054532620250408
0100010814624000928550000000000719075020250408
0100010816103104377120000000000167700020250408
0100010823124007654000000000000025085520250408
0100010825132000158620000000000202579220250408
0100010829125100351010000000000088385520250408
0100010830109100699310000000000238809820250408
0100010831116400085810000000000075524120250408
0100010833624001059490000000000931239920250408
0100010834107101075920000000000186198620250408
0100010837102102799120000000000088810420250408
0100010839101017521530000000000276008620250408
0100010842101017521790000000000154068720250408
0100010848102301923320000000000505480420250408
0100010850102301923160000000000439084020250408
0100010851101017521950000000000332817820250408
0100010852101017522050000000000141022620250408
0100010853101017522180000000000096225920250408
0100010855102301922640000000000196439220250408
0100010857103301267640000000000464190020250408
0100010859102301922930000000000756739720250408
0100010863101017567640000000000285812420250408
0100010864132000159850000000000148424420250408
0100010868102301923290000000000264814120250408
0100010870102301923870000000000175784820250408
0100010871116900133720000000001132921720250408
0100010873132000157650000000000337562120250408
0100010876136000084390000000000452660920250408
0100010877101017525190000000000157905120250408
0100010879124007655520000000000534433020250408
0100010880124600398190000000000360965020250408
0100010884124007656040000000000297106120250408
0100010888132000157520000000000278856920250408
0100010891124007661400000000000118653820250408
0100010892124900661700000000000624978720250408
0100010893102301923900000000000193770720250408
0100010900101017522470000000000293386520250408
0100010905101017523310000000000183031520250408
0100010906107005192580000000000369273220250408
0100010910132000162270000000000182772220250408
0100010912624001076740000000000316977220250408
0100010913132000159300000000000133021720250408
0100010914124007667840000000000229217920250408
0100010915132000163530000000000209240020250408
0100010919136000093570000000001004271720250408
0100010924124007678640000000000304760120250408
0100010928116303610950000000001204852720250408
0100010929103103861220000000000453036020250408
0100010931132000164500000000000251414320250408
0100010932123400460060000000000075092820250408
0100010933114004575560000000000330890920250408
0100010934132000162560000000000137052920250408
0100010939196038954900000000001201845020250408
0100010941132000164470000000000141897120250408
0100010945124007683130000000000503395620250408
0100010946103005745780000000000072840920250408
0100010947124007671780000000000688837620250408
0100010948101017595410000000000317671920250408
0100010950101017595120000000000357245320250408
0100010951101017595090000000000244826620250408
0100010955101017595960000000000216839720250408
0100010957101017595540000000000172466320250408
0100010958101017596480000000000183882620250408
0100010960101017596930000000000098252920250408
0100010962101017596770000000000220352120250408
0100010968124007678930000000000168066620250408
0100010970101017595700000000000318045920250408
0100010971102201581010000000000174970320250408
0100010972103301281150000000000110711020250408
0100010974102302033600000000000476665020250408
0100010978196035126130000000000891056120250408
0100010979106002840200000000000072522220250408
0100010980116006141400000000000153470120250408
0100010982624001066860000000001671025020250408
0100010983154000036120000000000149617320250408
0100010984101017597900000000000049827520250408
0100010986124007693250000000000064634720250408
0100010987132000165990000000000074786220250408
0100010989116005477700000000000412372920250408
0100010991101017597870000000000293932120250408
0100010992110101596500000000000874761920250408
0100010999124700569730000000000125400720250408
0100011006106003772960000000000209514620250408
0100011009132000169840000000000258939020250408
0100011015132000169710000000000139810820250408
0100011019624300014910000000001643930520250408
0100011022103008304870000000000327033320250408
0100011025124007823860000000000880365420250408
0100011027124007826740000000000111587420250408
0100011028112011150460000000000428340020250408
0100011029112011150330000000000475065020250408
0100011033116202016050000000000115358320250408
0100011034132000179960000000000160232320250408
0100011037124007824830000000000130454920250408
0100011038101104733490000000000813951520250408
0100011042108008084060000000000379703820250408
0100011043117002924520000000000340165020250408
0100011048132000179250000000000149164920250408
0100011052124007678350000000000529765020250408
0100011064124007830710000000000140549420250408
0100011070602300121080000000000368648020250408
0100011073123003383030000000000515093420250408
0100011078124007845880000000000240646420250408
0100011079132000186650000000000404840020250408
0100011084132000189530000000000303690020250408
0100011086124005780400000000000619566820250408
0100011087132000186520000000000382015020250408
0100011090112011161680000000000572220120250408
0100011091115100780450000000000394875820250408
0100011110132000194440000000000209488220250408
0100011112101017828060000000000577152220250408
0100011115196076895770000000000399590020250408
0100011116132000198840000000000097213420250408
0100011118132000198970000000000491190020250408
0100011121124007812220000000000154948420250408
0100011126124007830550000000000129468020250408
0100011127101017796150000000000181971720250408
0100011132132000194310000000000158670220250408
0100011133101017797120000000000298387420250408
0100011134101017797250000000000261789720250408
0100011135196069660910000000000277317220250408
0100011147124007831650000000000058562720250408
0100011148124900246330000000000284063420250408
0100011150101017796570000000000101755720250408
0100011156101017796860000000000716462020250408
0100011166124007856000000000000130408520250408
0100011173126000795780000000000204225020250408
0100011175124700616960000000000032480920250408
0100011178101017841470000000000089496420250408
0100011179101017796280000000000188915220250408
0100011181124401935480000000000085631520250408
0100011184116005986930000000000646482920250408
0100011186124007871610000000000069912520250408
0100011192110005537190000000000252481620250408
0100011198103008859110000000001170799720250408
0100011199124007882090000000000179552220250408
0100011201112011249720000000000904716720250408
0100011204105101096130000000000347549920250408
0100011205113004711050000000000327072120250408
0100011209132000002330000000000191620020250408
0100011211104500456410000000000035159620250408
0100011213124007887170000000000624399620250408
0100011215101017883500000000000250871020250408
0100011219101017883470000000000197520920250408
0100011224130000321170000000000874381620250408
0100011225120003646650000000002135017820250408
0100011228132000219370000000001092071720250408
0100011234624001086700000000000608951420250408
0100011237614010619040000000000152353120250408
0100011241113200268770000000000203942520250408
0100011247105102082970000000000285332820250408
0100011253111009632020000000001176620920250408
0100011256109300885720000000000784411920250408
0100011257101105878660000000002029521120250408
0100011260116800477460000000001165884420250408
0100011261124800348430000000001771589920250408
0100011270132000213770000000000102774120250408
0100011273116800372190000000000617315420250408
0100011274124700204880000000000092239620250408
0100011284124007927160000000001220439820250408
0100011286112011298540000000000194345120250408
0100011289132000221850000000000593775920250408
0100011291101017938820000000000999389620250408
0100011293124007915550000000000410948620250408
0100011295124007924440000000000585165020250408
0100011296132000266310000000000157631720250408
0100011299109006681670000000001647545720250408
0100011300132000228840000000000435295420250408
0100011302124007915260000000000517895820250408
0100011310124007910340000000001071311720250408
0100011312124007930580000000000361951120250408
0100011316101017944090000000000615492220250408
0100011319101017943860000000000835359420250408
0100011321101017944830000000000877976420250408
0100011322102006152330000000000960027520250408
0100011324101504829450000000001015947820250408
0100011332101017944540000000001079026620250408
0100011336105201187140000000000769115720250408
0100011364116005933970000000000227620720250408
0100011366124100356640000000000198706120250408
0100011367103004457330000000000170204520250408
0100011368109101656990000000000181687220250408
0100011369121003840850000000000528555920250408
0100011372132000270410000000000774407820250408
0100011373132000270380000000000401879920250408
0100011378109006742290000000000673755620250408
0100011380124007938380000000000067587620250408
0100011381124007938250000000000233130420250408
0100011382111009695520000000000111277320250408
0100011387109006660620000000000164661820250408
0100011388132000380010000000000222660420250408
0100011393109006741800000000000634123420250408
0100011396109006658690000000000263831820250408
0100011397101018008140000000000109221820250408
0100011399111009220650000000000129431220250408
0100011400602300165100000000000121767720250408
0100011401632000044540000000000137323920250408
0100011409124007946040000000000126483920250408
0100011410123003475690000000000090938220250408
0100011411124007873520000000000271372720250408
0100011415101018008720000000000040171120250408
0100011416132000275590000000000454173220250408
0100011423109006780210000000000133120420250408
0100011424104004982300000000000418265020250408
0100011425104006815000000000000302656920250408
0100011427124007952890000000000251490120250408
0100011428112011737290000000000379590020250408
0100011429101705256400000000000778347120250408
0100011432101705256660000000000863131820250408
0100011433101705256530000000000814477520250408
0100011434101705256790000000000936924520250408
0100011438119004233990000000000090803020250408
0100011442124007950720000000000130880620250408
0100011443124007941090000000000059469820250408
0100011444119004230720000000000248969020250408
0100011449103009236110000000001881892620250408
0100011450124007952760000000000094612320250408
0100011451104005943830000000000097329320250408
0100011453116700259620000000000188925020250408
0100011456112011043290000000000178606320250408
0100011458124007963270000000000609671420250408
0100011459102302332590000000001090554320250408
0100011464126000880190000000000590614320250408
0100011468102301141030000000000258491620250408
0100011474103201106570000000000415609320250408
0100011478123101568570000000000490811420250408
0100011479116900340470000000000073276020250408
0100011480121003800890000000000368196120250408
0100011488124007958520000000000050095420250408
0100011489101018047390000000001288232620250408
0100011490116006427010000000000512601420250408
0100011491124700581620000000000885027920250408
0100011493124007971640000000000989661020250408
0100011496112011769750000000001143580920250408
0100011497104500512820000000000972071220250408
0100011510101018046580000000001081548220250408
0100011512124007876530000000000323681120250408
0100011513101018046900000000000586705120250408
0100011515101018046870000000000844766720250408
0100011517101018048360000000001721335120250408
0100011525101018088610000000000971354920250408
0100011526132000389910000000000170812920250408
0100011527124007467170000000000417418320250408
0100011538103007930030000000002966258020250408
0100011544112011737030000000001209817420250408
0100011549124007889530000000000250631020250408
0100011550101018047260000000001051381720250408
0100011551101018088290000000000078405120250408
0100011552124007983380000000002295659120250408
0100011557124009512690000000000233015020250408
0100011563107400184740000000001026128220250408
0100011565124500433420000000001423987120250408
0100011566112011761660000000004529140920250408
0100011567101018093070000000000631173420250408
0100011568124008028710000000000808608120250408
0100011576124007995310000000000333533020250408
0100011578112011761790000000000207969720250408
0100011579124100460800000000002000510320250408
0100011583103105662300000000000435753220250408
0100011585124007977790000000000518548020250408
0100011587124007988460000000000153072920250408
0100011588124007996670000000000122875320250408
0100011590125002827630000000000352857620250408
0100011594101018157600000000000685394620250408
0100011597101018157990000000000158749220250408
0100011599101018158120000000000096609520250408
0100011601101018158380000000000157869320250408
0100011602101018158410000000000282747720250408
0100011603101018158540000000000506239720250408
0100011606124007998160000000001174275020250408
0100011607101018158830000000000163176720250408
0100011610101303993390000000000093421920250408
0100011611102302400930000000000607820220250408
0100011612112011794800000000000447210120250408
0100011614124007997930000000000222047320250408
0100011621101018157280000000000199571820250408
0100011623101018157020000000000089378120250408
0100011626124007998030000000000258914220250408
0100011627124007991590000000000160770320250408
0100011630124008012670000000000131061420250408
0100011638124008027290000000000150919420250408
0100011642124008022660000000000810735020250408
0100011643153000656890000000000358370620250408
0100011644101105677470000000000218519320250408
0100011647113100835350000000000096903620250408
0100011649112011874010000000000662436320250408
0100011650123201397060000000000083832320250408
0100011651124007843550000000000194898520250408
0100011654109006844000000000000150893820250408
0100011656124008026510000000000097867720250408
0100011657132000425340000000000185071920250408
0100011658108300107730000000000276764220250408
0100011661132000423010000000000316616320250408
0100011663124008014580000000000848243520250408
0100011664124008015130000000000115507420250408
0100011667124007656910000000000049781120250408
0100011668124007929520000000000395168620250408
0100011669124008034980000000000111923920250408
0100011672121004099990000000000051475820250408
0100011673121003380440000000000455530920250408
0100011683101603579990000000000335191020250408
0100011692124008064110000000000109890320250408
0100011693102302482280000000000335755620250408
0100011696124008057390000000000404740020250408
0100011697102302482310000000000268982120250408
0100011702101018273890000000000122091420250408
0100011709132000444930000000000040042920250408
0100011710116005317280000000000224524320250408
0100011711132000444800000000000068411220250408
0100011712124008073710000000000282697320250408
0100011713124008073420000000000751388720250408
0100011723124008070380000000000172767420250408
0100011725107005901120000000000144587420250408
0100011726124008079570000000000499673420250408
0100011731132000435170000000000079713020250408
0100011732112011921240000000000346547920250408
0100011733134600073590000000000492692920250408
0100011735106004027630000000000628943720250408
0100011736116004017350000000000076641920250408
0100011741124600204330000000000372115020250408
0100011744119004406150000000000164173920250408
0100011749124008085030000000000281837120250408
0100011776105006546340000000000256008020250408
0100011777116201393240000000000245948520250408
0100011780101018339200000000000249648620250408
0100011782101018339460000000000321582820250408
0100011783124800118820000000000026676620250408
0100011785124008045490000000000132946020250408
0100011787124008102290000000000231545120250408
0100011788124008014450000000000192425220250408
0100011792132000448330000000000119139120250408
0100011793132000451200000000000078697220250408
0100011799124006141660000000000845627320250408
0100011804101018339040000000000212416120250408
0100011805101018339170000000000211030820250408
0100011806624001119140000000000175471220250408
0100011807101018339880000000000163466420250408
0100011810624700083220000000000284613520250408
0100011811124008102160000000000150616020250408
0100011815625000500380000000000271018920250408
0100011819102102788870000000000177451720250408
0100011820132000454050000000000379614720250408
0100011822124100786630000000000171610520250408
0100011823102301860500000000000191696720250408
0100011825124008102320000000000226400020250408
0100011826116900159140000000000130733520250408
0100011827116201601860000000000140861420250408
0100011837107200987080000000001031929620250408
0100011838107400470210000000000430640020250408
0100011842132000461450000000000118994920250408
0100011844112012066410000000000080784420250408
0100011859107200987110000000000187548520250408
0100011860124008090100000000000144280120250408
0100011862101018408290000000000253806520250408
0100011863101018408160000000000330565620250408
0100011864101018408030000000000097971720250408
0100011865101018406960000000000370522320250408
0100011868101018407480000000000224834120250408
0100011874101018408610000000000162685320250408
0100011875101018408870000000000507177620250408
0100011876101018408740000000000162445420250408
0100011878101018408450000000000090698420250408
0100011880101018407220000000000248068320250408
0100011882101018406830000000001068418520250408
0100011884126000984520000000000191054320250408
0100011886124008163460000000000176646320250408
0100011887123201564750000000000144441220250408
0100011891101018440450000000000398285320250408
0100011900101018439490000000000311861620250408
0100011905101018438970000000000269790920250408
0100011907101018437870000000000253537520250408
0100011911101018438260000000001038992320250408
0100011913101018438680000000000292303320250408
0100011915101018438420000000000214497520250408
0100011918132000469540000000000190272920250408
0100011922151000220040000000000151057520250408
0100011923124008211660000000000055703620250408
0100011926124007124110000000000132758420250408
0100011927101018423800000000000279841320250408
0100011928124012652420000000000502065020250408
0100011929101018424030000000000065881620250408
0100011932132000042680000000000596054520250408
0100011934132000469960000000000176604620250408
0100011937123101428580000000000086545820250408
0100011939101016004830000000000225252520250408
0100011941132000466400000000000223149820250408
0100011942101018406410000000000219700620250408
0100011944101704408350000000000322077420250408
0100011947101018363380000000000238335420250408
0100011952112012131420000000000575558420250408
0100011954124006235420000000000248375120250408
0100011956106004050450000000000155575020250408
0100011958101018438390000000000287510620250408
0100011962124007462670000000000300699520250408
0100011964124008215190000000000045086820250408
0100011966124005148680000000000094948920250408
0100011974112012217230000000000265794120250408
0100011976111010188130000000000356192120250408
0100011978112012217360000000000259664420250408
0100011979112012216970000000000105396820250408
0100011980109006996020000000000340405020250408
0100011982109007002320000000000391122620250408
0100011985109007031320000000000916924720250408
0100011992124008209890000000000250510320250408
0100011994124008007050000000000422494420250408
0100011996124008209500000000000461153920250408
0100011997101018512030000000000301779120250408
0100012001101018512160000000000310905120250408
0100012002101018511770000000000429157920250408
0100012004101018510960000000000684712720250408
0100012006101018512610000000000178897820250408
0100012007101018512290000000000338991820250408
0100012009101018511220000000000229791220250408
0100012016101018509870000000000076006020250408
0100012017110200678810000000000230273820250408
0100012023101018511190000000000148822620250408
0100012024124008295110000000000084458020250408
0100012026101505043440000000000649765020250408
0100012028101018508480000000000103230720250408
0100012029101018508350000000000201867120250408
0100012032101018508800000000000289662020250408
0100012034101018508640000000000261165620250408
0100012036101018509320000000000108247820250408
0100012041101018508930000000000280024820250408
0100012044101018510700000000000335571620250408
0100012046101110972450000000000535047820250408
0100012047101018510380000000000274918020250408
0100012048101018510250000000000114628620250408
0100012050101018510090000000000238471220250408
0100012054124008206200000000000165675020250408
0100012056112012452460000000000575428520250408
0100012058105004687810000000000580695920250408
0100012060116500320070000000000273409220250408
0100012068112012451650000000000322896720250408
0100012072132000036700000000000213878620250408
0100012073112012451070000000000395943720250408
0100012074101018510670000000000244940220250408
0100012075132000495240000000000155525120250408
0100012081112012451810000000000069328020250408
0100012082112012451780000000000167668020250408
0100012087111300697400000000000330802520250408
0100012089101018583450000000000284258020250408
0100012091101018582190000000000340689020250408
0100012092108101702600000000000095105720250408
0100012093132000502250000000000335359420250408
0100012095126001147470000000000205820520250408
0100012097101018583290000000000262446520250408
0100012098101018581830000000000223931220250408
0100012100101018582350000000000238129520250408
0100012101116006877820000000000302951620250408
0100012103101018582060000000000340266620250408
0100012107101018582480000000000231173720250408
0100012108101018581670000000000597872020250408
0100012109101018582640000000000363318920250408
0100012111101018583320000000000136438820250408
0100012112124008206590000000000098851420250408
0100012114124008330990000000000091836020250408
0100012115124008326050000000000160633420250408
0100012118153000712170000000000299195820250408
0100012119101016060210000000000130138920250408
0100012121124008373380000000000149486720250408
0100012122124008373410000000000636189720250408
0100012123124008373540000000000425114320250408
0100012130101016698060000000000121701620250408
0100012131101017200040000000000589379420250408
0100012133101017083560000000001036146820250408
0100012134124007307070000000000423841720250408
0100012138101016936650000000000175185120250408
0100012139124008386250000000000507209720250408
0100012140101016696990000000000326238320250408
0100012141101503565760000000000442465020250408
0100012142112012590830000000000247092520250408
0100012145112012599020000000001003770720250408
0100012146109007321030000000000445665020250408
0100012151109007320350000000000439415020250408
0100012155109007320930000000000285733920250408
0100012157109007320510000000000422555620250408
0100012159116006903130000000000299126820250408
0100012163101018668870000000000369406320250408
0100012164101018668160000000000750553520250408
0100012169101018668740000000000555996520250408
0100012171102102947060000000000268226520250408
0100012174121002349570000000000302831920250408
0100012177124008395140000000000219642920250408
0100012178124008396370000000000085711420250408
0100012179101017358530000000000075559720250408
0100012180107006365390000000000064902720250408
0100012181124008410780000000000525406720250408
0100012182101017128920000000000206462620250408
0100012183124008409720000000000149825620250408
0100012185101018668580000000000099893220250408
0100012189101018668610000000000250990620250408
0100012190124200567950000000000153517320250408
0100012191124200568050000000000148743020250408
0100012195101018668290000000000141339020250408
0100012196124008392680000000000120150120250408
0100012198116004707820000000000229619920250408
0100012199132000620510000000000113793220250408
0100012200116006907080000000000178217720250408
0100012206124800473640000000000273295620250408
0100012212158001063570000000000076937820250408
0100012213124008410810000000000115150620250408
0100012217101018670770000000000408428020250408
0100012218113005280900000000000210850420250408
0100012220124008312370000000000165225120250408
0100012223124008092270000000000077754720250408
0100012225101016738500000000000207413620250408
0100012228101018650530000000000197899720250408
0100012229104007869550000000000228932320250408
0100012233124007359930000000000462865520250408
0100012238124008408910000000000249090020250408
0100012241124008462640000000000643752720250408
0100012242124008444150000000000347932320250408
0100012244112012652970000000000081157120250408
0100012253126000710680000000000392888420250408
0100012256112012653100000000000167709020250408
0100012258112012693290000000001925418420250408
0100012260116202508050000000000496258820250408
0100012261101017529040000000000461977120250408
0100012263101018700060000000000483520420250408
0100012264124008463030000000000504938620250408
0100012265132000632250000000000096327520250408
0100012266102302288820000000000841735320250408
0100012267101018698680000000000694485520250408
0100012270101018698840000000002249466120250408
0100012272101018699810000000000874059520250408
0100012275124008299480000000000171945620250408
0100012276124008474120000000000450230820250408
0100012279101018699230000000000874517520250408
0100012280101018699100000000000979758820250408
0100012285101018699780000000000909402520250408
0100012286101018699520000000000708280420250408
0100012295112012693320000000000649249520250408
0100012299124008490380000000000521815020250408
0100012300101303629000000000000213931820250408
0100012301124007452710000000000300508020250408
0100012303132000636780000000001930577220250408
0100012304124003195390000000000609262920250408
0100012305132000635680000000000796805620250408
0100012309109007398630000000000714966320250408
0100012311109007398890000000000576701020250408
0100012313159000001520000000000535872220250408
0100012315135000102070000000000587775720250408
0100012319112012700040000000000406741620250408
0100012326101016737950000000000201254120250408
0100012327132000662190000000000536065020250408
0100012328101017205670000000000345774020250408
0100012332101021125270000000000142957120250408
0100012333116202807780000000000193191520250408
0100012334124008609490000000000284202720250408
0100012335121200253600000000000315037820250408
0100012340159000001070000000000952501420250408
0100012342132000635420000000001177918720250408
0100012343101201551590000000000359042720250408
0100012346132000635550000000001258345220250408
0100012347124008374770000000000232620020250408
0100012348124008645500000000001408726820250408
0100012349101018813090000000001135216020250408
0100012351101018813410000000002700324220250408
0100012353101018812310000000001277031520250408
0100012355101018813380000000001567570120250408
0100012356101018811180000000000991978220250408
0100012360101018811340000000001461996920250408
0100012363101018812020000000001332577820250408
0100012364101018812570000000000897508220250408
0100012365101018812280000000000913217020250408
0100012367101018814220000000001964927720250408
0100012369101018812440000000000926678720250408
0100012370101018812150000000001127559120250408
0100012371101018812860000000000824703520250408
0100012372101018813960000000000934646520250408
0100012374101018811920000000001127974920250408
0100012376104005368880000000000187420020250408
0100012380632000049930000000001444577420250408
0100012384101018812600000000001292491020250408
0100012386156000632250000000000999407420250408
0100012390112012774760000000000278251020250408
0100012391112012733600000000000992907620250408
0100012394117003462430000000000970137120250408
0100012398109008371890000000000918368320250408
0100012400132000665520000000000232910720250408
0100012403124008605540000000000565881420250408
0100012407123300475680000000000038926020250408
0100012408132001022120000000001187436920250408
0100012411121004697350000000001914584620250408
0100012413101018826410000000001350736320250408
0100012414101018813830000000001229647820250408
0100012415158001293210000000000672560220250408
0100012417107101397220000000000363187920250408
0100012419132000131810000000000324762020250408
0100012426116007176490000000000016452120250408
0100012427132000128650000000000904927520250408
0100012431112012988820000000001012898320250408
0100012433124008384630000000000096307320250408
0100012437124005434860000000000100574820250408
0100012438124006912990000000000131433620250408
0100012440117003311060000000000219488120250408
0100012443112013075950000000000372815020250408
0100012445101017145440000000000237600820250408
0100012446106004449540000000000655681820250408
0100012447112012991820000000001147954420250408
0100012452124009098420000000000882933920250408
0100012455124200566270000000000714322920250408
0100012456123400596530000000000389825320250408
0100012457124009135820000000000506761820250408
0100012462124006911630000000000345475020250408
0100012463124100411240000000000551965020250408
0100012464132000038870000000000111939620250408
0100012467132000131230000000000054816820250408
0100012468112013073620000000000254866320250408
0100012470132000102810000000000337498820250408
0100012471132000078410000000000368777820250408
0100012472101102994130000000000496832720250408
0100012473124009135660000000000457771120250408
0100012476132000070320000000000486843320250408
0100012481124009116650000000001356179120250408
0100012488101018847750000000000252245120250408
0100012490132000674700000000000407056120250408
0100012493101018849950000000000108991520250408
0100012494101018848560000000000293959920250408
0100012495132000130680000000000168171720250408
0100012498132000127390000000000217709220250408
0100012500133000542760000000000506511820250408
0100012503124009151790000000000185592920250408
0100012509132000686570000000000249398320250408
0100012510116005595220000000000251656020250408
0100012511101018847880000000000105323820250408
0100012512101018848270000000000041618620250408
0100012513101018848140000000000176197420250408
0100012514124008152660000000000188115620250408
0100012518101018848720000000000312302920250408
0100012521101018847910000000000094766020250408
0100012524124009141250000000000111769820250408
0100012529101018846940000000000208571120250408
0100012530101018847200000000000175199720250408
0100012534101018849790000000000343573320250408
0100012537116204716840000000000361946220250408
0100012539124900697530000000000062426620250408
0100012541124006988810000000000461690020250408
0100012543124009144680000000000408889420250408
0100012544101018847590000000000198442820250408
0100012546132000130420000000000161219920250408
0100012548124701712980000000000155600020250408
0100012550124009166310000000000035733520250408
0100012554124009163010000000000371171120250408
0100012555124009151660000000000119959720250408
0100012556101018848300000000000161302720250408
0100012557106101478110000000000119931520250408
0100012559112013118080000000000318165020250408
0100012561112013118110000000000211778520250408
0100012562112013117980000000000071140920250408
0100012567132000694780000000000146272420250408
0100012568123003154070000000000065850320250408
0100012570112012988950000000001410574720250408
0100012572124009166600000000000245433820250408
0100012573132000694940000000000854710020250408
0100012574132000448040000000000101565320250408
0100012577112011225470000000000100508520250408
0100012578112012988790000000000448893720250408
0100012579116304295680000000000081233020250408
0100012580108009330700000000000404149820250408
0100012586101016671090000000000028851520250408
0100012588110102156750000000000318721920250408
0100012591124009208180000000000011938320250408
0100012594106002761350000000000185372920250408
0100012600124009162620000000000123732220250408
0100012605124008278270000000000141036320250408
0100012607124401504000000000000161093320250408
0100012613124700921570000000000041029120250408
0100012621123201691870000000000151900020250408
0100012622124009160130000000000148001920250408
0100012625124700921730000000000094268220250408
0100012629124008137210000000000039498820250408
0100012633124009239380000000000344282820250408
0100012634132000700010000000000085429620250408
0100012635124200519940000000000267513320250408
0100012638124009231740000000000281553120250408
0100012645112013239640000000000256467820250408
0100012646124009210820000000000182973220250408
0100012650124009241600000000000079885520250408
0100012657123300232360000000000157884920250408
0100012659124009274680000000000211405620250408
0100012660104004831930000000000151417620250408
0100012667124009275520000000000163150820250408
0100012668128000222400000000000172764820250408
0100012674124009274420000000000120733620250408
0100012677124009273870000000000160247020250408
0100012685110005237940000000000455561420250408
0100012687101505408610000000000161447420250408
0100012688124009273610000000000419579220250408
0100012691124009274710000000000340420620250408
0100012692124009265950000000000212738720250408
0100012693116900648420000000000435183220250408
0100012695116007400560000000000110164620250408
0100012696102006928580000000000385576420250408
0100012699124100929530000000000108033620250408
0100012702124009278110000000000160436620250408
0100012703124009281110000000000268909520250408
0100012711124008132680000000000131548820250408
0100012712132000713010000000000415727520250408
0100012713112013250270000000000179378720250408
0100012716112013314800000000000103520720250408
0100012718124009283150000000000166096320250408
0100012720112013246620000000000093490920250408
0100012724103009460540000000000141448720250408
0100012727127001138320000000000102154820250408
0100012731125600059660000000000154808120250408
0100012735124009282920000000000091048120250408
0100012737124009706510000000000221840120250408
0100012740154000182120000000000043584320250408
0100012743158001394470000000000822640120250408
0100012746112013348690000000000205842020250408
0100012749112013348300000000000248283820250408
0100012751120100982160000000000274194420250408
0100012753124008384340000000000260529020250408
0100012757112013348560000000000160614320250408
0100012758112013348270000000000252195520250408
0100012763112013345130000000000553490020250408
0100012767108007229640000000000051028920250408
0100012768124009704860000000000240918520250408
0100012769124009326730000000000287428120250408
0100012774124008394880000000000146441420250408
0100012776104006251680000000000134312420250408
0100012782124009706640000000000133428220250408
0100012783132000102940000000000145265820250408
0100012784124009734540000000000139995820250408
0100012786124006062000000000000080452320250408
0100012788112013351980000000000273908820250408
0100012790124009207790000000000058205820250408
0100012792120004268460000000000123082820250408
0100012797101504952200000000000027087620250408
0100012799112013352110000000000349237020250408
0100012803112013350910000000001129164320250408
0100012807112013349240000000000109656420250408
0100012810112013350170000000000286074320250408
0100012812121004938660000000000195750320250408
0100012815124009692220000000000057522820250408
0100012816125003734100000000000078581020250408
0100012818112013351850000000000296845820250408
0100012822112013349080000000000333985820250408
0100012828112013349530000000000329916520250408
0100012830124009715240000000000189080220250408
0100012831110101869790000000000179829220250408
0100012832104201326190000000000079180620250408
0100012833102303590780000000000213952520250408
0100012835124009754070000000000134211020250408
0100012836124009732180000000000123834120250408
0100012837124101431320000000001160433520250408
0100012840112013497280000000000307469720250408
0100012841112013445900000000000142196420250408
0100012842124010506770000000000204050020250408
0100012849111201339060000000000193683520250408
0100012851124200636100000000000156599320250408
0100012852124009767360000000000283531220250408
0100012855123203516070000000000326075420250408
0100012857124200637170000000000202471220250408
0100012863124200635260000000000267407820250408
0100012867124009767520000000000196386120250408
0100012869153000369480000000000815629720250408
0100012875112013354600000000000214579620250408
0100012877112013498090000000000235155720250408
0100012879112013501440000000000190151020250408
0100012882112013355250000000000333115720250408
0100012884112013355700000000000110253720250408
0100012891124006171340000000000176653420250408
0100012894124200636650000000000315469020250408
0100012895124200634900000000000395085620250408
0100012896124200636810000000000213959920250408
0100012902121002802730000000000233659720250408
0100012903101504702740000000000173439220250408
0100012904123003793750000000000077813420250408
0100012907124010579840000000000173928620250408
0100012908125200233040000000000109992820250408
0100012909102301645510000000000104224420250408
0100012910132000774730000000000476228620250408
0100012911124010578450000000000176816320250408
0100012912112013501570000000000088067020250408
0100012914101019017840000000000071205220250408
0100012916101019016290000000000226957120250408
0100012924124004858290000000000185850020250408
0100012926124800572730000000000217072220250408
0100012929116002660220000000000529028720250408
0100012931101019016870000000000139368920250408
0100012932101019016320000000000068418320250408
0100012940101019015190000000000278941020250408
0100012944101019018070000000000265436820250408
0100012946101019016030000000000147408020250408
0100012948603300259610000000000933150020250408
0100012950123201727180000000000075411520250408
0100012951124009191330000000000076892920250408
0100012956104006864080000000000072439120250408
0100012957127000760630000000000359764920250408
0100012961107005471100000000000150650020250408
0100012964124007383140000000000200645020250408
0100012965132000041290000000000406263620250408
0100012966132000183800000000000100051820250408
0100012967124007303830000000000307142720250408
0100012968126000074270000000000061275520250408
0100012972110200088790000000000298332020250408
0100012975124006939540000000000318690020250408
0100012976123000470050000000000090070120250408
0100012979117003113460000000000077899620250408
0100012981112103272460000000000104719220250408
0100012989116300220590000000001005254420250408
0100012990111101668050000000000326504120250408
0100012991124009204230000000000178927420250408
0100013000116700186100000000000073193520250408
0100013004101017115920000000000093220320250408
0100013005124007297760000000000118674720250408
0100013011132000070450000000000000000020250408
0100013012116700195540000000000480240020250408
0100013016101106178170000000000204859620250408
0100013017103105699070000000000188695020250408
0100013019125001645190000000000072003420250408
0100013020124007598430000000000138650020250408
0100013026110005557040000000000413492320250408
0100013028112009973750000000000371860720250408
0100013029116301340280000000000928777420250408
0100013032105005294840000000000154875020250408
0100013033109006456140000000000087438720250408
0100013034118001299070000000000895293720250408
0100013035116005943960000000000016212420250408
0100013038109006344050000000000163058620250408
0100013043117002356680000000000052877020250408
0100013047107005250930000000000138650020250408
0100013049101504696540000000000226193020250408
0100013053121004093390000000000094453620250408
0100013062124009761630000000000140183420250408
0100013068108006969480000000000226489620250408
0100013071105003272040000000000445942420250408
0100013074129000144070000000000188378320250408
0100013076104201326060000000000063261520250408
0100013077103004342070000000000073842920250408
0100013078101017943570000000000315119020250408
0100013082116005094200000000002276424720250408
0100013087102005892040000000000218155220250408
0100013089121300239770000000000111088020250408
0100013091112013353760000000000179820020250408
0100013094101016697090000000000148279920250408
0100013097124005087800000000000093423120250408
0100013104124007938120000000001232745020250408
0100013106116800042550000000000675840620250408
0100013116123100471280000000000062305020250408
0100013125101104781370000000000158977420250408
0100013126101017241780000000000136689920250408
0100013128123101878390000000000105357020250408
0100013129101017241650000000000200921120250408
0100013136132000078250000000000176581220250408
0100013140124009152890000000000183800020250408
0100013143114008785200000000001037250020250408
0100013144112013609270000000000092306020250408
0100013145124100386580000000000489082820250408
0100013146102302130330000000000098159720250408
0100013149124700985620000000000092445020250408
0100013150124009203710000000000059581320250408
0100013151124008426660000000000155597120250408
0100013152124008104650000000000175013020250408
0100013153157000057330000000000788803320250408
0100013158124008490120000000000385905320250408
0100013166124100399290000000000441091520250408
0100013167124008394910000000000447162920250408
0100013168124008306780000000000145992720250408
0100013173124700070320000000000046774120250408
0100013178109006347510000000000158179720250408
0100013179123002435530000000000036007220250408
0100013180124101327030000000001156924720250408
0100013181125400002620000000000113516420250408
0100013182129000017240000000000103909520250408
0100013184103005935910000000000515624120250408
0100013192102303095360000000000280669620250408
0100013193158001293630000000000150745420250408
0100013196124011776990000000000219325020250408
0100013206124006953890000000000015414520250408
0100013209124011782030000000000098797620250408
0100013210124011872810000000000088664120250408
0100013212124011882800000000000067672220250408
0100013214101017931670000000000804211520250408
0100013216124011807830000000000211001020250408
0100013218124700985880000000000082950420250408
0100013220124011776570000000000068744020250408
0100013221124009709520000000000161639320250408
0100013224124011808060000000000107926520250408
0100013228101017146250000000000029151920250408
0100013230112010719150000000000389322720250408
0100013231105006447410000000000057816220250408
0100013232112013636940000000000357650920250408
0100013233112013636810000000000384298520250408
0100013234112013637200000000000178727120250408
0100013236112013636490000000000735511720250408
0100013239112013636360000000000178572620250408
0100013240112013636650000000000090133720250408
0100013241116007601460000000001002524620250408
0100013242124010524130000000000169436820250408
0100013243132000534550000000000210437020250408
0100013250112013791410000000000269866820250408
0100013251112013790310000000000169309120250408
0100013252112013790280000000000198057720250408
0100013254124011766580000000000063751720250408
0100013265110004056470000000000797535420250408
0100013266101016458880000000000076274720250408
0100013267124009323270000000000267166120250408
0100013269112013795230000000000568320220250408
0100013272124009711550000000000150586320250408
0100013273124011765480000000000108090020250408
0100013276124012005110000000000367812020250408
0100013277132000483050000000000077059620250408
0100013279112013795360000000000939759820250408
0100013284116601002010000000000092276420250408
0100013286124300223630000000000362162320250408
0100013288108009790920000000000028875720250408
0100013290123001587160000000000161715620250408
0100013292104006219130000000000845140020250408
0100013293124300324210000000000328401820250408
0100013294124011985000000000000233024020250408
0100013302101019108720000000000180133920250408
0100013304123003873830000000000203365120250408
0100013306124012042160000000000453735120250408
0100013310101019109530000000000200543120250408
0100013311101019108270000000000330241120250408
0100013312101019108980000000000137724420250408
0100013315101019108850000000000256970020250408
0100013330112013797010000000000093098120250408
0100013331112013797270000000000249550920250408
0100013333112013801980000000000202944520250408
0100013337112013800200000000000239606720250408
0100013345124012170410000000000375185820250408
0100013349112013799180000000000182833220250408
0100013350116002663360000000000751181320250408
0100013351101019142050000000000288948520250408
0100013352101019141820000000000286598820250408
0100013354101019142890000000000123161920250408
0100013355101019142500000000000289559220250408
0100013362101019248970000000000637939820250408
0100013364101019247610000000000658664720250408
0100013366101019248390000000000396178720250408
0100013368101019248420000000000452896520250408
0100013370101019142630000000000336296620250408
0100013371101019248550000000000694457520250408
0100013376124012184930000000000528701420250408
0100013377124012217100000000000805086420250408
0100013381132000608460000000000276610620250408
0100013382101019249230000000000452588220250408
0100013384101019107880000000000974975120250408
0100013386101019141950000000000184772020250408
0100013387101019142760000000000149133720250408
0100013391102102842110000000000880667120250408
0100013400104003606980000000000163239220250408
0100013408124008426820000000001091056720250408
0100013410124008410940000000000216117220250408
0100013419124200694650000000000332390020250408
0100013421112014079870000000000235341820250408
0100013428182000145460000000000193956220250408
0100013435132001014880000000001185452520250408
0100013439124007685200000000000182825020250408
0100013441139000589710000000000068779720250408
0100013445124012204360000000000303666820250408
0100013447101019109370000000000592079520250408
0100013461112014229200000000000256116020250408
0100013463109008342470000000000268165020250408
0100013465124200696720000000000274233120250408
0100013467124200695590000000000092488020250408
0100013474112014196320000000000233827320250408
0100013475112014194090000000000219738620250408
0100013478112014190980000000000166846820250408
0100013481124012313310000000001046988520250408
0100013485107007311460000000000084182520250408
0100013487124012281370000000000034813020250408
0100013488112014233850000000000142771020250408
0100013491101104965910000000000605216620250408
0100013492132001035700000000001083427220250408
0100013497124401480980000000000548951520250408
0100013500124200705510000000000847081420250408
0100013505124200705350000000001034162520250408
0100013507101106214760000000001211862720250408
0100013508124012352560000000002658394120250408
0100013510124101551750000000002039185720250408
0100013513124200704540000000000942504220250408
0100013519124200704380000000000886664020250408
0100013520124200704960000000000992693720250408
0100013521124200704670000000000936458920250408
0100013524124200704410000000001718963820250408
0100013531124012319910000000003154015020250408
0100013532112014255320000000001152381320250408
0100013535112014212770000000001801028120250408
0100013537112014255030000000000914109620250408
0100013539120001883330000000000349614520250408
0100013545123400386290000000001039013820250408
0100013549112014275850000000000816068420250408
0100013552665000004240000000003006885520250408
0100013553124200703020000000002712757720250408
0100013557124200703310000000002320045420250408
0100013560624001232200000000001384531820250408
0100013562124100744180000000004270077320250408
0100013563124012319590000000001384108520250408
0100013565124200703280000000002190389220250408
0100013568134600071840000000000172496020250408
0100013571108200639660000000000139249620250408
0100013572124012318490000000001492391920250408
0100013579124500210920000000003920349920250408
0100013580103008123950000000003082654120250408
0100013583112014294860000000000204756120250408
0100013585124700759090000000000515150020250408
0100013588112014295380000000001240679520250408
0100013591124012395820000000000107080920250408
0100013599124012198610000000000459937420250408
0100013600123300855590000000000891381720250408
0100013601112014196450000000000211196320250408
0100013602112014264470000000001616583720250408
0100013605112014327290000000000616790320250408
0100013608103015510820000000000092564720250408
0100013612101705575820000000000106421620250408
0100013615124701206050000000000425601920250408
0100013616124200688190000000002253984220250408
0100013618155000211990000000000221120020250408
0100013620124011764410000000000134494620250408
0100013624124012352690000000000665458420250408
0100013625124700988210000000000076307420250408
0100013628124200705800000000000489996320250408
0100013630124009700460000000000239310920250408
0100013631126002161530000000000255938720250408
0100013634124012002650000000000157243120250408
0100013642124200717830000000000396958320250408
0100013644124008291840000000000094500320250408
0100013646124200718350000000000270921120250408
0100013647116300668790000000000247531220250408
0100013651132001062210000000000200770720250408
0100013652109007698620000000000346517320250408
0100013654109102141840000000000622877020250408
0100013656124200719030000000000185616720250408
0100013664124200718220000000000465791920250408
0100013672101019430690000000000523346720250408
0100013673124200718190000000000043053020250408
0100013675113004654830000000000130719320250408
0100013679124012399350000000000343397920250408
0100013680123003913660000000000079863220250408
0100013682103010535640000000000139368020250408
0100013686123003946060000000000661984920250408
0100013688124012499830000000000091727120250408
0100013695124009737710000000000176675020250408
0100013698124012286290000000000046375220250408
0100013705123101392560000000000109921320250408
0100013707124012457090000000000179464620250408
0100013713124701250790000000000080647820250408
0100013715116700709330000000000208504020250408
0100013719124200716150000000000032217920250408
0100013720124012347490000000001146269520250408
0100013721167000011060000000000137034820250408
0100013722124008619770000000000138651220250408
0100013723125300878610000000000339079520250408
0100013731112014421620000000000079821220250408
0100013732124012514210000000000109466020250408
0100013733112500318590000000000135849920250408
0100013736112203441060000000000058425320250408
0100013737124300610810000000000354549720250408
0100013742124200725620000000000215620920250408
0100013744124200726560000000000229785620250408
0100013747104005209620000000000316173220250408
0100013748124200726010000000000282691220250408
0100013750124200726430000000000203485120250408
0100013752132001072750000000000209413920250408
0100013759112014458420000000000082782220250408
0100013760112014407400000000000363340920250408
0100013764111011760430000000000311027420250408
0100013766102005867280000000000352339220250408
0100013768139000873110000000000085432120250408
0100013771132001075470000000000141438820250408
0100013773125004429140000000000184970020250408
0100013774106101061240000000000168279320250408
0100013775126001131330000000000117610920250408
0100013777124200724490000000000053407420250408
0100013778124012538010000000000168624420250408
0100013779112014480850000000000059533820250408
0100013780155001456800000000000088867620250408
0100013781116203629260000000000092821220250408
0100013783132001072880000000000149887720250408
0100013785124200725910000000000377383520250408
0100013790124200726140000000000205591320250408
0100013796124200727240000000000052373420250408
0100013798136000711100000000000603192820250408
0100013801132000091530000000000083715020250408
0100013803123003688780000000002113451920250408
0100013809124012628470000000000283989720250408
0100013812124012583010000000000361457820250408
0100013813124012607260000000000186518320250408
0100013823124012624650000000000543168920250408
0100013826124012627400000000000254523520250408
0100013829158000399580000000000476093920250408
0100013832124012687310000000000058457420250408
0100013835112014581140000000000181470020250408
0100013840124012664900000000000158135720250408
0100013841112014546130000000000103778820250408
0100013845124012642690000000000358612120250408
0100013848124012664320000000000272212320250408
0100013849124012671140000000000200082120250408
0100013852101103873670000000000205062820250408
0100013855101703621590000000000113651020250408
0100013862116800841070000000000092326720250408
0100013863101107098350000000000377568020250408
0100013864124800695910000000000246160520250408
0100013865116600729020000000000113486720250408
0100013868123400728760000000000174834420250408
0100013870155000303130000000000238365020250408
0100013874112014558740000000000471382320250408
0100013876124101313190000000000283748320250408
0100013877632000072240000000000731902520250408
0100013878124009710900000000000261535220250408
0100013879102303766370000000000150753320250408
0100013880612020933000000000000682104920250408
0100013881119004461430000000000190053920250408
0100013885124003380600000000000076883820250408
0100013889124012703050000000000185952620250408
0100013891124200742430000000000214346220250408
0100013908124700935410000000000274971320250408
0100013911104201413120000000000550820920250408
0100013912123300905600000000000122382620250408
0100013915124012721960000000000346027220250408
0100013919124200745280000000000132839720250408
0100013921124009761890000000000200470020250408
0100013923124012726170000000001498807620250408
0100013925132000189660000000000552288220250408
0100013926124200745150000000000138025420250408
0100013928116700096740000000000217382120250408
0100013929101019558530000000000907773520250408
0100013931101302370770000000000536996620250408
0100013938124012721830000000000163006320250408
0100013939124200745440000000000415023820250408
0100013942124008408750000000000269360620250408
0100013943124012743720000000000272508320250408
0100013948124200747930000000000065159920250408
0100013951112014622650000000000249904920250408
0100013953106004980810000000000318159120250408
0100013955112014520260000000000098325020250408
0100013959167000051310000000000700146620250408
0100013961124200745310000000000107718620250408
0100013962124200748580000000000205093320250408
0100013963103302096230000000000318715520250408
0100013965111101744310000000000345205220250408
0100013967124200748160000000000290786420250408
0100013969119005589630000000000227726620250408
0100013972103010845910000000000343901920250408
0100013973126001792160000000000119577020250408
0100013978111300508430000000000178876620250408
0100013979113100788830000000000146518320250408
0100013980132000404550000000000257604020250408
0100013985124300265920000000000187175020250408
0100013990124012740420000000000291145220250408
0100013993624001262370000000001837685020250408
0100013995124500802660000000001002596920250408
0100014002101305293610000000000298649320250408
0100014003124403306280000000000237796220250408
0100014004124012628760000000000125708720250408
0100014008124200756820000000000703589720250408
0100014009103105515750000000000126696720250408
0100014014124100840420000000000198384120250408
0100014020124701205820000000000038011220250408
0100014023124012839650000000000138199620250408
0100014024116305085440000000000072018820250408
0100014025150000372350000000000082561920250408
0100014027124012839780000000000188584320250408
0100014030164000168290000000000731078420250408
0100014037112014903630000000000054201320250408
0100014038124012868490000000000165733520250408
0100014040124012378270000000000174362620250408
0100014042124012889150000000000346741320250408
0100014044124008217970000000000190733820250408
0100014052112014943010000000000417660120250408
0100014053112014942910000000000086556820250408
0100014055112014932630000000000087038120250408
0100014058124012960170000000001082600920250408
0100014062119003506400000000000104860420250408
0100014065124012949090000000000113151320250408
0100014070124012975080000000000137813120250408
0100014071124012956780000000000117184220250408
0100014072112014933150000000000190177720250408
0100014076124012990010000000000635537920250408
0100014077124012989890000000000282360720250408
0100014081126002300580000000000086118820250408
0100014082115002977030000000001015224720250408
0100014085124012996450000000000350617520250408
0100014088104201455380000000000070767620250408
0100014093124701346040000000000153723920250408
0100014099124700552460000000000026738020250408
0100014100123400695910000000000162328520250408
0100014101107005007460000000000646057120250408
0100014102132001685440000000000028328220250408
0100014103112015039880000000000058437320250408
0100014112112103571350000000000607663720250408
0100014113112014939880000000000304100320250408
0100014120112015051640000000000268640020250408
0100014122120004759780000000000270174620250408
0100014125112015046150000000000095570920250408
0100014127124900668240000000000131280320250408
0100014131112014977770000000000255517720250408
0100014135132001419980000000000081537120250408
0100014137120002632160000000000335365020250408
0100014142124013050340000000000173694520250408
0100014153125300947310000000000247980620250408
0100014155167000127130000000000166883120250408
0100014157112015073080000000000349315020250408
0100014162163000120690000000000204545120250408
0100014164124012484630000000000260240020250408
0100014168124013087560000000000137075020250408
0100014169153000422590000000000457640220250408
0100014172124013061270000000000374301920250408
0100014173124013102490000000001932784920250408
0100014174112500491390000000000324998620250408
0100014176124013114840000000000821742220250408
0100014178124008919920000000000071358020250408
0100014181124300276850000000000251880220250408
0100014186112015175760000000000090985520250408
0100014190124013129460000000000849083720250408
0100014193132001452400000000000881460220250408
0100014197129000132750000000000279986820250408
0100014202116203488690000000000121750420250408
0100014205164000014490000000000407144420250408
0100014206112400839330000000000081418920250408
0100014208112014984330000000000083905120250408
0100014210112400839200000000000080761420250408
0100014211124013130970000000000371552420250408
0100014213108102054230000000000464265220250408
0100014217105200384120000000000147825020250408
0100014222125004691040000000000404581220250408
0100014223112015175500000000000788243220250408
0100014225101305352610000000000320776520250408
0100014231124200781260000000000393790520250408
0100014233116008708900000000001088458220250408
0100014237115100947440000000000866890720250408
0100014242112400646190000000000054590420250408
0100014244124013131070000000000431932020250408
0100014246124013106340000000000386419220250408
0100014249124013154060000000000563971320250408
0100014250124013171900000000000942074520250408
0100014253102201825460000000000116871220250408
0100014254112015366250000000000479374420250408
0100014264124200035570000000000161841920250408
0100014266124013171740000000000137719120250408
0100014271124013202840000000000343640020250408
0100014274124200792770000000000090920920250408
0100014275133001316230000000000325487020250408
0100014280124200793030000000000115693220250408
0100014281103303765300000000000320237120250408
0100014282124200792800000000000164111620250408
0100014287108010892820000000000211671820250408
0100014288112015459590000000000231477820250408
0100014293112015426220000000000423640020250408
0100014296124013180760000000000117359320250408
0100014298112015466310000000000212695320250408
0100014300112015429810000000000219293120250408
0100014301102305193550000000000098595720250408
0100014304112015429490000000000185863420250408
0100014312124026226640000000000077816820250408
0100014314130000922960000000000824168320250408
0100014324124013221140000000000930179920250408
0100014325124013213930000000000293760020250408
0100014326124101316230000000000711721520250408
0100014327123004100850000000000107061920250408
0100014328123203711240000000000452037220250408
0100014329112014531510000000000404040020250408
0100014335121006102960000000001702816320250408
0100014337112015466150000000000454112020250408
0100014338103014271290000000001492513420250408
0100014339121006063650000000000180916020250408
0100014340136000889120000000001985067520250408
0100014341124013228710000000002577301420250408
0100014342105102333300000000001163383520250408
0100014343162000078960000000000697423320250408
0100014344110007504570000000001452677520250408
0100014345124200792480000000000192686020250408
0100014347103303791420000000001126558820250408
0100014350101304951230000000000980050520250408
0100014352616700077980000000002953553820250408
0100014354170000019860000000001335014020250408
0100014357116701051700000000000556773020250408
0100014358102007363450000000001390218020250408
0100014362124009152180000000000162352920250408
0100014363123102020150000000000104146420250408
0100014364196031001010000000001436018920250408
0100014377132001675610000000000194891320250408
0100014381101505510090000000000151383720250408
0100014382123004114660000000000276239020250408
0100014383108005994720000000000992734320250408
0100014388101015926720000000000200570620250408
0100014390124403521010000000000258238720250408
0100014391103105340550000000000291373620250408
0100014393116008919180000000000072927520250408
0100014394112014982710000000000432269120250408
0100014398112015543060000000000522611620250408
0100014401124012959790000000000046412320250408
0100014405101604370390000000000140117420250408
0100014406124013118400000000000651295120250408
0100014410103011949020000000000070577520250408
0100014414116401491520000000000263260220250408
0100014415102305255850000000000035523520250408
0100014422124012332580000000000049048820250408
0100014423105007067990000000000104864520250408
0100014428124013337760000000000118886520250408
0100014433124009235010000000000301614520250408
0100014435124013280790000000000326996320250408
0100014436124701245910000000000120049820250408
0100014437109006598880000000000398527220250408
0100014438113100688350000000000255740020250408
0100014439112015644510000000000255460620250408
0100014440125004517980000000000101896920250408
0100014444101706158060000000000109826420250408
0100014446124013331320000000000261384220250408
0100014450112015622170000000000310750920250408
0100014451112015622880000000000139000020250408
0100014457112015622590000000000505509220250408
0100014466110102443320000000000094715820250408
0100014467124013361000000000000956550420250408
0100014468124013280660000000000116532620250408
0100014471132000215260000000000445806920250408
0100014472124010177880000000000182701920250408
0100014474132001685020000000000102076520250408
0100014476124013380720000000000127884820250408
0100014479124008392390000000000151854220250408
0100014481101604305600000000000082780520250408
0100014486112016012750000000000134726220250408
0100014489112016015180000000000101941820250408
0100014492106005419250000000000297554120250408
0100014493133001065800000000000271613620250408
0100014495109400131490000000000171280420250408
0100014496632000093160000000000342655720250408
0100014497104400439280000000000063994820250408
0100014498103014339220000000000150089220250408
0100014505114006934200000000000296633220250408
0100014506114100236050000000000327121420250408
0100014508124013393720000000000219069820250408
0100014509124013393690000000000264276620250408
0100014515124013394400000000000345679320250408
0100014516101106668840000000000134050120250408
0100014523124700944010000000000127039020250408
0100014526127002204660000000000171146520250408
0100014534112016047930000000000225220020250408
0100014536135000009450000000000267090020250408
0100014538116600737360000000000188846820250408
0100014540104009167380000000000168038220250408
0100014541112011161420000000000091362720250408
0100014542107007380390000000000262150620250408
0100014545124200823450000000000062302820250408
0100014550124013515380000000000055693220250408
0100014555112016119770000000000096834220250408
0100014556624001367980000000001220263120250408
0100014557124012365010000000000079968320250408
0100014560101020020770000000000075824020250408
0100014561108300908870000000000168722120250408
0100014563102007426720000000000565818620250408
0100014565111300485120000000000164041520250408
0100014566111007235810000000000300124420250408
0100014567111300798820000000000155470020250408
0100014573101020017190000000000169045020250408
0100014574113101520260000000000337434420250408
0100014576124200826880000000000072888020250408
0100014577124300587640000000000210141920250408
0100014579124012252820000000000154635120250408
0100014580124012705090000000000377727920250408
0100014585116600412180000000000137000020250408
0100014586124013637040000000003097038320250408
0100014590112016015890000000000996020020250408
0100014591112016139590000000000210563620250408
0100014593112016119930000000000210768120250408
0100014597112016175280000000000159340020250408
0100014598112016139750000000000047758120250408
0100014600112016119640000000000194415620250408
0100014601124013633640000000000191933520250408
0100014605112016138490000000000109290320250408
0100014607114006031480000000000189248820250408
0100014610109202926300000000000422315020250408
0100014612109202669120000000000237329420250408
0100014614112016181900000000000413753520250408
0100014615101109151530000000000294335220250408
0100014618124601033920000000000208035720250408
0100014619101301691610000000000100343620250408
0100014625109008877570000000000261064920250408
0100014633116009230190000000000357206820250408
0100014636109201564170000000000242063220250408
0100014639124013690380000000000075095420250408
0100014640139001616190000000000170476620250408
0100014643196009730280000000000122701320250408
0100014644124013673280000000000330763320250408
0100014647124013641690000000000193929920250408
0100014652116204097950000000000411594620250408
0100014653124100573090000000000561165020250408
0100014656116009010310000000000240732720250408
0100014661121006383460000000000131191820250408
0100014664112016308510000000000155774820250408
0100014665124013758280000000000106543920250408
0100014669124013721640000000001058220020250408
0100014670124013721510000000000253232820250408
0100014671102301174980000000000104575220250408
0100014688109009111860000000000484154820250408
0100014689124013821540000000000436692820250408
0100014695166000026710000000000457736220250408
0100014698112015555410000000000088519720250408
0100014703115004119320000000000156440820250408
0100014707127001885370000000000352326920250408
0100014708124200847830000000000394815820250408
0100014712124200848060000000000171839020250408
0100014718116204136710000000000560900820250408
0100014721127002317850000000000357357620250408
0100014722139001671470000000000977288020250408
0100014729124010084250000000000679160020250408
0100014730112012220810000000000173867520250408
0100014734112016532100000000000246624520250408
0100014737105201725560000000000289752020250408
0100014739114100267960000000000106661120250408
0100014740112016535400000000000377065020250408
0100014742109009317970000000000080049620250408
0100014743124701261460000000000063326820250408
0100014747133000831660000000000247860220250408
0100014749112500385480000000000243311920250408
0100014757112016555350000000000124352320250408
0100014760126002678560000000000175572320250408
0100014765101020150510000000000387270520250408
0100014766124014171420000000000408223720250408
0100014767124014211670000000000148465420250408
0100014769124012637650000000000113242520250408
0100014774115200284930000000000342751620250408
0100014777109206116220000000000126980120250408
0100014779127002336990000000000307984820250408
0100014780132002008420000000000119404120250408
0100014781123203749270000000000598384220250408
0100014786124012637520000000000424172220250408
0100014787112016608340000000000039693820250408
0100014788102304733360000000000240812720250408
0100014790124013590770000000000087958220250408
0100014796112016657320000000000501716620250408
0100014810124010045550000000000404987120250408
0100014811136001039940000000000286759820250408
0100014816112016651560000000000099697820250408
0100014818115400525400000000000084571420250408
0100014822124013291590000000000073382920250408
0100014823124701261590000000000312038720250408
0100014843124014454730000000000496636920250408
0100014844116009488870000000002245733820250408
0100014847101010758300000000002651895720250408
0100014850101305958320000000000805075520250408
0100014852169000208730000000000558647220250408
0100014854121200674380000000000636046920250408
0100014855112103429040000000000422781020250408
0100014859125200530150000000000571128020250408
0100014861112016707690000000000697863120250408
0100014865101021700770000000000364752520250408
0100014868121200674670000000000342025520250408
0100014869166000049830000000000478042720250408
0100014870113006421410000000000119361220250408
0100014872113006035330000000000416225920250408
0100014878124014533390000000000874387920250408
0100014880124601181670000000001068615020250408
0100014881124014537240000000000412532720250408
0100014882177000009320000000000164603620250408
0100014886124014567470000000000201545020250408
0100014888128000676320000000000160722420250408
0100014890124300217620000000000083145720250408
0100014892124013332840000000000123129320250408
0100014893101505971730000000000197795920250408
0100014898112016748880000000000206157420250408
0100014900124200868170000000000639138920250408
0100014902124014450170000000000129556520250408
0100014910124701258040000000000116018520250408
0100014912157000412340000000000163889820250408
0100014915124014570500000000000291621520250408
0100014916167000568470000000000121500420250408
0100014917101506072380000000000117732720250408
0100014922136000665230000000000411303820250408
0100014923103014381760000000000085825520250408
0100014924101705146800000000000054496720250408
0100014927121006285760000000000060852220250408
0100014938124200871200000000000132722420250408
0100014939104006244020000000000174950720250408
0100014940113101637430000000000273466420250408
0100014941124200870650000000000178556120250408
0100014943176000013420000000000207633220250408
0100014946124200870490000000000184774120250408
0100014948124200870520000000000168808120250408
0100014951155000408660000000000356664320250408
0100014952124200871170000000000103736520250408
0100014955112016894040000000000276592920250408
0100014956112016893780000000000169981820250408
0100014957111008222750000000000149970620250408
0100014959112016894880000000000299116920250408
0100014960112016812530000000000169964620250408
0100014962112400371380000000000218077520250408
0100014966101305031960000000000253421020250408
0100014972112016792810000000001233696520250408
0100014973110102496090000000000038691420250408
0100014974109203176540000000000057309020250408
0100014977127000650740000000000360470520250408
0100014984112016808270000000001020626820250408
0100014992112016916700000000001051474220250408
0100014993114005118450000000001168089720250408
0100014999113005139790000000000695445520250408
0100015000116800943620000000000725419220250408
0100015003124013331900000000001016426220250408
0100015004174000085230000000000641064020250408
0100015005116801019250000000001537171420250408
0100015008112016973310000000000826684420250408
0100015013124014910290000000001041394020250408
0100015015101017078810000000001041604620250408
0100015018112016972470000000000897998020250408
0100015021116005301140000000000360326120250408
0100015022153000726690000000000359379720250408
0100015025101604770440000000000053597820250408
0100015028165000826040000000001115770020250408
0100015029121301385740000000000116540920250408
0100015035124014918540000000000132104020250408
0100015040124013261100000000000718480220250408
0100015042103203820320000000000271542720250408
0100015052124300731210000000000371869720250408
0100015057108011659990000000000424715020250408
0100015061112103189670000000000301992120250408
0100015065111012903850000000000094436620250408
0100015067124200891280000000000149975720250408
0100015069116801023640000000000209913020250408
0100015070109203274370000000000227705120250408
0100015072112017113140000000000202802020250408
0100015074102305732360000000000216317120250408
0100015075124008392260000000000166710520250408
0100015077123102824460000000000292653420250408
0100015078139000907640000000000308973520250408
0100015079124014728860000000000042970520250408
0100015083124701443800000000000103021920250408
0100015085103304470320000000000265962420250408
0100015087124015149930000000000392952620250408
0100015089101305052170000000000130802220250408
0100015093124012588770000000000136719720250408
0100015098112021480380000000000151600020250408
0100015099101109725490000000000387443820250408
0100015100112400997230000000000144400020250408
0100015101154000115810000000000140386620250408
0100015104102305760390000000000053235820250408
0100015107124015228620000000000727271720250408
0100015111125004980070000000000301039920250408
0100015115124015223090000000000063263020250408
0100015116126002791320000000000390922120250408
0100015117124015199010000000000247432520250408
0100015119105009362000000000000205589520250408
0100015120105009292880000000000099422220250408
0100015124110201271030000000000153690520250408
0100015126139001791220000000000405602020250408
0100015129102007577060000000000286150220250408
0100015134124015306890000000000065508320250408
0100015136116800212120000000000193976320250408
0100015138132002150570000000000192119220250408
0100015139123301116690000000000141304120250408
0100015140110008010500000000000207577620250408
0100015143160000267380000000000076529420250408
0100015148112011241890000000000272790020250408
0100015151110008002680000000000278965020250408
0100015155124015236540000000000214131120250408
0100015159124015298520000000000190329120250408
0100015161112017251640000000000377726220250408
0100015162158002919030000000000212739520250408
0100015164119002601410000000000183266420250408
0100015165124015298490000000000094326920250408
0100015168112017234090000000000140017720250408
0100015172124015380180000000000070567520250408
0100015173124015380340000000000109138520250408
0100015177101505045060000000000195148620250408
0100015180124015340090000000000302615020250408
0100015183167000601630000000000211118420250408
0100015184104200729150000000000189062020250408
0100015186124013099170000000001111377620250408
0100015188112017347860000000000225690020250408
0100015189123005186280000000000156136920250408
0100015191124200908320000000000350988520250408
0100015199112017347600000000000568743020250408
0100015202123004981620000000000081431020250408
0100015205124200908870000000000150493920250408
0100015208132000778130000000000251938920250408
0100015210124013670690000000000115650720250408
0100015211110201275560000000000181245220250408
0100015212124015391720000000000063359420250408
0100015213124015391690000000000167367220250408
0100015214112017392150000000000195282520250408
0100015215124700468280000000000093943020250408
0100015224116500104720000000000160226020250408
0100015227102103173660000000000287463620250408
0100015229124701792450000000000060453120250408
0100015234104010352780000000000120885220250408
0100015239196019059810000000000280166720250408
0100015243166000110150000000000335944120250408
0100015244110008063430000000000222314620250408
0100015247111102003210000000000205449120250408
0100015252124200915010000000000207239920250408
0100015253121006748180000000000393240020250408
0100015255123400873950000000000124752120250408
0100015256124200914750000000000158999120250408
0100015257101706456690000000000116676820250408
0100015261164000174200000000000051724320250408
0100015270116006907530000000000243054120250408
0100015271124015761060000000000262407020250408
0100015275177000065410000000000105545720250408
0100015279127000597500000000000111998920250408
0100015280124015744700000000000222015020250408
0100015281104010373150000000000172464720250408
0100015283103304587910000000000328719620250408
0100015291164000656890000000000144632020250408
0100015294196052461930000000000258027120250408
0100015296124015760960000000000071423220250408
0100015300124015916150000000000332304620250408
0100015301124013034470000000000295086820250408
0100015307124015884080000000000026720220250408
0100015310124402181640000000000076721720250408
0100015311112017486170000000000325397020250408
0100015312112017487140000000000154103420250408
0100015314128002935900000000000121794920250408
0100015318124012535130000000000097025820250408
0100015319112017486040000000000060631920250408
0100015324101202251570000000000328672020250408
0100015332124016158340000000000243086020250408
0100015336124016158890000000000203221820250408
0100015337164000729440000000000056430620250408
0100015339101109061330000000000119712420250408
0100015350125600522810000000000117620220250408
0100015354110007484300000000000424193320250408
0100015359111201976410000000000296041220250408
0100015368124016372230000000000771041420250408
0100015369124016373750000000000356761620250408
0100015372101604800280000000000144975020250408
0100015373124016209680000000000076566720250408
0100015376157000157810000000000237851420250408
0100015379124016209840000000000122709520250408
0100015381124016303980000000000505406020250408
0100015382124016301940000000000295311620250408
0100015383124016327520000000000111548820250408
0100015384124901293340000000000366160620250408
0100015387171000235080000000000038321920250408
0100015388121005043310000000000043804220250408
0100015390103012253180000000000087360020250408
0100015395124016447400000000000449680320250408
0100015397164000721220000000000113509720250408
0100015405124016438220000000000204284520250408
0100015410112017693370000000000246344520250408
0100015411112017718880000000000392428920250408
0100015412129000644310000000000340650420250408
0100015413124900189530000000000212402520250408
0100015414124016443710000000000362457520250408
0100015417124013947990000000000078194520250408
0100015420102304939760000000000322997520250408
0100015422124016535950000000000437426320250408
0100015424121006325330000000000362191020250408
0100015426124200613240000000000189647020250408
0100015427124011872780000000000115353620250408
0100015428109008777830000000000100882220250408
0100015431158003124390000000000654653620250408
0100015433169000325150000000000856337320250408
0100015434124013132330000000000381629620250408
0100015435101105311130000000000363136020250408
0100015436128003302910000000000489516620250408
0100015437102302310280000000000793563120250408
0100015438124100759250000000000597903620250408
0100015442103106484590000000000472530320250408
0100015446124016671120000000000350906020250408
0100015448123400904050000000000862354720250408
0100015449124700814560000000001579434420250408
0100015451158002737270000000000638108220250408
0100015452124012734380000000000073795720250408
0100015453126002220950000000000190395020250408
0100015455123003362820000000000132914620250408
0100015456167000110600000000000174339120250408
0100015460110004626220000000000282489920250408
0100015461129000028200000000000783783820250408
0100015465112017839440000000000519639620250408
0100015468112017853110000000000544913620250408
0100015472116600992150000000000268893720250408
0100015474116302107510000000000145975720250408
0100015476124200742850000000000377502920250408
0100015478124016818130000000000056567320250408
0100015479103010682450000000000282209920250408
0100015480132000983130000000000296265220250408
0100015481101506253620000000000080178420250408
0100015483102007805400000000000047665620250408
0100015484132002274140000000000356041320250408
0100015485116204510280000000000147086120250408
0100015489124016820290000000000955303120250408
0100015490112400865870000000000080283620250408
0100015491124016855920000000000286287720250408
0100015492124016844380000000000141682020250408
0100015496115101714500000000000061373920250408
0100015500101706519120000000000400927020250408
0100015503109202339320000000001099246220250408
0100015509116800936350000000000384301320250408
0100015510116701013810000000001324152520250408
0100015511116305586910000000000607993020250408
0100015515164000832050000000000826809120250408
0100015517101110296240000000000090609820250408
0100015518101306813480000000000914774820250408
0100015521102007858170000000001041694320250408
0100015523124017049070000000000560844820250408
0100015526164000835510000000000468956320250408
0100015527124601304590000000000981660420250408
0100015528132002859350000000000504458720250408
0100015530124902026460000000000820103820250408
0100015536124014925360000000000430143020250408
0100015537124014180440000000000524971820250408
0100015543102006410320000000000643306220250408
0100015545125005014020000000000339823920250408
0100015546134001889930000000000419212820250408
0100015552124404883180000000000212789520250408
0100015553123400920500000000000197784420250408
0100015555104003615740000000000154457120250408
0100015556165000976600000000000242639120250408
0100015557101020602000000000000106290620250408
0100015558123301216750000000000113274520250408
0100015560124800978510000000000138245520250408
0100015562124902031400000000000422875620250408
0100015567128002808040000000000172454220250408
0100015568124017144470000000000321023020250408
0100015570107009468920000000000234376420250408
0100015573177000114680000000001760558420250408
0100015575126003096200000000000320214020250408
0100015578124011906050000000000060971020250408
0100015580154000122340000000000110411820250408
0100015581103009511460000000000082957720250408
0100015582124012987720000000000125818820250408
0100015591112017984050000000000430627120250408
0100015593112017984180000000000190378920250408
0100015601125005177680000000000133124020250408
0100015603112014522910000000000103801620250408
0100015604124200969460000000000094265820250408
0100015606124017245050000000000237170920250408
0100015608116801096970000000000180887520250408
0100015614101108521350000000000233366820250408
0100015618124900214320000000000859753220250408
0100015620165000429160000000000217440320250408
0100015621124017241650000000000156833320250408
0100015622124200969040000000000337859520250408
0100015623165000981640000000000091105020250408
0100015625167000696270000000000153572820250408
0100015626124200968230000000000107414920250408
0100015631136001195770000000000116076420250408
0100015635124701207020000000000085221120250408
0100015636124016882430000000000339184620250408
0100015642103014138290000000000074419120250408
0100015644124017252030000000000099434120250408
0100015645102305035650000000000132049920250408
0100015647110008324850000000000786014020250408
0100015648124200971940000000000747943320250408
0100015652123004113300000000000231465920250408
0100015653174000210760000000000318765020250408
0100015657123005314850000000000314413520250408
0100015659111013395210000000000139263820250408
0100015665121007018880000000000215290020250408
0100015666105102023610000000000715863020250408
0100015667107300340050000000000229031020250408
0100015668112018084470000000000124261220250408
0100015669112018083660000000000298357520250408
0100015672107009287420000000000311715020250408
0100015673102305461820000000000090374620250408
0100015678112018084340000000000394283920250408
0100015679112018084210000000000219317120250408
0100015680103013581880000000000158510020250408
0100015681124017102630000000000076712620250408
0100015682157000575900000000000152661620250408
0100015686103304811370000000000202369120250408
0100015691102006200530000000000093592120250408
0100015693124200974950000000000040071020250408
0100015696124801001590000000000097272720250408
0100015699124101859250000000000162047120250408
0100015702124101858860000000000044326120250408
0100015704126003207190000000000123850820250408
0100015707124200978800000000000196760420250408
0100015709124017568320000000000097669920250408
0100015712124017382870000000000097296720250408
0100015715124015860600000000000183415720250408
0100015716112601011900000000000226489320250408
0100015718112018112850000000000181176620250408
0100015719124012252790000000000161800920250408
0100015725124902057080000000000116515620250408
0100015728126003234280000000000111145320250408
0100015729124012563320000000000196672020250408
0100015730124017658070000000000156167020250408
0100015733101306895990000000000291091920250408
0100015734132002330710000000000138840620250408
0100015738124017662200000000000203979320250408
0100015742124016434660000000000173145020250408
0100015745109203228140000000000291827420250408
0100015747112018183430000000000204939420250408
0100015748112018183300000000000255121720250408
0100015749106102206600000000000341960420250408
0100015750112400863960000000000204640220250408
0100015752112018185210000000000151954120250408
0100015754118003273010000000000097139420250408
0100015755116801014460000000000091030920250408
0100015758102103067170000000000353406120250408
0100015764112018206610000000000279307320250408
0100015767112018206900000000000059107420250408
0100015773164000891990000000000154275020250408
0100015775124017441870000000000182205620250408
0100015779124017666730000000000083423720250408
0100015781124601322240000000000288324520250408
0100015783124017353580000000000067216120250408
0100015784103106536350000000000089283020250408
0100015792183000003010000000000212505120250408
0100015793124404886510000000000053374520250408
0100015798136001195190000000000109645820250408
0100015801101604198400000000000288355220250408
0100015802132002187950000000000223487520250408
0100015804139000853420000000000116173320250408
0100015807124017781820000000000131250020250408
0100015813124200989990000000000335444920250408
0100015815124501164150000000000391696620250408
0100015822124017666860000000000084885620250408
0100015824101306918200000000000104162420250408
0100015830103305003190000000000065955020250408
0100015832124200990110000000000442515020250408
0100015834116204604750000000000365476920250408
0100015836121006459600000000000645440220250408
0100015838124017781530000000000084080520250408
0100015840116801116430000000000365878620250408
0100015841124701150760000000000106606720250408
0100015845104201787380000000000093327420250408
0100015847124017720520000000000076821020250408
0100015851160000165860000000000617544820250408
0100015853112018274570000000000138109120250408
0100015854109102137320000000000117154120250408
0100015856112401177310000000000111702420250408
0100015864104007777730000000000138618620250408
0100015867124200994510000000000232391720250408
0100015869128000667430000000000243736420250408
0100015873104006837570000000000092125320250408
0100015874160000355410000000000107001020250408
0100015879116701043460000000000067049420250408
0100015880124018026180000000000165167920250408
0100015881124702016630000000000114993920250408
0100015882124501167900000000000129602120250408
0100015883124018075610000000000083701120250408
0100015884123400959500000000000793254420250408
0100015888132000779360000000000111600320250408
0100015891115101010640000000000277113820250408
0100015892132002421720000000000172854020250408
0100015893124014968330000000000331865020250408
0100015894101108149400000000000325429820250408
0100015895124012364620000000000098709020250408
0100015896101111095020000000000227022120250408
0100015897103007604180000000000156773320250408
0100015898126002168520000000000100792020250408
0100015899124018076840000000000080700520250408
0100015901124501170030000000000449911120250408
0100015905101706561660000000000121291020250408
0100015906124501051700000000000262537420250408
0100015907101304890160000000000281092920250408
0100015908121006753830000000000227634320250408
0100015912124200996260000000000069051820250408
0100015914101305078620000000000127294120250408
0100015915132000129880000000000157891320250408
0100015916116601038390000000000633846120250408
0100015919124018074930000000000150590220250408
0100015925101109655430000000000289584920250408
0100015926101019805270000000000280691020250408
0100015927112018337130000000000278942620250408
0100015932124018129670000000000145576220250408
0100015933124018176450000000000505423520250408
0100015937160000364850000000000192387020250408
0100015939113200733670000000000124418720250408
0100015940119006788430000000000231519620250408
0100015942103305056600000000000289840020250408
0100015943121007281170000000000219218520250408
0100015945151000603410000000000176313220250408
0100015948124404920290000000000342052620250408
0100015955101506391090000000000057489920250408
0100015956124012603730000000000107000320250408
0100015957101706348160000000000191009820250408
0100015958121007384660000000000224700020250408
0100015960124201015850000000000306949720250408
0100015962126003424670000000000254871320250408
0100015963126003433430000000000267077220250408
0100015970624001047050000000002009209820250408
0100015973124201016080000000000202659420250408
0100015974124201016110000000000016209120250408
0100015978101011201830000000000435812520250408
0100015985124702005830000000000102857920250408
0100015986101020113560000000000601003120250408
0100015987103106466390000000000039060420250408
0100015990116701001910000000000137886620250408
0100015992103015920830000000000122369620250408
0100015993158003237610000000000112094520250408
0100015996124019199120000000000148067420250408
0100015997110008586050000000000363804120250408
0100015998164000160780000000000392453520250408
0100016000103303493050000000000267727020250408
0100016001133001146820000000000836566620250408
0100016004124019198310000000000311909720250408
0100016013102312036440000000000488803720250408
0100016016102309495560000000000800386420250408
0100016017132001426120000000000720200720250408
0100016019124405109720000000000057623420250408
0100016025112018668580000000000416564920250408
0100016026179000229810000000000767527020250408
0100016029124019520500000000000284303420250408
0100016030132001750580000000000753390020250408
0100016040102306814290000000000321215020250408
0100016041112018688140000000000182984420250408
0100016045113007459960000000000363253720250408
0100016048103203824300000000000227615120250408
0100016056104400228260000000000234516420250408
0100016057104400655110000000000241779920250408
0100016059166000196770000000002117817920250408
0100016063101020210580000000000105344520250408
0100016065101305740730000000000155625420250408
0100016068124801099560000000000208265020250408
0100016069113006841830000000000305552020250408
0100016071124019934200000000000429156220250408
0100016079124700758440000000000152275220250408
0100016081133001968910000000000151470020250408
0100016083126003478150000000000466848820250408
0100016085108012597790000000000087052720250408
0100016092110008417220000000000250998120250408
0100016094104011212920000000000148548620250408
0100016096152001223990000000000132364920250408
0100016100112203212840000000000062504320250408
0100016103105006580700000000000728608820250408
0100016126137000151180000000001489332020250408
0100016136112018743290000000000820005220250408
0100016144124701477980000000002267503720250408
0100016145102006031350000000000093698020250408
0100016151124020248770000000000695737220250408
0100016153124019696580000000001570859020250408
0100016154132002635460000000001030508720250408
0100016155124020001760000000000974944020250408
0100016157103010935370000000002188350020250408
0100016165112018862520000000000964157720250408
0100016167112018863880000000000664897020250408
0100016168112401199200000000000937135420250408
0100016169112018862650000000000920662520250408
0100016171112018863620000000001271821220250408
0100016174124020285010000000000354838120250408
0100016175124020285270000000000139561420250408
0100016179124012539820000000000080258220250408
0100016180124009278370000000000092237020250408
0100016182124009303610000000000178701920250408
0100016183116402749910000000000070334320250408
0100016184116204844770000000000173800320250408
0100016187123005574300000000000209894120250408
0100016192112018927410000000000139650020250408
0100016195112018925500000000000066304320250408
0100016198136001295960000000000106218820250408
0100016199124201040580000000000256717720250408
0100016200173000012870000000000218969520250408
0100016201158003602900000000000119999320250408
0100016203158003439900000000000307793420250408
0100016204132002645030000000000139150020250408
0100016205124013679330000000000120363720250408
0100016206102202012520000000000102617620250408
0100016207124020425450000000000361265220250408
0100016208103013662060000000000260986420250408
0100016209124009697980000000000100577020250408
0100016210103106283140000000000229944520250408
0100016213124014938360000000000589709220250408
0100016214124500977540000000000177217820250408
0100016216116701091890000000000222658120250408
0100016217124020420110000000000432158420250408
0100016222107009892310000000000210375120250408
0100016228124500470760000000000221178520250408
0100016230165001108510000000000170958520250408
0100016231124201046630000000000113861820250408
0100016232124020289670000000000443037320250408
0100016234101020932800000000000252046620250408
0100016235124101921670000000000179946320250408
0100016237124020450340000000000935548720250408
0100016238167000724520000000000178216320250408
0100016240157000666040000000000173365520250408
0100016242124101908420000000000173290820250408
0100016243116402991960000000000090321320250408
0100016244103106639680000000000738724020250408
0100016245124020459400000000000069453220250408
0100016246116204868730000000000399492120250408
0100016247132001381210000000000129765920250408
0100016249124901386840000000000094618120250408
0100016252106006029740000000000291595320250408
0100016254105010483620000000000332032320250408
0100016259112018988680000000000312636120250408
0100016262116204136840000000000251091120250408
0100016265124020664240000000000375665020250408
0100016268124020666310000000000161858720250408
0100016269126003518430000000000117291420250408
0100016271124020664400000000000162543920250408
0100016273121006205450000000000143325020250408
0100016274196032095360000000000199193920250408
0100016278124020665210000000000355808020250408
0100016282158003666500000000000479916420250408
0100016287116403275470000000000186330820250408
0100016291103014856110000000000034220420250408
0100016295124019069250000000000058096220250408
0100016303121007604340000000000403690620250408
0100016306124021280160000000000033936520250408
0100016309124020846420000000000223262320250408
0100016310132002689940000000000154378520250408
0100016311124601413120000000000292187220250408
0100016314165000435330000000000171845320250408
0100016316124021227110000000000128751920250408
0100016320164001008740000000000095426320250408
0100016328102309626850000000000340865020250408
0100016334111013406200000000000649897720250408
0100016337124020012720000000000174698120250408
0100016338113002832830000000000245621820250408
0100016339101110631270000000000263088620250408
0100016341113007595130000000000201835620250408
0100016342124021337420000000000296875620250408
0100016343101706643520000000000258270220250408
0100016347102103293410000000000152817320250408
0100016348101605119260000000000130016220250408
0100016350124021227080000000000257059420250408
0100016357124801131330000000000322865020250408
0100016358124017049940000000000069860120250408
0100016359124018276480000000000341054620250408
0100016360161000381370000000000334607920250408
0100016361103016614640000000000028146820250408
0100016363112019242530000000000184610920250408
0100016367112019242820000000000264115020250408
0100016372166000212380000000000067616220250408
0100016373113007227150000000000167721220250408
0100016375169000532770000000000075254420250408
0100016377124801133790000000000226834620250408
0100016378124021361180000000000147344520250408
0100016379108300878160000000000118836220250408
0100016384102312717020000000000058756120250408
0100016388124404626190000000000233784020250408
0100016389110102633840000000000949727520250408
0100016391124009232260000000000101137020250408
0100016393112019287960000000000327711020250408
0100016394112019288640000000000876987320250408
0100016397112019288350000000000054719220250408
0100016402126002399940000000000305040020250408
0100016403124021360530000000000598015520250408
0100016404132002660640000000000030792720250408
0100016410101604987930000000000097035820250408
0100016411101110546860000000000055055620250408
0100016412113007479650000000000050224920250408
0100016413112019427720000000000214009520250408
0100016414112019427690000000000258255620250408
0100016418158002715700000000000634586720250408
0100016420124021324550000000000025672520250408
0100016423126001238640000000000125113620250408
0100016428124017110260000000000061392320250408
0100016433102312905470000000000108855220250408
0100016434124021426940000000000192564320250408
0100016436115201215070000000000310790020250408
0100016437115200983840000000000106262620250408
0100016439112019504500000000000111204720250408
0100016444124801146240000000000931960020250408
0100016445124021345920000000000098213720250408
0100016449103010981180000000000041152020250408
0100016460123205474950000000000184593520250408
0100016462124021436480000000000065115620250408
0100016463124021364190000000000254511620250408
0100016466124201063150000000000263923920250408
0100016467123401013650000000000158675820250408
0100016468103305482900000000000188239720250408
0100016475119007231700000000000075910520250408
0100016477160000422910000000000175938920250408
0100016478101605136810000000000197349720250408
0100016485108102952550000000000071787020250408
0100016487128000883100000000000088330320250408
0100016490108012972360000000000176840720250408
0100016491124801138320000000000212971920250408
0100016493105010681510000000000080205020250408
0100016496112203760510000000000997270020250408
0100016497124021502910000000000166986420250408
0100016500128003713570000000000027523820250408
0100016504124021538740000000000075400420250408
0100016506111011961880000000000376740020250408
0100016507158002924780000000000237625720250408
0100016508116305870310000000000253079920250408
0100016510102310034750000000000102109120250408
0100016511116203220760000000000109596620250408
0100016512123401034600000000000078418420250408
0100016513103013638430000000000236016420250408
0100016519124021511190000000000216685620250408
0100016521119007287800000000000266886820250408
0100016531124021583450000000000219920020250408
0100016532124021589470000000000798637520250408
0100016533128003721780000000000163750320250408
0100016538128003715640000000000121108520250408
0100016539124021592500000000000126394820250408
0100016542110102635200000000000224790320250408
0100016543110007702330000000000161407420250408
0100016544126002595340000000000218658520250408
0100016546109009890820000000000326315020250408
0100016549107010111950000000000152529020250408
0100016552101112261550000000000181945020250408
0100016553111013766070000000000110373720250408
0100016555153002996040000000000965770020250408
0100016560111011368890000000000273152820250408
0100016561165001214710000000000341398920250408
0100016563124201085200000000000066766820250408
0100016566116014074080000000000206699120250408
0100016567124002780360000000000198370020250408
0100016570114007646050000000000231105620250408
0100016572124702112710000000000104319320250408
0100016573124902175340000000000208172120250408
0100016575124405159930000000000136255220250408
0100016576103306004550000000000198621220250408
0100016577116305886030000000000235208820250408
0100016580104008929040000000000113549220250408
0100016587124019071990000000000128281920250408
0100016590120005947230000000000293873720250408
0100016599101306645690000000000947770020250408
0100016600124902179580000000000262574520250408
0100016601196011552060000000001204670420250408
0100016604124012470370000000000103068720250408
0100016609103017292700000000000204910720250408
0100016616124021623310000000000252512820250408
0100016618124021623600000000000157205020250408
0100016619124021690750000000000257012420250408
0100016620158003873090000000000122419920250408
0100016624124021593150000000000031658420250408
0100016626124021589630000000000377840020250408
0100016627124800796750000000000391529820250408
0100016628102312387740000000000168983420250408
0100016629102008415440000000000110709420250408
0100016630124601208090000000000222875520250408
0100016631124021591950000000000182475520250408
0100016635158003872990000000000170353720250408
0100016636103011356860000000000418363720250408
0100016638124201087400000000000241124920250408
0100016642101706310680000000000051647820250408
0100016643124021864430000000000077516320250408
0100016644124021865080000000000040158620250408
0100016645116700050630000000000599155020250408
0100016646116305787490000000000779247320250408
0100016647139002367060000000000990661320250408
0100016648104101362200000000000861025920250408
0100016649124017770860000000000928157120250408
0100016652104100994220000000000106779120250408
0100016655116400221850000000000458475320250408
0100016657124021760840000000000436205220250408
0100016658125003463240000000001131977820250408
0100016662124702134600000000000107132020250408
0100016663124014252730000000000124722120250408
0100016670151000414830000000000120765320250408
0100016673124201106440000000000234165020250408
0100016674103014745830000000000213696820250408
0100016676124300913490000000000099939820250408
0100016678111014486030000000000137602420250408
0100016679116015613990000000000251114520250408
0100016681124021985700000000000235636920250408
0100016685104010627910000000000200010420250408
0100016686123301350300000000000120649620250408
0100016689116500609300000000000398765020250408
0100016705116701132270000000000211627420250408
0100016708124200285450000000000307408320250408
0100016709112020265740000000000083589820250408
0100016710112020267230000000000458198320250408
0100016711124201111770000000000363197920250408
0100016712103305481060000000000157361520250408
0100016713124701255030000000000173709120250408
0100016714124022136910000000000554915020250408
0100016715103005737310000000000340401820250408
0100016716124021690620000000000141310020250408
0100016719116011908540000000000571849920250408
0100016721133001531640000000000311240220250408
0100016722124022545240000000000318336520250408
0100016725124022460950000000000287935920250408
0100016726124022463120000000000142138020250408
0100016728102313189400000000000111729420250408
0100016731124022676210000000002143250020250408
0100016732103305207550000000000242930820250408
0100016733110007212950000000000157135420250408
0100016739103204500160000000000117928220250408
0100016743124800623520000000001332719520250408
0100016750124022856290000000000256997720250408
0100016756112020492630000000000770936820250408
0100016764124022460820000000000012234820250408
0100016765124902240930000000000163078320250408
0100016768103017647560000000000086569420250408
0100016772165001275560000000000263731220250408
0100016773124601536270000000000186193120250408
0100016774119007463480000000000297432420250408
0100016776103106847300000000000191967020250408
0100016777123205672680000000000339799820250408
0100016784124201117820000000000141713620250408
0100016785165001274590000000000224520220250408
0100016786101109556890000000000220122520250408
0100016789104012044810000000000091566020250408
0100016793124022955120000000000396423620250408
0100016795124201126260000000000198628020250408
0100016796124405504400000000000445743120250408
0100016797158003998210000000000138696520250408
0100016799124405503300000000000327555820250408
0100016800119007462960000000000215925220250408
0100016803107010400560000000000253557520250408
0100016806120004677080000000000133047620250408
0100016809112601264470000000000382183420250408
0100016810112401556410000000000169317120250408
0100016812172000204460000000000127572220250408
0100016813107401428900000000000088632020250408
0100016820152001244940000000000370687920250408
0100016826175000317780000000000212214520250408
0100016830123301057560000000000318114820250408
0100016831103017657420000000000338029520250408
0100016832116306000860000000000201854420250408
0100016836124023062520000000000248436920250408
0100016837124501341540000000000397104920250408
0100016840110102665560000000000114570120250408
0100016842101308129550000000000216912820250408
0100016844119007472110000000000165705020250408
0100016847123202780780000000000107189720250408
0100016849121008071930000000000225569920250408
0100016851121200723840000000000598068420250408
0100016853151000797270000000000655115120250408
0100016854124022955670000000000338407220250408
0100016855181000036830000000000145294720250408
0100016858101304142140000000001264655820250408
0100016863121200723680000000000265147920250408
0100016864124023003550000000000183551820250408
0100016869155000810740000000000217798620250408
0100016870102202336600000000000239451420250408
0100016876112020620750000000000271540020250408
0100016879103106850690000000000160980620250408
0100016881112020621980000000000117824820250408
0100016883112016361140000000000503074020250408
0100016886112103985050000000000118084920250408
0100016888112020622110000000000149250620250408
0100016890112020620590000000000204192420250408
0100016892106004746070000000000448418920250408
0100016906112020620460000000000613034320250408
0100016910124801244490000000000233845020250408
0100016911113006445630000000000121085520250408
0100016917109102152510000000000192028620250408
0100016918109011148300000000000323590020250408
0100016919175000324920000000000040492020250408
0100016922124010174580000000000399415020250408
0100016923121300734770000000000253690020250408
0100016927103304985600000000000284707420250408
0100016930169000612850000000000108309920250408
0100016931116008257480000000000046315020250408
0100016932126003780750000000000268412820250408
0100016933116204995010000000000511865020250408
0100016934124902133920000000000876357620250408
0100016938113200859990000000000201928620250408
0100016939128000578170000000000212588820250408
0100016943108101425310000000000412516920250408
0100016944124023874590000000000441940020250408
0100016947116015931760000000000158628720250408
0100016949111014467990000000000360723620250408
0100016954136000894290000000000188827720250408
0100016955112020968470000000000815253720250408
0100016956171000416610000000000352242520250408
0100016957112020968180000000000338138220250408
0100016962181000058010000000000612738220250408
0100016964124024022080000000000438915120250408
0100016966102306027380000000000460252720250408
0100016969101021304990000000000285519120250408
0100016973123205956670000000000318577420250408
0100016975102313126160000000000793490820250408
0100016978128004021160000000000654883820250408
0100016979124024173870000000000167956320250408
0100016981152001448270000000000133921320250408
0100016982152002123510000000000168743420250408
0100016984112401673540000000000228259120250408
0100016988112021077230000000000257559020250408
0100016991116404029090000000000092072320250408
0100016994157000773180000000000068352520250408
0100016995165001349630000000000058154920250408
0100016997158001817410000000000499271120250408
0100016999124022628460000000000523957420250408
0100017000116011732400000000000087559520250408
0100017005109204721040000000000153367620250408
0100017007116305939860000000000882390420250408
0100017009101202021830000000002482136020250408
0100017012124702221180000000000397098320250408
0100017015124024559700000000003120273720250408
0100017016132000693420000000000695238520250408
0100017018116018496970000000000928420920250408
0100017020132002908070000000000086223920250408
0100017023124024502470000000000436930620250408
0100017024124601658220000000000532771720250408
0100017025132002145530000000000695750020250408
0100017026112021237520000000000746960320250408
0100017027112021238040000000000772573320250408
0100017028115006492960000000000774626820250408
0100017030109203967010000000000851261320250408
0100017032102310064140000000000346087720250408
0100017033124023989270000000000143402220250408
0100017034124024580030000000000419698820250408
0100017035101706783510000000000177685620250408
0100017042158003664690000000000371692120250408
0100017044169000734190000000000233065020250408
0100017045124024580160000000000115325820250408
0100017046169000732150000000000196476820250408
0100017047182000136600000000000276671520250408
0100017048167000717670000000000073627020250408
0100017049124024579520000000000112168820250408
0100017053116205761070000000000098995620250408
0100017054116205275380000000000043631620250408
0100017056174000456960000000000209471620250408
0100017060124016821390000000000082646120250408
0100017061113101757020000000000059837220250408
0100017062112021308390000000000248843720250408
0100017063109204772510000000000137397420250408
0100017065112601263530000000000169261420250408
0100017067125601196160000000000208675620250408
0100017068112021308420000000000113285620250408
0100017069124024570460000000000486414020250408
0100017070128003370290000000000852682520250408
0100017071112021309230000000000225439820250408
0100017072124801286490000000000641571820250408
0100017078101113671790000000000114282720250408
0100017082124201162110000000000222502820250408
0100017085176000422170000000000161755020250408
0100017088116204511410000000000292256620250408
0100017089124024591090000000000212781620250408
0100017091124200443410000000000184014320250408
0100017093116400764450000000000264027020250408
0100017095116306021810000000000184735020250408
0100017096127003533330000000000194855120250408
0100017097124024591120000000000243790020250408
0100017098124023964080000000000281043120250408
0100017099103306601810000000000308715020250408
0100017100124024580610000000000218562620250408
0100017101121008417480000000000087853920250408
0100017102123401128620000000000220187320250408
0100017103124024614430000000000245311420250408
0100017104166000236630000000000117646820250408
0100017105116305813540000000000410361920250408
0100017106124022361730000000000136471620250408
0100017109109012023990000000000277290020250408
0100017111196065325750000000000110893920250408
0100017123124024587990000000000138817120250408
0100017126124024613170000000000166628020250408
0100017128124024651510000000000155220020250408
0100017130196033903390000000000476765020250408
0100017132165001155550000000000335376620250408
0100017139124025057780000000000129946920250408
0100017140124022300560000000000155508020250408
0100017142116004098470000000000118022020250408
0100017143196051001910000000000225900420250408
0100017145101112434260000000000161394120250408
0100017148104400791700000000000706240020250408
0100017150102007388770000000000404722120250408
0100017151124020664790000000000054641620250408
0100017152124501116720000000000237987420250408
0100017158124014251630000000000051514420250408
0100017160125400705640000000000125165220250408
0100017161112021442230000000000110162720250408
0100017164112021442100000000000112260720250408
0100017165112103846290000000000336161820250408
0100017166134001747450000000000112285920250408
0100017170124025084030000000005418136920250408
0100017172124025273900000000002258937620250408
0100017173196030123770000000003438183020250408
0100017184124702232140000000000071890820250408
0100017187102310209530000000000221761820250408
0100017188181000079930000000000172537320250408
0100017189124405535570000000000369299020250408
0100017190124901957660000000000278465320250408
0100017191108102598510000000000200478920250408
0100017201121005188510000000000031283520250408
0100017203124024629760000000000450628120250408
0100017206116801002720000000000179145020250408
0100017207179000091240000000000257680320250408
0100017209124025058040000000000312368520250408
0100017210164001261880000000000243872120250408
0100017211125101086980000000000344501720250408
0100017212112021478930000000000138565820250408
0100017213105103259050000000000372501320250408
0100017214109203775130000000000139400020250408
0100017217105005867020000000000224640020250408
0100017220112021480410000000000181719720250408
0100017221109400511140000000000073909820250408
0100017222115005845130000000000165689620250408
0100017225624001600950000000004825957620250408
0100017227124025209600000000000250482620250408
0100017232124025214480000000000557312520250408
0100017233124025217230000000001946868020250408
0100017239179000505680000000000151461920250408
0100017240124902469900000000000319015020250408
0100017241124503232370000000000161881420250408
0100017244124025203970000000000969373720250408
0100017245108013844240000000000202202420250408
0100017246126004241810000000000220615020250408
0100017251124405281970000000000049442920250408
0100017254124023874460000000000072140020250408
0100017255158004338680000000000178197720250408
0100017259102305883990000000000667149020250408
0100017260124022408420000000000143190320250408
0100017261101020288600000000000092616120250408
0100017263101605049330000000000128758020250408
0100017265167001007350000000000069852120250408
0100017268126005367070000000000215651420250408
0100017269168000342410000000000130464920250408
0100017273124701946860000000000098305720250408
0100017276124025275490000000000114489720250408
0100017278124025210530000000000324902420250408
0100017281124025189980000000000146237120250408
0100017283166000294470000000000164770020250408
0100017286124025208890000000000381871420250408
0100017287103106516240000000000104817120250408
0100017290112020960120000000000224808620250408
0100017292125500969750000000000154469820250408
0100017295112020633040000000000196258020250408
0100017297102308635930000000000204691020250408
0100017298112021526390000000000154999920250408
0100017307109301108930000000000139150020250408
0100017308109012178210000000000088407220250408
0100017309109012177950000000000190569120250408
0100017310159000680840000000000202645020250408
0100017311109012178180000000000253458820250408
0100017312120005367780000000000094855020250408
0100017315159000680710000000000201895020250408
0100017316109012178050000000000178957820250408
0100017318116901116010000000000584633920250408
0100017321124023876370000000000364375520250408
0100017322124801328000000000000239854320250408
0100017323124025282340000000000836564620250408
0100017324108013063340000000000174296720250408
0100017325116306189680000000000137583420250408
0100017326118002566890000000000283017220250408
0100017329124025289910000000000163200020250408
0100017330103014463330000000000215507920250408
0100017331116701248180000000000144709420250408
0100017343101706852470000000000102978820250408
0100017346110009680030000000000114361520250408
0100017348124025288230000000000065757920250408
0100017349119006702360000000000109235120250408
0100017350124025290000000000000198857720250408
0100017351132002905770000000000157435720250408
0100017357124024582810000000000181202720250408
0100017358133002356550000000000329922620250408
0100017359124601753330000000000164312320250408
0100017360101706257280000000000096211020250408
0100017366116020965330000000000576637820250408
0100017369169000776770000000000092185620250408
0100017370112021570030000000000069838720250408
0100017374117006785260000000000077099620250408
0100017375105103464920000000000323471220250408
0100017379109301794940000000000290565020250408
0100017380106006393610000000000127134720250408
0100017382112021551600000000000203934720250408
0100017385112021560200000000000100938920250408
0100017386109012198740000000000247790320250408
0100017390107102500960000000001841291220250408
0100017394157000795070000000000501316320250408
0100017396124010046230000000000333728920250408
0100017400124013002040000000000067429620250408
0100017404101019450540000000000539892520250408
0100017405132002763390000000000259470720250408
0100017407103015634070000000000518582520250408
0100017408124702442350000000000056927720250408
0100017409101017765240000000000105494020250408
0100017410101306759690000000000678791520250408
0100017411132002846350000000000670435420250408
0100017412101021225750000000000161385720250408
0100017413124024566490000000000211989020250408
0100017414182000184900000000001308285020250408
0100017416124405932740000000000079846920250408
0100017417101112785850000000000317820720250408
0100017418110103048870000000000206660220250408
0100017419139002375300000000000070707920250408
0100017425124902484220000000000284920620250408
0100017426116500619420000000000110951020250408
0100017427103017519470000000000215423520250408
0100017432116801201000000000000327314520250408
0100017433116205886160000000000167872620250408
0100017434132002472580000000000178575720250408
0100017435124021379130000000000062885720250408
0100017436176000459680000000000201728820250408
0100017438124012388390000000000083819220250408
0100017441181000034500000000000042683220250408
0100017442124201193860000000002304770920250408
0100017447124025413340000000001498114020250408
0100017448151000934730000000000124103720250408
0100017450116701252730000000000161678620250408
0100017452123203443970000000000119765420250408
0100017454108012304260000000000083028220250408
0100017456102304732710000000001211344020250408
0100017458136001421040000000000581394220250408
0100017460124201194090000000000531557820250408
0100017461124016760510000000000595389220250408
0100017462164001282250000000000083292120250408
0100017468176000460930000000000216529520250408
0100017470166000224990000000000066962520250408
0100017471103306824990000000000285639320250408
0100017472116204925110000000000142760020250408
0100017474124014918090000000000139150020250408
0100017475115006484590000000000065066120250408
0100017477112021617690000000000181996720250408
0100017480106006393740000000000244351520250408
0100017482135000498410000000000372592220250408
0100017483175000385510000000000141816020250408
0100017484112021605110000000000323840020250408
0100017485112018827480000000000138650020250408
0100017489124025505290000000003098132120250408
0100017494116020128920000000000321360720250408
0100017495126004374660000000000068400420250408
0100017496124902497350000000000495038620250408
0100017498103017216920000000000035129220250408
0100017499124201195510000000000104729920250408
0100017501124021890970000000000280752120250408
0100017506101113924450000000000073629520250408
0100017509124021974290000000000795348820250408
0100017511111014289240000000000103255920250408
0100017512124025511330000000000158736420250408
0100017513179000534420000000000101503120250408
0100017514101110768550000000000187455520250408
0100017515124025517640000000000079182920250408
0100017517124025498440000000000138315020250408
0100017519101605448120000000000261965020250408
0100017520124702428550000000000144950020250408
0100017521103018627000000000000336468120250408
0100017525116006358990000000000295057120250408
0100017526136001583340000000000080589520250408
0100017527101021433050000000000206087720250408
0100017530124701443640000000000068416520250408
0100017532124702486680000000000283345820250408
0100017537164001288560000000000115035020250408
0100017538124102103240000000000149784120250408
0100017539116601301030000000000190190420250408
0100017543124025502440000000000173635220250408
0100017545103018632910000000000166545220250408
0100017547124019407580000000000472019820250408
0100017553118003696600000000000236714420250408
0100017554134002422080000000000036195220250408
0100017555105103469550000000000323754820250408
0100017560112021671900000000000155717520250408
0100017563124019596390000000000330630820250408
0100017567112018424900000000000198513320250408
0100017569112500891310000000000131142820250408
0100017570132000744180000000000214260020250408
0100017571109301061660000000000143650020250408
0100017572124017722690000000000142400020250408
0100017576124025518320000000001674789120250408
0100017579124500645380000000000472058920250408
0100017580124025515860000000002994134020250408
0100017583124021976070000000000342405220250408
0100017585168000285610000000000045788220250408
0100017594124025530920000000000196088220250408
0100017596177000477750000000000067879820250408
0100017601124405603460000000000023344120250408
0100017602166000185420000000000333546120250408
0100017603124201199040000000000620561320250408
0100017607101308429700000000000257406020250408
0100017608124025947500000000000138923320250408
0100017621108014013070000000000104539120250408
0100017622181000092630000000000468601020250408
0100017623101311848570000000000096661320250408
0100017625124025711420000000000326275720250408
0100017627124021362570000000000119382420250408
0100017628124500783910000000000208136620250408
0100017630116005939730000000000412345120250408
0100017633116205207390000000000248208520250408
0100017635119007595840000000000253468720250408
0100017636124020010810000000000098952620250408
0100017638124025516090000000000120392820250408
0100017639196040218040000000000041713920250408
0100017641103304354970000000000112384420250408
0100017642111102614670000000000173202920250408
0100017643116305974900000000000135875020250408
0100017653114008047560000000000138650020250408
0100017654120102386070000000000354191920250408
0100017655114008283470000000000295493320250408
0100017656107010702170000000000274420720250408
0100017661115201060850000000000091336320250408
0100017662112021716100000000000117069620250408
0100017663112021704040000000000008426820250408
0100017666125200827010000000000997020020250408
0100017668132003372520000000001004657320250408
0100017669124025946820000000002348087220250408
0100017671124021461950000000000311272220250408
0100017673124021439520000000000261740020250408
0100017674116306222840000000000075698320250408
0100017675196066156840000000000423490020250408
0100017678164000945080000000000173191320250408
0100017679196000008770000000000104849020250408
0100017680166000215000000000000103274920250408
0100017681124025903980000000000237930020250408
0100017687132002844150000000000433109820250408
0100017691124008381200000000000195890920250408
0100017694124025907090000000000254573520250408
0100017697108103404270000000000255289220250408
0100017698116021426360000000000276627420250408
0100017699111102502900000000000229528520250408
0100017700181000093020000000000216205820250408
0100017702196000009300000000000139295220250408
0100017703124025906990000000000368790020250408
0100017707158004077680000000000446186720250408
0100017708124501354380000000000197065020250408
0100017709124025905890000000000183198020250408
0100017710124025937350000000000222579720250408
0100017719124801344840000000000293363820250408
0100017720124701218820000000000217707020250408
0100017721111015006350000000000180274220250408
0100017723107201073690000000000172997020250408
0100017726112021740440000000000180206920250408
0100017728109012301410000000000202534520250408
0100017731116021691980000000000620415020250408
0100017735123201993770000000000570990020250408
0100017737173000625300000000000169268520250408
0100017743101311265430000000000288946420250408
0100017744101021466870000000000073715220250408
0100017746124026250560000000000124802120250408
0100017747121008638490000000000290530220250408
0100017749124021752500000000000052977120250408
0100017750128004252160000000000172448820250408
0100017752103018726510000000000204612220250408
0100017754103018725960000000000388212520250408
0100017756103018728680000000000169914220250408
0100017759103010117840000000000112603220250408
0100017762136001597310000000000161695420250408
0100017763187000029560000000000357789420250408
0100017764103016254420000000000118387720250408
0100017765116020787390000000000181299720250408
0100017769103014330580000000000244390020250408
0100017770153002984270000000000230179820250408
0100017771124500844660000000000136890620250408
0100017772104012765450000000000166346120250408
0100017774124406000440000000000101906220250408
0100017775177000486800000000000235912520250408
0100017777111202504940000000000191769520250408
0100017778123103746130000000000066923920250408
0100017779123301458970000000000321040120250408
0100017780104401091920000000000223787020250408
0100017781124025899690000000000406710620250408
0100017782108009484210000000000139400020250408
0100017784116021934520000000002600088320250408
0100017785124025949090000000000087104520250408
0100017789113007897740000000000105861020250408
0100017790103305606340000000000142473120250408
0100017794116205953660000000000558354020250408
0100017795123103749850000000000097544820250408
0100017796101706637770000000000214952020250408
0100017797124902570150000000000464734920250408
0100017800102308885100000000000137512520250408
0100017802124026243580000000000090565720250408
0100017803160000242480000000000083446520250408
0100017805124102115850000000000215402220250408
0100017806126004569130000000000193604020250408
0100017808183000145170000000000233064520250408
0100017810111102018410000000000181060720250408
0100017812101201957660000000000284586920250408
0100017814172000817310000000000277540020250408
0100017816109204962740000000000111628420250408
0100017818109204966690000000000169653920250408
0100017819124026260260000000001681250520250408
0100017822124003376050000000001293881120250408
0100017831174000617770000000000269268520250408
0100017835121006654740000000000159330520250408
0100017836124026249210000000000177425020250408
0100017839120006528690000000000680188920250408
0100017843114008353690000000000454011620250408
0100017844112021870600000000000188101420250408
0100017845112021870860000000000091712520250408
0100017849102310309850000000000109517720250408
0100017851116021807400000000000518735020250408
0100017853161001152670000000000358092020250408
0100017854116021934650000000001710308520250408
0100017856124026448880000000001416586720250408
0100017858124026455730000000001599080020250408
0100017859124026456670000000000580098320250408
0100017861124026457060000000000297306120250408
0100017862124026471280000000000206489720250408
0100017865103107083570000000000232765020250408
0100017866116700022150000000000300261120250408
0100017867124026393560000000001811170020250408
0100017868124026455280000000000229445520250408
0100017871121006362090000000000173393320250408
0100017872182000240280000000000234149120250408
0100017875184000062790000000000173184320250408
0100017876103107090970000000000261190020250408
0100017879124026470050000000000118140220250408
0100017881108014212350000000000168856020250408
0100017882124801365920000000000358463120250408
0100017884124026593230000000000365478820250408
0100017886101021486560000000000155303720250408
0100017887124026470890000000000224193720250408
0100017889123103779370000000000084576220250408
0100017890124006215730000000000382843820250408
0100017893101311267760000000000114773120250408
0100017894103302425120000000000343752520250408
0100017896124026354600000000000083546420250408
0100017897116500521000000000000225264620250408
0100017898124026471150000000000601260020250408
0100017902112021901700000000000118300020250408
0100017907124702410500000000000117472220250408
0100017908124026593940000000001388924520250408
0100017909124026692900000000000481106420250408
0100017910116701283350000000000365559520250408
0100017915111301652040000000000054361420250408
0100017917124801343450000000000265486020250408
0100017921124025059140000000000122233720250408
0100017922124026732280000000000202765020250408
0100017924118003484740000000000230212520250408
0100017925105011608000000000000161885320250408
0100017926112021946420000000000183749720250408
0100017927114100925710000000000242837120250408
0100017933179000326090000000000484065020250408
0100017934124026697110000000000098248020250408
0100017939124406076360000000000179765920250408
0100017940116016887510000000000197919320250408
0100017943116022216380000000000183824220250408
0100017945124026756530000000000130591420250408
0100017948124026732150000000000119641520250408
0100017950101312324240000000000193270020250408
0100017954164001360970000000000266254620250408
0100017959124021588660000000000806667720250408
0100017961111015459620000000000306202420250408
0100017966123102528290000000000207383720250408
0100017973124026956330000000002027640320250408
0100017978103016560680000000000490565020250408
0100017979196068341160000000001100220020250408
0100017980152001599190000000000142619720250408
0100017981102301524790000000000322355720250408
0100017984132003452310000000000158893020250408
0100017988124102131690000000000159803620250408
0100017989181000115780000000000671388520250408
0100017991181000041160000000000392190020250408
0100017993158004764980000000000079951520250408
0100017994104101576810000000000089464520250408
0100017995108301151990000000000260401920250408
0100017996183000284190000000000088116620250408
0100017997177000503930000000000074640820250408
0100017999121200912840000000000111252220250408
0100018005116701287460000000000230190120250408
0100018009124301021570000000000069538920250408
0100018012113102122830000000001182130020250408
0100018014124025940930000000000153227820250408
0100018015124012960460000000000848472120250408
0100018017181000116200000000001041601920250408
0100018020118003939110000000000189254320250408
0100018025124026756400000000000190964820250408
0100018027105011642910000000000468611120250408
0100018028101312407170000000000196830320250408
0100018032103107106200000000000175350020250408
0100018033153003170070000000000651791220250408
0100018034104501823260000000000050788920250408
0100018035166000341440000000000050990420250408
0100018036116500442730000000000739323520250408
0100018037101202106700000000000139794720250408
0100018042124026733700000000000156425020250408
0100018044124902609470000000003340270020250408
0100018046124022871510000000001120705920250408
0100018049111013259040000000000210295020250408
0100018050156000434360000000000134302420250408
0100018052103205084340000000000091742020250408
0100018055124801138030000000000125129920250408
0100018056116204677660000000000256096220250408
0100018057101312401600000000000304710520250408
0100018058139002601830000000000242990020250408
0100018059181000118400000000000323466520250408
0100018060124201223600000000000711397820250408
0100018065103012406810000000000335518220250408
0100018066124026853260000000000359896420250408
0100018069116206039730000000000397715720250408
0100018073182000263430000000000103180720250408
0100018075124027026650000000000184518820250408
0100018077101506643520000000000068475220250408
0100018078124027029530000000000081811520250408
0100018081184000081700000000000466138720250408
0100018083132003520750000000002330530820250408
0100018085157000817600000000000291593620250408
0100018091161001634130000000000131690920250408
0100018094124027007480000000000093509220250408
0100018096124026957300000000000266963620250408
0100018097181000116330000000000408187620250408
0100018098124801333460000000000051700520250408
0100018099109205030600000000000087569220250408
0100018100109204857060000000000146425520250408
0100018101107500656500000000000832571620250408
0100018104112601484380000000000167914220250408
0100018105117007054570000000000213742620250408
0100018106123203670280000000000101382920250408
0100018110103018744840000000000435320320250408
0100018111103018951750000000000214796420250408
0100018112124027051830000000000187554820250408
0100018113111015511210000000000205499220250408
0100018114158004795890000000000278929720250408
0100018115123204372040000000000297267420250408
0100018116164001390940000000000599105520250408
0100018117124027033760000000000194886420250408
0100018118104009623710000000000262343020250408
0100018126124027038680000000000086153720250408
0100018127124027039490000000000158382920250408
0100018128183000480460000000000584218720250408
0100018129124801383410000000000106766020250408
0100018130108013879000000000000229272820250408
0100018131158004791940000000000299470620250408
0100018132139002610430000000000099090120250408
0100018133102307033780000000000597525020250408
0100018135124026957560000000000183763520250408
0100018137104201528190000000000089315820250408
0100018138114005176450000000000277329520250408
0100018140111301249310000000000133887820250408
0100018142111301666720000000000422415020250408
0100018147116404359920000000001077096720250408
0100018149103018748820000000000493715020250408
0100018151124102134990000000000501329820250408
0100018152164001396700000000000370840220250408
0100018153101112591800000000000386324020250408
0100018157124027126840000000001227016020250408
0100018158177000466370000000001465439320250408
0100018160196030699000000000002064207420250408
0100018162124027135280000000000570987520250408
0100018164133002422530000000000518136920250408
0100018166158004801670000000000369935720250408
0100018167116020534950000000000253958320250408
0100018168111015516130000000000395453520250408
0100018171116206054180000000000233613820250408
0100018172124027132140000000000334075520250408
0100018173112500920890000000000687472720250408
0100018178120006600840000000000410425420250408
0100018179125601265730000000000597771220250408
0100018182159000755270000000000294061020250408
0100018183125601266700000000000563435420250408
0100018184105202517940000000000248078320250408
0100018185170000262590000000000582306720250408
0100018187105202002790000000000399690720250408
0100018189124027135570000000000445398620250408
0100018190124025876150000000000029352220250408
0100018191116701104660000000000170922620250408
0100018192124027250790000000000771910020250408
0100018193102009469860000000000306169520250408
0100018195124027374070000000000332735320250408
0100018196101312425950000000000306484120250408
0100018198116601137930000000000608417620250408
0100018200164001392300000000000241817120250408
0100018201158003272750000000000424698720250408
0100018206179000610100000000000388816220250408
0100018208113200444220000000000415010020250408
0100018210179000608750000000000272085420250408
0100018211187000065830000000000696780420250408
0100018214121200858210000000000376053120250408
0100018215126004756350000000000249282020250408
0100018216124027354670000000000706732720250408
0100018217124102137580000000000369291820250408
0100018218101114423530000000001780095220250408
0100018220124027023060000000001183460620250408
0100018221165001229330000000000374303420250408
0100018223196045254690000000001008299420250408
0100018224182000278470000000000963967120250408
0100018225124102136060000000001495490620250408
0100018226124027256710000000000230269520250408
0100018227124027291850000000000227237920250408
0100018229116206050810000000000536201920250408
0100018230121200857080000000000624790720250408
0100018232113200981930000000000369560820250408
0100018233110101545900000000000677546820250408
0100018239124027294730000000000271704320250408
0100018240116206062550000000000476603220250408
0100018243126004428330000000000263047320250408
0100018248116022395070000000000773365620250408
0100018252124027294020000000000584098520250408
0100018253116500681940000000001221131020250408
0100018254109012492130000000000508744120250408
0100018255112500922120000000000450479420250408
0100018257125601267640000000000414100720250408
0100018261120006617110000000000476140620250408
0100018263103305600610000000000133947520250408
0100018264181000103750000000000277115020250408
0100018265111015528870000000000294419420250408
0100018266124301030170000000000292937620250408
0100018267104012990140000000000397881620250408
0100018270189000067030000000000661903320250408
0100018271186000062660000000000285784220250408
0100018274166000379890000000000720771020250408
0100018275124027294280000000000318555520250408
0100018278124102140580000000000606655620250408
0100018280124008523680000000000535290020250408
0100018281128004178390000000000600935320250408
0100018282124027254190000000000490600320250408
0100018284124027359590000000000466344620250408
0100018286124027306790000000000474238220250408
0100018289121200497860000000000346491320250408
0100018290124201232460000000000314471920250408
0100018291174000652360000000000257856720250408
0100018292110103125940000000000627270820250408
0100018293184000090850000000001154156920250408
0100018294116306038210000000000734617820250408
0100018295124027135150000000000522508420250408
0100018296116206071860000000000416030320250408
0100018298116022775850000000000265794720250408
0100018300124027381470000000000233015020250408
0100018302124027386970000000000078134920250408
0100018305104010985870000000000318850520250408
0100018306101506959520000000000519213320250408
0100018307124027384510000000000351349920250408
0100018308124027318690000000000248598820250408
0100018310124027251920000000001263706420250408
0100018311116204469780000000000148804520250408
0100018312124027380820000000004336451120250408
0100018313165001376980000000000157950020250408
0100018314166000380140000000000100876720250408
0100018315124027373680000000000218799920250408
0100018316101506962490000000000222317620250408
0100018318165001517970000000000111660720250408
0100018319101106921330000000000164610620250408
0100018320132000455280000000000147513520250408
0100018322158001269130000000001220289420250408
0100018323181000125800000000000764965020250408
0100018324153003187340000000000126733720250408
0100018325103302243490000000000380090020250408
0100018327124902650360000000000119532220250408
0100018328103307173800000000000149803220250408
0100018329124027392270000000000006635120250408
0100018330124027102880000000000098719820250408
0100018332125006592570000000001210623120250408
0100018339120006633370000000000095223920250408
0100018342624001649290000000004521324820250408
0100018343132003177480000000000087680720250408
0100018347181000017240000000000623739720250408
0100018349116701288300000000000082201320250408
0100018350116021966820000000000044788220250408
0100018351123103078680000000000087562120250408
0100018353133001967780000000000128397020250408
0100018354124027389430000000000416982820250408
0100018356124021974320000000000699397920250408
0100018357164001277760000000000098711220250408
0100018358173000706580000000000115588320250408
0100018361124025391970000000000355861520250408
0100018362116800229100000000000346265120250408
0100018365126004314880000000000070671320250408
0100018368101110752090000000000206862920250408
0100018369126004799580000000000274665020250408
0100018370181000133560000000000076811720250408
0100018371116022773520000000000612265820250408
0100018372121008819020000000000271417020250408
0100018374168000366760000000003341169720250408
0100018377116500686570000000000946008420250408
0100018381103306742740000000000305088320250408
0100018382111202583440000000000072928820250408
0100018383179000629410000000000194086020250408
0100018384124027476460000000000240082220250408
0100018386124027400700000000000170078320250408
0100018387124902011680000000000309140020250408
0100018389108301177860000000000295215020250408
0100018390124027666010000000000301819020250408
0100018391124503310670000000000286991220250408
0100018392185000064310000000001505125420250408
0100018395109400712880000000000344563220250408
0100018396109205097630000000000217470720250408
0100018397109400712620000000000311741320250408
0100018398109011683360000000000543290020250408
0100018401109205095140000000000200259720250408
0100018404109205095270000000000193926720250408
0100018407112014983940000000001082289920250408
0100018412126004791230000000000691060220250408
0100018414124027733190000000001394322920250408
0100018415108103575750000000000572208720250408
0100018418103307307810000000000267140020250408
0100018422116206118000000000000816952720250408
0100018424103107158030000000002189067820250408
0100018427124027732960000000000333340120250408
0100018429126004791070000000000411221520250408
0100018430124027714500000000000587617020250408
0100018431139002643410000000000499920720250408
0100018432103019083340000000000705705420250408
0100018433110103180640000000000470466020250408
0100018434124902659130000000000453464420250408
0100018435124400156260000000000332817920250408
0100018440102009497760000000000223773120250408
0100018442169000706030000000000122171820250408
0100018443167001116560000000000085546120250408
0100018444103107163940000000000778528720250408
0100018445124702589880000000000693204220250408
0100018450101605568710000000000605427320250408
0100018452177000543280000000000331995020250408
0100018453102305901410000000002047402320250408
0100018454101110895700000000000859733720250408
0100018455126003448470000000000362388720250408
0100018456104013041580000000000803469620250408
0100018457166000390420000000002293698420250408
0100018458124027714630000000000859189920250408
0100018459132003546330000000000656082320250408
0100018460101021556360000000000342938720250408
0100018462101021554290000000000701893520250408
0100018467101312518580000000000672461020250408
0100018470153003192670000000002408293520250408
0100018471181000135340000000003033632720250408
0100018472116022812120000000001754936120250408
0100018473124027482180000000000134539520250408
0100018474106103182000000000000424050020250408
0100018476124902676100000000000515933120250408
0100018478125101295250000000000550550120250408
0100018484109205113080000000000899209420250408
0100018491159000784010000000000277538020250408
0100018492112401864450000000000570319120250408
0100018493120006638740000000000379144820250408
0100018494124028041780000000000709078920250408
0100018495116206139920000000000895085320250408
0100018496124501277340000000000388532320250408
0100018502166000393010000000003847139120250408
0100018503102202169460000000001111052420250408
0100018505124901964510000000001463732120250408
0100018506124902676230000000000686270120250408
0100018509101312668300000000000736979720250408
0100018512124702612500000000002143188020250408
0100018515101021559660000000000385866520250408
0100018517103106070050000000000070737820250408
0100018519104013035310000000000603025420250408
0100018520108014456060000000000294307320250408
0100018521104101417810000000000525324120250408
0100018522158004867760000000003365055120250408
0100018524110201631960000000000675601920250408
0100018525108014283510000000000432908120250408
0100018527108014430800000000000679395720250408
0100018529181000140380000000000777837720250408
0100018530101021355620000000000058234820250408
0100018532123005936430000000000950752720250408
0100018533124027748000000000000634431820250408
0100018534124027852130000000000947395220250408
0100018535103018727160000000000262651620250408
0100018536101307361700000000000160351620250408
0100018539116023109050000000000348649120250408
0100018543102310549290000000000611058320250408
0100018544159000470500000000000637755620250408
0100018546109010198830000000001659243620250408
0100018548112500858180000000000679943120250408
0100018549109012592320000000000711002020250408
0100018551112401871300000000000580127820250408
0100018554115400784560000000000537483620250408
0100018555106103044890000000000500236520250408
0100018557182000316550000000000478632220250408
0100018559180000933470000000000303426520250408
0100018563124902679400000000000248749920250408
0100018566124027857500000000000534417820250408
0100018568124027736230000000000194680620250408
0100018569102305140330000000000847352820250408
0100018571166000400280000000000317615020250408
0100018577126004840660000000000111037020250408
0100018578116901183160000000000421417520250408
0100018580101021325070000000000127672520250408
0100018582124027848030000000000038108920250408
0100018583124027857920000000000172757020250408
0100018585124027736360000000000138616920250408
0100018586135000553270000000000139175420250408
0100018587116500690830000000000545287720250408
0100018588124022586690000000000131723920250408
0100018589109205073670000000000228523520250408
0100018591123005855090000000000196598420250408
0100018593158004876520000000000194312720250408
0100018594153000270250000000000155186220250408
0100018597128001868850000000000426093120250408
0100018600109012610970000000000148157720250408
0100018606124028287300000000000073029520250408
0100018612153003028050000000000409782420250408
0100018613133002120470000000000830484320250408
0100018614166000409340000000000191781320250408
0100018616124406245670000000000191208520250408
0100018619123205670060000000000152860520250408
0100018623103019208460000000000299215020250408
0100018625124028305790000000000215241720250408
0100018626124902399780000000000108105120250408
0100018627101202584380000000000201751420250408
0100018630187000103620000000000284460620250408
0100018632136001689710000000000229158520250408
0100018634181000143420000000000172102020250408
0100018635124010175260000000000151483620250408
0100018636124201177860000000000210900820250408
0100018637124301056880000000000205796720250408
0100018640124028300900000000000072076320250408
0100018641179000661960000000000116384620250408
0100018642158003025040000000000588559620250408
0100018643124503334920000000000352673720250408
0100018646116205753310000000000175990920250408
0100018647101312518870000000000186394320250408
0100018651124503338740000000000056003220250408
0100018653103107302440000000000762977520250408
0100018655121008754260000000000095211420250408
0100018656116206159740000000000296215120250408
0100018657169000927330000000000074757320250408
0100018661124702644480000000000346837920250408
0100018664101106983570000000000315679120250408
0100018666124028288110000000000111339820250408
0100018667167001173880000000000126512620250408
0100018668111202604390000000000222940020250408
0100018669116023361700000000000724905420250408
0100018670126004854210000000000065643220250408
0100018671124028300580000000000353417420250408
0100018673158004879820000000000381326720250408
0100018674101106002640000000000213817520250408
0100018676132002641890000000000097331020250408
0100018677124028306760000000000121242820250408
0100018679187000103750000000000135937620250408
0100018680133002518750000000000093607220250408
0100018681124600954420000000000238015120250408
0100018685123005937240000000000040524020250408
0100018686155001001170000000000122434320250408
0100018687124028263920000000000551762120250408
0100018690150000914200000000000226108720250408
0100018692117007158610000000000228892620250408
0100018693112022349420000000000184416320250408
0100018695105010348390000000000089181220250408
0100018696125301445000000000000122994620250408
0100018698112021118610000000000226123220250408
0100018700109103516230000000000188668520250408
0100018702112022325910000000000256565020250408
0100018706124027473580000000001565179520250408
0100018708124028471640000000000198052420250408
0100018709121008901680000000000064102320250408
0100018710164001444320000000000261189820250408
0100018714139002691390000000000105752120250408
0100018715121301963830000000000174061520250408
0100018716123005957220000000000140034920250408
0100018717182000341020000000000250890020250408
0100018719121008237240000000000482773920250408
0100018720132003620650000000000470340020250408
0100018722116901157880000000000051446620250408
0100018723124028446200000000000262703220250408
0100018725158004924140000000000093653920250408
0100018726124028444420000000000104684420250408
0100018727124028444680000000000106916720250408
0100018730116500696690000000000160012320250408
0100018731160000730080000000000211724920250408
0100018732124028472320000000000109391320250408
0100018733121008955610000000000204162320250408
0100018735124028472580000000000143775720250408
0100018737169000936930000000000237959020250408
0100018740123401213580000000000171554120250408
0100018741132003618460000000000159553020250408
0100018744124028472870000000000333392220250408
0100018748132003621620000000000251115020250408
0100018750124028472450000000000053283220250408
0100018751101706771900000000000138510720250408
0100018754101312703050000000000250012220250408
0100018756192000019860000000000200112920250408
0100018759155001008580000000000335782720250408
0100018760165001568570000000000081030120250408
0100018761183000111250000000000233306720250408
0100018763182000340340000000000173013220250408
0100018765182000341600000000000288064320250408
0100018766124028446170000000000172945320250408
0100018767124028307020000000000251051020250408
0100018768113008782450000000000134975920250408
0100018769101021588400000000000296639420250408
0100018773175000464200000000000106559220250408
0100018774175000461450000000000214547220250408
0100018778112022374860000000000174544920250408
0100018779125101311570000000000225442420250408
0100018780112401893320000000000118778720250408
0100018781112022395810000000000166192320250408
0100018783107201311310000000000098793920250408
0100018784125301450910000000000331515020250408
0100018789109301984460000000000097376920250408
0100018790112601519330000000000126417520250408
0100018795124028447300000000000174781020250408
0100018801152001665460000000000183833620250408
0100018804124028287270000000000966745120250408
0100018805124029105830000000000318272420250408
0100018806103019293970000000000394207020250408
0100018809158002669090000000000873214220250408
0100018812166000211310000000000045598220250408
0100018813124028451240000000000251501520250408
0100018814173000039260000000000284720620250408
0100018818124017126560000000000064271220250408
0100018820124012183380000000000489782420250408
0100018822124702680460000000000153301920250408
0100018823124026261520000000000280149320250408
0100018824124902731830000000000351587220250408
0100018825158004922100000000000271775120250408
0100018827101021509030000000000194537420250408
0100018829124028450430000000000171970020250408
0100018830116005437740000000000404115020250408
0100018831181000158200000000000241225420250408
0100018836116206187800000000000083375120250408
0100018838124029132760000000000191907220250408
0100018839126004910880000000000147904720250408
0100018842116701341410000000000276390020250408
0100018843116601397060000000000367540020250408
0100018847169000937900000000000242776820250408
0100018848124029106640000000000211911420250408
0100018849176000468570000000000164509220250408
0100018851182000351560000000000110324620250408
0100018853124503343810000000000276177920250408
0100018855108103460810000000000102762420250408
0100018857158004926210000000000300193420250408
0100018858124702682950000000000305979320250408
0100018860103019284110000000000129586620250408
0100018867181000156970000000000449625320250408
0100018870101706979500000000000347475820250408
0100018872116701067680000000000142160720250408
0100018876124602003210000000000129611120250408
0100018877124201260360000000000733005420250408
0100018881101602041940000000000540490020250408
0100018885187000110860000000000450745320250408
0100018887124901308310000000000126948520250408
0100018889124901026780000000000062351620250408
0100018890124902117340000000000447037120250408
0100018892167001181960000000000307375220250408
0100018897132003620100000000000073151720250408
0100018898182000307530000000000273991220250408
0100018900169000944980000000000197830020250408
0100018901182000353500000000000120594120250408
0100018903182000354310000000000423583820250408
0100018904103016287110000000000097033720250408
0100018908101706976330000000000206759920250408
0100018910136001707520000000000191928620250408
0100018911169000893190000000000185565020250408
0100018912124024738420000000000361772620250408
0100018913121301945180000000000265890020250408
0100018914124801450460000000000257283920250408
0100018915108014569380000000000217490020250408
0100018918124503348860000000000334047720250408
0100018920165001576940000000000159441420250408
0100018921179000694100000000000169494920250408
0100018922182000354440000000000313982120250408
0100018924103019077330000000000168941120250408
0100018925110103216820000000000242077220250408
0100018926108103369520000000000065239420250408
0100018930108301208670000000000321982620250408
0100018934124201263080000000000346790820250408
0100018935124029200230000000000094770620250408
0100018936116023702910000000000331765020250408
0100018939103015519430000000000148808420250408
0100018941158004123840000000000192392020250408
0100018943168000391360000000000420515920250408
0100018944124801449400000000000138331920250408
0100018945123103979620000000000062622720250408
0100018948120006731810000000000043793220250408
0100018949135002091600000000000280630220250408
0100018950125006711380000000000207958220250408
0100018951125600916660000000000982280520250408
0100018952134002908490000000000320016020250408
0100018953105012000740000000000129329720250408
0100018955109012657340000000000247247820250408
0100018958115201561290000000000178352420250408
0100018964109205203570000000000088179920250408
0100018965107102609760000000000217614020250408
0100018968134002485160000000000113294720250408
0100018969125101317040000000000202895020250408
0100018971124801454570000000000523691120250408
0100018974180000972200000000000072948120250408
0100018977102007337200000000000101897420250408
0100018979103019365840000000000312873220250408
0100018980164001467600000000000179587520250408
0100018983132003354870000000000392015020250408
0100018984101114345650000000000131300220250408
0100018986102009692800000000000085835120250408
0100018987124029286560000000000218606720250408
0100018988123005969830000000000031589620250408
0100018998101021569100000000000150486520250408
0100019000124029296260000000000175772320250408
0100019002168000392880000000000328821920250408
0100019006124029292310000000000103066020250408
0100019009124029106190000000000299128420250408
0100019011124007311330000000000063205920250408
0100019013116012113510000000000364970020250408
0100019014132002442770000000000122267520250408
0100019015157000837390000000000242265020250408
0100019016124029200940000000000294265020250408
0100019017123401225060000000000073788020250408
0100019019124701192050000000000211139020250408
0100019020124029111840000000000202070620250408
0100019021128004023810000000000234640020250408
0100019023103307437810000000000212181020250408
0100019024124800230320000000000191122620250408
0100019025110010117970000000000285618120250408
0100019028113008871550000000000103191120250408
0100019029124102175760000000000073413620250408
0100019030124029201620000000000111627820250408
0100019031187000120430000000000240470320250408
0100019036124029199530000000000226851120250408
0100019037123301563810000000000274584420250408
0100019040121008984900000000000213320020250408
0100019041101114641660000000000112747020250408
0100019042124902739050000000001201239320250408
0100019043124029287370000000000119831920250408
0100019044124029133280000000000552746320250408
0100019046124029133440000000000306931920250408
0100019047124801450040000000000181134620250408
0100019048124902737720000000000147691120250408
0100019049184000112060000000000358560820250408
0100019050153002887540000000000653153420250408
0100019051180000151630000000000440340020250408
0100019052182000372480000000000049831620250408
0100019054103019058290000000000082190620250408
0100019055132002665980000000000166260420250408
0100019056109205219900000000000220827220250408
0100019057107011181530000000000171741120250408
0100019058196049015900000000001129657320250408
0100019059109012676190000000000295932220250408
0100019061120006754060000000000093077820250408
0100019064107401755240000000000119484320250408
0100019068125006748050000000000453462220250408
0100019070112500957270000000000297765020250408
0100019072165001596630000000000111454120250408
0100019076124801460610000000000530066020250408
0100019077181000112800000000000253898620250408
0100019081110103226100000000000146975920250408
0100019083103016048450000000000069244220250408
0100019085160000743660000000000157272120250408
0100019086126004897990000000000111261720250408
0100019087102008936150000000000259343120250408
0100019089108103671410000000000214284220250408
0100019091116206200820000000000212688320250408
0100019092123005970050000000000242058020250408
0100019093167001205400000000000156550020250408
0100019095166000415770000000000303663720250408
0100019100124029199660000000000060948520250408
0100019101101313595720000000000250015020250408
0100019103124702671150000000000110140420250408
0100019105116801284160000000000181960420250408
0100019107113008902520000000000158496620250408
0100019109177000591030000000000282596420250408
0100019110128002835390000000000297545820250408
0100019111101313599670000000000279590020250408
0100019112103307494710000000000180221920250408
0100019113151001019670000000000164972520250408
0100019114124602046150000000000130472420250408
0100019117106005226850000000000363993520250408
0100019118124503355550000000000433748420250408
0100019119158004978170000000000088253520250408
0100019122116306417730000000000369556220250408
0100019124110007339110000000000646233520250408
0100019125124301074530000000000344040020250408
0100019126116701352890000000000264368420250408
0100019129104400133430000000000061921220250408
0100019130108103659780000000000115900020250408
0100019132167001199880000000000088595520250408
0100019133158004950550000000000415718720250408
0100019140108009406520000000000301640020250408
0100019144133002522010000000000162464520250408
0100019145103019067180000000000107174620250408
0100019148109400453370000000000189905820250408
0100019152114100800910000000000102439920250408
0100019153109400755270000000000175387220250408
0100019157106006964430000000000235802120250408
0100019158112022541680000000000196752720250408
0100019162103016429460000000000741000920250408
0100019163116023968800000000000749397820250408
0100019164112103673740000000000529736020250408
0100019167124029954980000000000239226020250408
0100019170103107243280000000000120703020250408
0100019171103017759650000000000222246920250408
0100019172124029648300000000000243169920250408
0100019174113201026100000000000033174620250408
0100019179155001024580000000000231419920250408
0100019180124021761650000000000190717020250408
0100019181124902761510000000000098252920250408
0100019182177000599090000000000234766720250408
0100019183110010171150000000000192973320250408
0100019186108103677850000000000154409420250408
0100019190128000680130000000000395025020250408
0100019193101019838540000000000386706620250408
0100019194158004127370000000000071590220250408
0100019196183000706160000000000090114720250408
0100019197167000712460000000000062476120250408
0100019199123005986060000000000041121120250408
0100019202179000718220000000000201020020250408
0100019205101706866280000000000150572120250408
0100019206101707010950000000000151941220250408
0100019207165001599220000000000174675520250408
0100019210103106703910000000000399411820250408
0100019211101311369310000000000415376120250408
0100019212124027845020000000000514549420250408
0100019213196020294980000000000329462520250408
0100019214139002426350000000000417915020250408
0100019216160000743950000000000119832720250408
0100019218157000836900000000000202895020250408
0100019219124029604490000000000157527220250408
0100019225189000124120000000000246788420250408
0100019226124029134380000000000131460020250408
0100019228110010157800000000000229800320250408
0100019229136001730760000000000157692720250408
0100019231124024492900000000000055939620250408
0100019233123401233430000000000109736320250408
0100019235124029581050000000000151605720250408
0100019237101313766780000000000192855320250408
0100019239111102583860000000000184756320250408
0100019241116500690960000000000429696620250408
0100019243103107241820000000000096193020250408
0100019244124406173540000000000144650020250408
0100019246116206234160000000000292790020250408
0100019248101301178380000000000240040020250408
0100019249128003773930000000000260786220250408
0100019251114101006250000000000259954720250408
0100019252107011198640000000000205874020250408
0100019260124030266120000000001022978420250408
0100019261166000433390000000000173628320250408
0100019262132003615290000000000100054220250408
0100019264103302126360000000000324154320250408
0100019265103016673160000000000273038120250408
0100019266182000408790000000000102650420250408
0100019270101707014770000000000085890420250408
0100019271133002566500000000000170538520250408
0100019273123104012560000000000220308420250408
0100019274123401238060000000000147048220250408
0100019277102009723030000000000138371320250408
0100019279111102980160000000000244846920250408
0100019280182000408820000000000279762520250408
0100019282169000967260000000000126337220250408
0100019286126004837790000000000126365720250408
0100019290124902768920000000000077292120250408
0100019293124031402680000000000156695020250408
0100019294124030266830000000000018857020250408
0100019295158005163870000000000074964420250408
0100019296101021486270000000000078364520250408
0100019297158003004700000000000160715220250408
0100019298150000210890000000000134292220250408
0100019303116024130770000000000153876020250408
0100019304196081282980000000000752729220250408
0100019305103304903510000000000370735520250408
0100019310121009026290000000000261237520250408
0100019311101021693470000000000033226420250408
0100019312103204445010000000000174884320250408
0100019313179000441470000000000111084720250408
0100019315124702709110000000000103175020250408
0100019316179000706740000000000233808820250408
0100019318116206241270000000000030579120250408
0100019320111102105310000000000154209720250408
0100019321124902758220000000000430770120250408
0100019326155000402190000000000199279520250408
0100019327165001179350000000000115617220250408
0100019330124702738370000000000097805920250408
0100019331173000809100000000000115970920250408
0100019333101507072190000000000162560320250408
0100019335123401238800000000000161796520250408
0100019342192000038030000000000053055720250408
0100019343110102452890000000000118312020250408
0100019345124030316940000000000248132720250408
0100019349125005827800000000000347009920250408
0100019351126600007830000000000065568120250408
0100019355117007269020000000000259113220250408
0100019357106103250570000000000166104020250408
0100019359112500970000000000000183380720250408
0100019361112401932340000000000211684820250408
0100019363191000009580000000000237441520250408
0100019364130001144910000000000072721420250408
0100019368112022325750000000000106979320250408
0100019370112022288510000000000623981720250408
0100019372112022288190000000000579512420250408
0100019375671000051330000000001730053520250408
0100019376684000012390000000001435463320250408
0100019378108014707100000000000070394720250408
0100019379152001720190000000000142950920250408
0100019380152001719710000000000173864820250408
0100019384116206269470000000000149454020250408
0100019385103205284690000000000277615020250408
0100019386108014713110000000000109226620250408
0100019387153003202300000000000384643320250408
0100019388183001473580000000000325090020250408
0100019389124030901300000000000096747420250408
0100019390182000421230000000000348057420250408
0100019391192000045270000000000114317020250408
0100019392187001394500000000000803692020250408
0100019395124503377310000000000059733420250408
0100019396186000118790000000001161690420250408
0100019397103019516790000000000121091320250408
0100019400124801474420000000000221998820250408
0100019401124902141260000000000064839720250408
0100019404124801474680000000000330243220250408
0100019405180000994510000000000621774120250408
0100019406116005458530000000000354469320250408
0100019407124030284450000000000508588320250408
0100019409124702301710000000000165715220250408
0100019410124024734990000000000082934620250408
0100019411126200002910000000000103870320250408
0100019415103205279490000000000205361820250408
0100019417102009735930000000000107661220250408
0100019420152001635230000000000160968420250408
0100019421133002563200000000000101647020250408
0100019422139002777100000000000082802120250408
0100019423116306429210000000000089150420250408
0100019425124902157140000000000073203720250408
0100019426126300008930000000000061831520250408
0100019427103019126890000000000091111320250408
0100019429116205558010000000000130408920250408
0100019430124030756340000000000064080820250408
0100019431124030756630000000000070698720250408
0100019432132003828830000000000038317120250408
0100019434139002767530000000000116446120250408
0100019435184000132880000000000532594420250408
0100019437124600527730000000000332565020250408
0100019438108009416190000000000124937920250408
0100019439124030739110000000000684835020250408
0100019440124030739080000000000870363520250408
0100019441112500905730000000000394712220250408
0100019443112022643810000000000314716520250408
0100019444112022653060000000000755217120250408
0100019445102313600950000000000334517420250408
0100019446116601436370000000000203927820250408
0100019447124503384550000000000187232120250408
0100019448123206766960000000000142743320250408
0100019451180001001170000000000422090020250408
0100019453137000899820000000000258609320250408
0100019455116206287670000000000307264620250408
0100019456121009156900000000000049726620250408
0100019458164001535460000000000163409120250408
0100019459124031184780000000000204928520250408
0100019464182000432030000000000460550220250408
0100019465124031174080000000000305416620250408
0100019467139002780650000000000210948220250408
0100019469124201266830000000000420999420250408
0100019471124600930200000000000180645020250408
0100019472124030908000000000000904060020250408
0100019473124021034260000000000636996820250408
0100019477124031168230000000000114718320250408
0100019478124503382770000000000143400020250408
0100019483194000009870000000000143980220250408
0100019485124901771660000000000140756820250408
0100019487170000299130000000000261526020250408
0100019490112601603640000000000420462620250408
0100019491112601603930000000000110932020250408
0100019493112401954100000000000156618520250408
0100019495139002789840000000000071840020250408
0100019497164001551200000000000153038020250408
0100019498101706267010000000000163780120250408
0100019500139002530190000000000267390020250408
0100019502116022855060000000000139877620250408
0100019503181000197160000000000201815020250408
0100019506124201291300000000000115166520250408
0100019507136001782200000000000207248920250408
0100019509182000442570000000000195590020250408
0100019510189000153670000000000172024420250408
0100019511124031252540000000000184097020250408
0100019513116306468200000000000100135220250408
0100019514133001630150000000000086132620250408
0100019515123401262850000000000188091420250408
0100019518101017366320000000000264918620250408
0100019519179000775090000000000208659520250408
0100019523182000134790000000000080895420250408
0100019525124503386880000000000387338820250408
0100019527101021743160000000000166311920250408
0100019529124503390300000000000517003920250408
0100019531113102096650000000000099245620250408
0100019532139000453240000000000318292620250408
0100019534108010466780000000000125530920250408
0100019536179000683690000000000287410120250408
0100019541175000497570000000000166670220250408
0100019543150001088050000000000205363120250408
0100019545138000714660000000000131905920250408
0100019546162001224670000000000248953220250408
0100019548117007321450000000000062826020250408
0100019550107009049280000000000223083020250408
0100019551196038963470000000000183929520250408
0100019553181000104690000000000053401820250408
0100019555139002504780000000000136155120250408
0100019557103305994140000000000245350720250408
0100019558666000081090000000002810154620250408
0100019559124031393210000000000841784820250408
0100019563126005095300000000000087467420250408
0100019564164001552430000000000251315420250408
0100019565124031278670000000000104004020250408
0100019566124031278410000000000176744520250408
0100019567124702384030000000000133432020250408
0100019568116024785750000000000132353920250408
0100019569116206341460000000000856527720250408
0100019570116016644740000000000295150420250408
0100019571124007274800000000000302396020250408
0100019572108012376940000000000235970020250408
0100019574167001251630000000000145656220250408
0100019575124902809010000000000284061820250408
0100019576124031252960000000000195256320250408
0100019577132003888900000000000154549020250408
0100019579126005098150000000000098546420250408
0100019584165001653850000000000062070220250408
0100019585124503393860000000000237090020250408
0100019586181000197290000000000134714620250408
0100019587119006538970000000000078479120250408
0100019590124201294150000000000062324920250408
0100019591108103741210000000000237260520250408
0100019593108103753400000000000149775120250408
0100019594181000084420000000000113584120250408
0100019595108014849130000000000083112220250408
0100019597116405364510000000000372652320250408
0100019598103106359700000000000187719820250408
0100019600116017231660000000001204693120250408
0100019602103307658370000000000072944720250408
0100019603104503092640000000000090760120250408
0100019607124027477720000000000162434920250408
0100019608165001318690000000000233390020250408
0100019611114200811000000000000253790020250408
0100019613125601354250000000000109584920250408
0100019614109205334670000000000233907720250408
0100019615109400808260000000000166194920250408
0100019618114100835480000000000091009120250408
0100019623169001036060000000000186219820250408
0100019624104013526500000000000080713220250408
0100019626124201303650000000000121424220250408
0100019628181000212670000000000126020620250408
0100019629179000816340000000000062995120250408
0100019639133700005210000000001336429320250408
0100019640116901228490000000000296681820250408
0100019641179000794550000000000124103220250408
0100019644116206142050000000001743492420250408
0100019647124300708230000000000571844920250408
0100019649102009802560000000000273503920250408
0100019651112601627020000000000150708720250408
0100019653125301511400000000000114257820250408
0100019656175000516220000000000270081520250408
0100019660116701174560000000000516315020250408
0100019661128001472060000000000026814120250408
0100019663124031968720000000000302661420250408
0100019665102202224060000000000308265620250408
0100019666124102218890000000000655601820250408
0100019667132003944570000000000831194120250408
0100019669153003151640000000000552658320250408
0100019670123401285420000000000066894920250408
0100019673108014944400000000000118210420250408
0100019675124031968430000000000069767420250408
0100019676124031969790000000000199587220250408
0100019677124031968300000000000132822720250408
0100019679108103109490000000000242639320250408
0100019682120006967150000000000484190020250408
0100019684120006967310000000000257530520250408
0100019685112601638240000000000160035820250408
0100019686112020087380000000000147275020250408
0100019687117007372050000000000128908720250408
0100019688128700012740000000000275890620250408
0100019689117007372470000000000242965020250408
0100019690105012327960000000000197160120250408
0100019691107401834800000000000236826720250408
0100019692132003922390000000000328649220250408
0100019693124013765420000000000605167420250408
0100019695132003921740000000000348178620250408
0100019697196062353640000000000340518420250408
0100019698153003054460000000000224176620250408
0100019699124025222560000000000242546520250408
0100019707124032099050000000000165448120250408
0100019708151000946500000000000217827320250408
0100019710102305820780000000000194015220250408
0100019712116206246640000000000139150020250408
0100019713124032097270000000000021075420250408
0100019715116025160390000000000269026420250408
0100019717158000503480000000000280852020250408
0100019718103015564560000000000801295520250408
0100019721125301526310000000000228940220250408
0100019723129500026130000000000141862120250408
0100019724138001031850000000000096181620250408
0100019725114200827980000000000100957320250408
0100019727125006940890000000000196734220250408
0100019729112104212520000000000184074620250408
0100019730106007130120000000000278305520250408
0100019731125006942250000000000625239120250408
0100019736124027822900000000000981986920250408
0100019741101114462810000000000328179320250408
0100019744121009334810000000000484065020250408
0100019745160000795070000000000169019920250408
0100019746133200025320000000000192667820250408
0100019747108200777030000000000349590020250408
0100019748132002153580000000000046187720250408
0100019749133004133090000000000189434320250408
0100019750124032161500000000000114553420250408
0100019753193000032560000000000071047120250408
0100019754124032193480000000000095136520250408
0100019759102310071830000000000572045220250408
0100019760116025341920000000000323661220250408
0100019761182000488000000000001014627520250408
0100019766165001714500000000000089126320250408
0100019770112601655470000000000311856820250408
0100019772114200306300000000000261540020250408
0100019773112501002850000000000160345620250408
0100019777124033481830000000000395840020250408
0100019780180000861630000000000287031320250408
0100019781173000484280000000000180271820250408
0100019783124026670140000000000093711520250408
0100019785116019253170000000000117766920250408
0100019786179000864770000000000150342020250408
0100019788124033482190000000000360883120250408
0100019789166000494850000000000434744420250408
0100019792116025568660000000000722046820250408
0100019794166000537850000000000234293120250408
0100019795132003070200000000000559551620250408
0100019801185000151050000000000332965020250408
0100019802109302067780000000000247135720250408
0100019804171000768270000000000382218920250408
0100019805129300019600000000000121700920250408
0100019806125200948670000000000183470420250408
0100019810126600132750000000000599367520250408
0100019811116701326930000000000472090320250408
0100019814116403475430000000000337980120250408
0100019816187000208860000000000277759120250408
0100019817124033610630000000000461751320250408
0100019818126300040930000000000395729120250408
0100019820113009112540000000000366807720250408
0100019824124801548880000000000504896620250408
0100019828167000771690000000000349453820250408
0100019829139002857310000000000330537920250408
0100019830103015134020000000000041037820250408
0100019831124102137160000000000502429020250408
0100019832158001865130000000000504351120250408
0100019833165001736520000000000188158120250408
0100019836124033865720000000001541385020250408
0100019839124406514880000000000463284220250408
0100019840124702844310000000000783437520250408
0100019841102309259650000000000087978720250408
0100019842124017240970000000000056157520250408
0100019843116017891260000000000459843620250408
0100019844158000501310000000000411847220250408
0100019845124702583600000000000063050320250408
0100019847108103801730000000000248544420250408
0100019851124032094000000000000172884220250408
0100019852124033471420000000000712046220250408
0100019856124033723820000000000431608820250408
0100019857128003703900000000000678052920250408
0100019858126200031910000000000234794120250408
0100019866157000752970000000000163070020250408
0100019867124033723110000000000472158320250408
0100019868116020517690000000000261517120250408
0100019869116405499980000000000665915820250408
0100019872125006971090000000000269522520250408
0100019873114200845630000000000445623720250408
0100019875114008609360000000000471550820250408
0100019876116025717020000000000646179620250408
0100019877124033635400000000001706076320250408
0100019880181000239220000000000491695820250408
0100019882121301867880000000000348753620250408
0100019885177000706030000000000785299920250408
0100019887121302049450000000000551193920250408
0100019888134500003560000000000321966820250408
0100019889101115240220000000000380158620250408
0100019890167000713850000000000339910020250408
0100019891127300081090000000000474471620250408
0100019900124201332520000000000568568520250408
0100019901169000917340000000001197682920250408
0100019905101114413670000000000196647020250408
0100019906124902895750000000001465478720250408
0100019908109012934760000000000639559120250408
0100019909129500043810000000000523787020250408
0100019910191000117560000000000372618520250408
0100019912109205136780000000000373081320250408
0100019913191000118110000000000434774120250408
0100019914115008167600000000000323016920250408
0100019915124014263530000000002186095020250408
0100019918108014392010000000000188626720250408
0100019920124034747430000000000090469620250408
0100019922134100021760000000000239824720250408
0100019923121301372740000000000171651820250408
0100019925124019186670000000000052778820250408
0100019926124034829550000000000153844120250408
0100019930124901965900000000000223234320250408
0100019932164001408050000000000144024820250408
0100019935182000559290000000000437090020250408
0100019937128004435730000000000041766720250408
0100019938124201339800000000000087668720250408
0100019939133600068390000000000150310120250408
0100019941124012432350000000000140675020250408
0100019942124034345500000000000209897620250408
0100019943166000398640000000000051939920250408
0100019944101105440160000000000582286520250408
0100019945116023700260000000000102104520250408
0100019946124027021150000000000073847220250408
0100019947101018661460000000000080758320250408
0100019951129700027360000000000237526420250408
0100019952129500044040000000000116069920250408
0100019953129600030940000000000336468620250408
0100019954134600073910000000000855305920250408
0100019958166000566720000000000511538420250408
0100019962101106694090000000000094346420250408
0100019966124301190980000000000065945520250408
0100019969125200968520000000000199465520250408
0100019978108013443120000000000103697520250408
0100019979150001122440000000000174011420250408
0100019981132100020080000000000201619220250408
0100019982112601705030000000000238479420250408
0100019984172001059500000000000179340020250408
0100019985107501246720000000000176884220250408
0100019987126500033530000000000064502420250408
0100019988102316632550000000000666876720250408
0100019989184000388940000000002715997620250408
0100019992169000635970000000000296480720250408
0100019996124901422980000000001553745220250408
0100019997165001777260000000000373520120250408
0100019998124404083010000000000946825920250408
0100019999132500024350000000000411056720250408
0100020001124301201680000000000575492120250408
0100020005184000389170000000001187690420250408
0100020006132900035990000000000471700720250408
0100020007182000569990000000000888926820250408
0100020008104502120630000000000400660720250408
0100020009103017359500000000000534430220250408
0100020010134700031590000000000392446320250408
0100020011101112693740000000002299903220250408
0100020018125601417230000000000339654920250408
0100020020112021637700000000000412389320250408
0100020022116206539490000000002415451020250408
0100020024134200005470000000000404806520250408
0100020025134500011220000000000622096720250408
0100020028124035484590000000000441087620250408
0100020031186000217910000000000825062520250408
0100020032173000979320000000000423190820250408
0100020033121009479720000000000348444520250408
0100020034167001326640000000000395758120250408
0100020037165001810550000000000495140720250408
0100020038101108659570000000000403586220250408
0100020040101111044840000000000362269220250408
0100020041165001498510000000000460886920250408
0100020042123207071090000000000426125620250408
0100020044124035542520000000000594912820250408
0100020048124102263210000000001663540920250408
0100020049101108274320000000001086768620250408
0100020052139000325600000000000895989820250408
0100020053124015299200000000000648627320250408
0100020054132003877810000000000828551220250408
0100020056124301204430000000000920075120250408
0100020057134100052380000000000489874920250408
0100020058124026176820000000000396950220250408
0100020063101303053070000000000809972220250408
0100020066121009527890000000000362482120250408
0100020068124801587450000000000648338920250408
0100020069181000269290000000000241914320250408
0100020070155001127490000000001050376820250408
0100020074124020929640000000000229948220250408
0100020076124801588710000000000183781720250408
0100020077133700065540000000000513555220250408
0100020079134200000550000000000142010920250408
0100020080101109693030000000000184509420250408
0100020082111012806410000000000500710120250408
0100020084124602104630000000000067581320250408
0100020087187000150530000000000060935120250408
0100020088167001335080000000000124431020250408
0100020089101507304800000000000393568020250408
0100020090181000150660000000000468640020250408
0100020093133700070320000000000377717620250408
0100020094101314749520000000000090264920250408
0100020096107201977510000000000252920420250408
0100020097185000189950000000000272390020250408
0100020098112402090180000000000063772120250408
0100020102124801595110000000000349322420250408
0100020103124035679480000000000393619220250408
0100020105124902158950000000000073145720250408
0100020106124030715280000000000138546820250408
0100020109124035492120000000000194134720250408
0100020110103307247390000000000235178320250408
0100020111124035664990000000000253175220250408
0100020115124503286560000000000170268920250408
0100020116182000625720000000000169754020250408
0100020117177000866680000000000130021620250408
0100020122132004222220000000000430854120250408
0100020123124503497450000000000816704620250408
0100020126196046181510000000000117698620250408
0100020127124036051690000000000036012220250408
0100020128116206598750000000000071939520250408
0100020131124035917100000000000146219220250408
0100020132124902907680000000000288123620250408
0100020133179000750800000000000164320020250408
0100020134182000562290000000000230559020250408
0100020135124036052240000000000064292420250408
0100020138139002973890000000000139150020250408
0100020140124602154130000000000138650020250408
0100020141181000249760000000000125965220250408
0100020143120101156490000000000106771020250408
0100020144112023110300000000000109032320250408
0100020146105012519840000000000086542720250408
0100020147105012523070000000000159719320250408
0100020149109103690680000000000213960920250408
0100020151167000675770000000000124230420250408
0100020152102316734780000000000171952120250408
0100020156194000126610000000000117391320250408
0100020157101707162550000000000190351420250408
0100020165108301338830000000000216974720250408
0100020166133300023960000000000133753320250408
0100020168134700065700000000000061853420250408
0100020169126600062370000000000133612720250408
0100020170165001825620000000000228495520250408
0100020172107011193010000000000079771520250408
0100020177113102095260000000000146215920250408
0100020178182000628600000000000658066720250408
0100020181126600262040000000000058024020250408
0100020183103010277100000000000444985720250408
0100020184123207153080000000000059705620250408
0100020186123401371220000000000115682020250408
0100020187124035917230000000000332499920250408
0100020188113102351630000000000323451720250408
0100020189113102351470000000000182784920250408
0100020190113102351760000000000183311220250408
0100020192182000636810000000000375740820250408
0100020193101110493610000000000204290020250408
0100020195124036054280000000000823677620250408
0100020197139002884950000000000364911020250408
0100020199124036047910000000000186570020250408
0100020202164001415610000000000276275020250408
0100020208120007150100000000000187487120250408
0100020209120007153660000000000212415020250408
0100020212130400060040000000000922561320250408
0100020213112601749070000000000137649420250408
0100020214159001015270000000000396990020250408
0100020216105012540040000000000241066220250408
0100020219105012534580000000000245240020250408
0100020220105012535710000000000157619520250408
0100020221105012534610000000000176662920250408
0100020226116901189210000000000051009920250408
0100020227136001912070000000000066358220250408
0100020228101706474340000000000268461720250408
0100020230124036058420000000000097681920250408
0100020231165001833090000000000082261720250408
0100020233126100078380000000000364518120250408
0100020234102315756310000000000095429720250408
0100020235104010449550000000000087507420250408
0100020236158003732450000000000058266720250408
0100020238136001494530000000000322916720250408
0100020239101021323580000000000755582720250408
0100020240194000125220000000000175523520250408
0100020246126200058140000000000059633120250408
0100020247169000035150000000000093880320250408
0100020249109205596740000000000158218820250408
0100020251116026598570000000000052770920250408
0100020255124031963350000000000079488820250408
0100020257182000649230000000000156245720250408
0100020262124102283900000000000154335920250408
0100020267126003641280000000000095687820250408
0100020268124036052530000000000288500620250408
0100020274121301951220000000000106933020250408
0100020275121009648290000000000080705520250408
0100020276123401385870000000000162866320250408
0100020277103107050040000000000043574720250408
0100020278124036554650000000000068281920250408
0100020282116025848540000000000136725720250408
0100020283110102593270000000000242063420250408
0100020285157000878030000000000085705020250408
0100020286103205517530000000000060836120250408
0100020287196062317630000000001193157820250408
0100020288134100045980000000000129455320250408
0100020290125210004940000000000364674020250408
0100020291109013046370000000000231135620250408
0100020292105012560990000000000298890020250408
0100020293105012557600000000000198871320250408
0100020294120007162710000000000146723820250408
0100020295120007164880000000000120587020250408
0100020297112023563960000000000229417220250408
0100020298159001020210000000000190741920250408
0100020301115102890250000000000131550320250408
0100020302128700035150000000000057905420250408
0100020304132300049670000000000186184720250408
0100020305112023586530000000000143650020250408
0100020306124035109240000000000302746620250408
0100020309107011685010000000000200913720250408
0100020310134600075080000000000233382020250408
0100020311129900025740000000000323021620250408
0100020312107011677480000000000369659920250408
0100020315127004268200000000001204559620250408
0100020316105012578810000000000189350920250408
0100020317121201024580000000000122637020250408
0100020319194000126030000000000124166320250408
0100020320124014708750000000000396115020250408
0100020321128004714510000000000086459220250408
0100020327124201391880000000000216674420250408
0100020330101115443030000000000281509420250408
0100020331102313407560000000000096651720250408
0100020332127004248060000000000218400420250408
0100020333124036548640000000000291465820250408
0100020334160001131170000000000212165020250408
0100020335116206634210000000000161501720250408
0100020337124036553970000000000185794920250408
0100020341124036585010000000000125189420250408
0100020342192000165570000000000091210220250408
0100020345126800090560000000000118640020250408
0100020347129700041740000000000139369520250408
0100020348115008528890000000000259249220250408
0100020350134700092630000000000272439620250408
0100020351102202325930000000000055088420250408
0100020352155001161850000000000128344620250408
0100020353134700092500000000000233509920250408
0100020354101606004840000000000080713220250408
0100020355134700088110000000000126528120250408
0100020356123301729700000000000227555420250408
0100020359124602227940000000000292769320250408
0100020364124036556270000000000090972020250408
0100020365164001463620000000000276050520250408
0100020367187000297510000000000740074520250408
0100020368102202325770000000000125118620250408
0100020369124030919930000000000129710720250408
0100020371124036613650000000000097184020250408
0100020373124801419430000000000482519420250408
0100020374124033635530000000000089685420250408
0100020375181000309280000000000255888620250408
0100020376179000083610000000000200174720250408
0100020378126005578410000000000284834920250408
0100020379158004334570000000000242578820250408
0100020381124036616790000000000230530620250408
0100020382102316553280000000000116650320250408
0100020383139002845830000000000127610620250408
0100020385124021834040000000000070444720250408
0100020387107202013460000000000154183720250408
0100020388109013074010000000000112558420250408
0100020391124601377820000000000111470220250408
0100020392132004311290000000000146402120250408
0100020393132004312550000000000207697520250408
0100020394116400982160000000000404507420250408
0100020395123206619310000000000057917120250408
0100020398123206124850000000000139850020250408
0100020402130300055420000000000137085920250408
0100020403120007200180000000000138809420250408
0100020404120007200500000000000055773220250408
0100020407133100053800000000000033533220250408
0100020409183002091020000000000180090320250408
0100020410104502697730000000000319233520250408
0100020411103308249270000000000292890020250408
0100020412124201403420000000000044210620250408
0100020413116022950910000000000127189420250408
0100020415124406719210000000000047243620250408
0100020416124102307150000000000251532120250408
0100020417187000309990000000000289099520250408
0100020419124801633610000000000067134020250408
0100020421180001206050000000000222967220250408
0100020422174000935410000000000170920020250408
0100020423168000411950000000000041800820250408
0100020425103017004930000000000194404220250408
0100020428124201123410000000000183456320250408
0100020429101112022050000000000768790020250408
0100020430181000317810000000000583366620250408
0100020431132003929410000000000158295920250408
0100020432124036844810000000000164214620250408
0100020433132000611880000000000904331920250408
0100020435108103783050000000000087680020250408
0100020436124036844650000000000047281920250408
0100020437124036844520000000000077580420250408
0100020438126200066930000000000048648320250408
0100020441121009713590000000000139395020250408
0100020444124035741220000000000096262320250408
0100020445101312703630000000000072404420250408
0100020446179000652940000000000185570020250408
0100020448107011726650000000000165467720250408
0100020450106007264810000000000100685920250408
0100020455109302168230000000000102323920250408
0100020456159001047280000000000397240020250408
0100020460114200921860000000000088716420250408
0100020461117007636480000000000216633420250408
0100020463150001151600000000000251667520250408
0100020464106007266300000000000151720020250408
0100020467104401195220000000000141441820250408
0100020471124902903860000000000106637220250408
0100020475135200005470000000000067690820250408
0100020477135200004820000000000119705920250408
0100020479101115515740000000000096459420250408
0100020480116206225010000000000262766220250408
0100020481124801637850000000000075981920250408
0100020482135200005760000000000107008120250408
0100020486153003500930000000000081650620250408
0100020490124037008860000000000290794420250408
0100020491113102233660000000000151626020250408
0100020492109400806770000000000179249420250408
0100020493109400998460000000000194522520250408
0100020496114009042900000000000116270020250408
0100020497112023390090000000000126071220250408
0100020498112023827680000000000124669620250408
0100020499172001220270000000000181375420250408
0100020500175000620930000000000144575520250408
0100020501115008554170000000000199555520250408
0100020502134600023380000000000098686420250408
0100020507130400082060000000000165174620250408
0100020508132200040350000000000092376020250408
0100020633124027476750000000000153900020250408
0100020652124024824060000000000085394020250408
0100020657158005182880000000000254390020250408
0100020659136001673830000000000428565820250408
0100020660169000939810000000000059788920250408
0100020663102313165600000000000087460620250408
0100020664167001203170000000000095663520250408
0100020665184000121240000000000083467520250408
0100020666128004455680000000000099241720250408
0100020669169000906960000000000828704120250408
0100020670101312403770000000000218068720250408
0100020672132003662810000000000169381620250408
0100020677132003872600000000000914938220250408
0100020678124201245620000000000714926720250408
0100020679102009691960000000000127927920250408
0100020681181000153090000000000053371220250408
0100020684132003041330000000000127296120250408
0100020690101312671010000000000736013320250408
0100020698132003620520000000000181836220250408
0100020699180000936930000000000189869820250408
0100020704111202678720000000000139971320250408
0100020705124012127450000000000183170520250408
0100020707117004158570000000000084045520250408
0100020714126004847520000000000444843920250408
0100020717124031368740000000000136375820250408
0100020719189000101710000000000041249220250408
0100020726124102172040000000000081252320250408
0100020727116701326800000000000633545420250408
0100020728182000306430000000000596706720250408
0100020732102313061300000000000121800520250408
0100020734124301068070000000000166867020250408
0100020737101112725490000000000669960320250408
0100020742124301104820000000000310130120250408
0100020745124026256740000000000188486520250408
0100020751132500007250000000000036486920250408
0100020752123206766670000000000115358620250408
0100020755155001119310000000000162248920250408
0100020758108015180380000000000109220820250408
0100020764104501866520000000000068230920250408
0100020765123401314900000000000327730120250408
0100020767103307912540000000000120039120250408
0100020772101112833890000000000053687720250408
0100020775101312289460000000000099435420250408
0100020776111015131140000000000102503620250408
0100020778124035566030000000000371565420250408
0100020780103019388090000000000058607620250408
0100020786124503490170000000000548743820250408
0100020787101202713630000000000074231420250408
0100020790116404152710000000000269409720250408
0100020792126002139940000000000040741420250408
0100020795126005606050000000000065774220250408
0100020797124702856340000000000149634520250408
0100020801124035923370000000000135258420250408
0100020803121009548000000000000114534020250408
0100020804169001189050000000000095583020250408
0100020805101112509430000000000144650020250408
0100020810104011237790000000000047674720250408
0100020814196021274300000000000272935120250408
0100020815107102399520000000000096399720250408
0100020816126002308250000000000045063720250408
0100020822124037016070000000000050801020250408
0100020829124036998870000000000033497120250408
0100020830103017029250000000000028561020250408
0100020833106102194800000000000104193520250408
0100020834124014995390000000000232504220250408
0100020835103300977250000000000273440220250408
0100020836123401226160000000000226085820250408
0100020837106004661230000000000139650020250408
0100020838179001022090000000000105902020250408
0100021483124024111630000000000258240020250408
0100021508196025315090000000000158760020250408
0100021515139002622880000000000113697020250408
0100021532166000467630000000000141693220250408
0100021550166000451200000000000561872420250408
0100021564158000169390000000000324449520250408
0100021568109205108750000000000144900020250408
0100021569173000717090000000000151142120250408
0100021571124027480560000000000107735120250408
0100021577102305080940000000000291090020250408
0100021580124030281440000000000085528020250408
0100021586116701319950000000000163919320250408
0100021594124503354740000000000211272420250408
0100021597109012582040000000000361141520250408
0100021600183000632120000000000097063020250408
0100021607103307189650000000000248340020250408
0100021618109400718800000000000147492020250408
0100021619163000573960000000000133932720250408
0100021632123205378610000000000095189920250408
0100021637167000914330000000000026513420250408
0100021639124031375560000000000060048520250408
0100021653115009188040000000000113477020250408
0100021693124031728120000000000042766220250408
0100021695112023217320000000000247903420250408
0100021696158000613370000000000458490020250408
0100021707102007891300000000000526307620250408
0100021717103019670450000000000224756920250408
0100021721123206431950000000000264985820250408
0100021723124031254870000000000146979520250408
0100021739196081396570000000000282070020250408
0100021754124033723400000000000064114220250408
0100021770116205395970000000000084093320250408
0100021781116025807930000000000109599820250408
0100021782123204902670000000000020247220250408
0100021783116901181120000000000072923520250408
0100021786139002975700000000000037701420250408
0100021796169001170580000000000105070820250408
0100021813116901133790000000000325092320250408
0100021817124702896270000000000198705320250408
0100021823124036069770000000000031881320250408
0100021833196017037600000000000350385820250408
0100021836196009290190000000000131045420250408
0100021839124035740700000000000088478620250408
0100021852126300103590000000000116205620250408
0100021864101202428970000000000046955420250408
0100021866166000660310000000000136308020250408
0100021870124037016230000000000139650020250408
0100021873108015596020000000000121451620250408
0100021874116206691370000000000110417620250408
0100021875101202443450000000000044124020250408
0100021877125301631410000000000091133820250408
0100021881124019713030000000000094144420250408
0100021882134800093600000000000393590020250408
0100021883128004917450000000000135947620250408
0100021885128004919780000000000081428220250408
0100021886111301905090000000000132829020250408
0100021888186000294340000000000089854520250408
0100021890102311270470000000000076034820250408
0100021891134100091110000000000227958320250408
0100021893139002844150000000000192096920250408
0100021894101606045450000000000149467020250408
0100021895132004010780000000000482240020250408
0100021896132004389730000000000138942420250408
0100021897158005526680000000000213230020250408
0100021899101104794400000000000360042020250408
0100021900124702778880000000000053015320250408
0100021904110010769070000000000176628920250408
0100021906134200038610000000000974405220250408
0100021907135200009320000000000377769920250408
0100021908195000215970000000000271015020250408
0100021909179000968230000000000173767020250408
0100021911135400004790000000000323590020250408
0100021913113009323300000000000175986720250408
0100021914116024845720000000000144150020250408
0100021916135200011190000000000124586220250408
0100021917174000958080000000000157845520250408
0100021919124702900430000000000236889920250408
0100021920182000706290000000000273644820250408
0100021922112402184810000000000186646020250408
0100021923112023884610000000000134910120250408
0100021924125601474710000000000221660220250408
0100021925171000854100000000000074883520250408
0100021933135600007410000000000131532820250408
0100021934193000192240000000000242455320250408
0100021935135200016300000000000069479820250408
0100021937101507435290000000000091781120250408
0100021940135200017820000000000187821120250408
0100021942134100157650000000000095287620250408
0100021949124406215440000000000240218120250408
0100021950174000968230000000000092969620250408
0100021951135200017110000000000188698320250408
0100021952152001978450000000000079574820250408
0100021953124029276600000000000048891820250408
0100021954132004389990000000000277957320250408
0100021955169001302260000000000249716220250408
0100021956102009602470000000000185882120250408
0100021957133600184450000000000073271420250408
0100021958164001466050000000000204465020250408
0100021959135200015200000000000210365020250408
0100021961134700044880000000000095652420250408
0100021964135200013000000000000392965020250408
0100021968135200015590000000000126364620250408
0100021970123006238300000000000328553720250408
0100021971134100158460000000000140541420250408
0100021972124037825290000000000129892920250408
0100021974101110143670000000000354406320250408
0100021975116205132380000000000501317920250408
0100021979135200017530000000000200529420250408
0100021980153003656640000000001205645020250408
0100021983125601482340000000000131694720250408
0100021986120102911650000000000191215020250408
0100021989105012702370000000000228015020250408
0100021994135200017240000000000103909020250408
0100021995133700132620000000000115904120250408
0100021999135200015750000000000177640020250408
0100022016101202740850000000000061828520250408
0100022019124035923950000000000205594220250408
0100022022124702947930000000000081997120250408
0100022024124405850040000000000232515020250408
0100022028124602256360000000000464540020250408
0100022029134300089340000000000323590020250408
0100022030134300089630000000000100441220250408
0100022032126100103200000000000234662620250408
0100022033133003945830000000000463540020250408
0100022034105012757790000000000269961920250408
0100022036135200018890000000000115515620250408
0100022037180001152250000000000192090020250408
0100022038101606081850000000000128881820250408
0100022039164001596890000000000179210120250408
0100022041189000317490000000000170920020250408
0100022042126005679700000000000127093520250408
0100022043135200016690000000000228463920250408
0100022044135200019860000000000130684120250408
0100022045165001909070000000000126298420250408
0100022046101706937210000000000190690020250408
0100022049103308396790000000000118885920250408
0100022050135200028910000000000167094920250408
0100022051116306727000000000000060370820250408
0100022053135200030780000000000360142720250408
0100022054124801656570000000000136752120250408
0100022055135200020080000000000024015420250408
0100022057124503563560000000000111528120250408
0100022058108104167330000000000210821320250408
0100022059116206740380000000000124856320250408
0100022060135200030360000000000469142220250408
0100022061196055645900000000000279511120250408
0100022065108104161860000000000208340320250408
0100022067108104117090000000000119853920250408
0100022068110103446430000000000100783420250408
0100022069110010837670000000000330390020250408
0100022070135200028590000000000101219420250408
0100022072110010838220000000000261445020250408
0100022073110010833140000000000208042920250408
0100022074110103304790000000000078778920250408
0100022088105012595880000000000175745020250408
0100022091132004418500000000000317233520250408
0100022092123207310520000000000115003920250408
0100022093126005690040000000000152991020250408
0100022094113101197970000000000228316820250408
0100022095158005900280000000000172664620250408
0100022096177000992730000000000200665020250408
0100022097192000203070000000000171522320250408
0100022098101110666580000000000285465020250408
0100022099179001121890000000000169122220250408
0100022100127200163080000000000097753220250408
0100022101134200046400000000000218232720250408
0100022102124601596180000000000094383620250408
0100022104101707244960000000000199836420250408
0100022111169001325250000000000200163620250408
0100022113195000136600000000000126063620250408
0100022114123207302280000000000045019020250408
0100022117135200032850000000000242517820250408
0100022118135200032980000000000180122520250408
0100022119135200032720000000001100918020250408
0100022122184000500630000000000192534020250408
0100022123135200018340000000002102873720250408
0100022125135200027520000000000251440020250408
0100022127135200032010000000000218265820250408
0100022129135200032430000000000129086320250408
0100022143130001597150000000000203795720250408
0100022144153003677690000000000276123720250408
0100022147135200036410000000000169638920250408
0100022149135200035990000000000152533220250408
0100022150133600185970000000000081672020250408
0100022152103308424750000000000183218920250408
0100022153177001008030000000000453118020250408
0100022157173001101650000000000036307520250408
0100022158101707251520000000000175677420250408
0100022162124602276470000000000154435220250408
0100022163124102026040000000000068126120250408
0100022164101022092940000000000049947420250408
0100022165101603055690000000000052509320250408
0100022169124030682560000000000120908120250408
0100022170165001589810000000000183630320250408
0100022172101705636730000000000127122720250408
0100022173124301308730000000000109523220250408
0100022175135200047180000000000286325620250408
0100022176135200046950000000000191708020250408
0100022178173001019540000000000171819520250408
0100022179127800072230000000000165885120250408
0100022182116206795830000000000189790020250408
0100022183136002004600000000000120864320250408
0100022185182000776510000000000191461620250408
0100022187133700157230000000000103154120250408
0100022189116305949720000000000233265020250408
0100022191165001932340000000000080681320250408
0100022192195000250430000000000043850720250408
0100022193135200047210000000000227315020250408
0100022194135200046820000000000053068920250408
0100022195135200046790000000000151969920250408
0100022197135200046660000000000127318420250408
0100022200105012797040000000000310148020250408
0100022202112024165080000000000102154520250408
0100022207116601459100000000000270003920250408
0100022209124020996080000000005747540020250408
0100022211152002003050000000000095352720250408
0100022221135200041290000000000163313320250408
0100022223135200040640000000000110955620250408
0100022224126600375810000000000114382620250408
0100022226135200036380000000000302515020250408
0100022227116306748760000000000228382820250408
0100022228102316767180000000000245344420250408
0100022230183002805320000000000075252920250408
0100022232165001554630000000000166145020250408
0100022233182000777870000000000964284220250408
0100022238135200040770000000000087200920250408
0100022239180001246720000000000070113320250408
0100022240179001149540000000000196049020250408
0100022242123006268400000000000230476620250408
0100022245187000371120000000000439290020250408
0100022247139002977580000000000070685220250408
0100022248123401463590000000000111255820250408
0100022249136100025740000000000171082220250408
0100022251126300188430000000000229490020250408
0100022255136100025610000000000151691320250408
0100022257108103856150000000000060308020250408
0100022258123104622400000000000114829820250408
0100022260123301794070000000000178048720250408
0100022261135200102230000000000053382820250408
0100022262135200042130000000000139494720250408
0100022263116701533680000000000202566020250408
0100022264124301304040000000000246832420250408
0100022265128003684830000000000166068520250408
0100022268128700108700000000000107695220250408
0100022269120102973470000000000138650020250408
0100022274134600039420000000000159429820250408
0100022275109205812020000000000304004420250408
0100022281128004993490000000000069567020250408
0100022282126004383390000000000206129420250408
0100022283132004554930000000000987840020250408
0100022285126005664500000000000101767020250408
0100022286124026593780000000000386715020250408
0100022288124038398960000000000254274020250408
0100022291135200050500000000000236990020250408
0100022293126100112220000000000090382120250408
0100022295103205680890000000000114591720250408
0100022299126005759040000000000183395020250408
0100022300136100034630000000000060276020250408
0100022302102319580830000000000126045120250408
0100022303113102421690000000000232765020250408
0100022304133700170770000000000210038420250408
0100022306111015631350000000000105079120250408
0100022307183001934670000000000204707520250408
0100022309135200053350000000000158564520250408
0100022310135200053060000000000233891220250408
0100022316187000382210000000000197464620250408
0100022317101202737430000000000126179820250408
0100022319124029364730000000000218242920250408
0100022320109103800890000000000158763120250408
0100022321129600128070000000000234247020250408
0100022325136001898820000000000288519220250408
0100022326101202762030000000000119618520250408
0100022330179001177570000000000066764620250408
0100022340114009203680000000000141462820250408
0100022342123205548310000000000163936620250408
0100022343124102359010000000000057351920250408
0100022346116006578770000000000376969920250408
0100022347110010989560000000000100946120250408
0100022348181000377720000000000504390020250408
0100022349102301001170000000000227556620250408
0100022350124702490810000000000204770620250408
0100022357182000826460000000000187533020250408
0100022358124405619050000000000142339420250408
0100022363124038755620000000000152679420250408
0100022364124503599550000000000111015520250408
0100022365123206672650000000000294040020250408
0100022366101606142210000000000165767420250408
0100022367124028288080000000000179056220250408
0100022370135200053190000000000258348120250408
0100022372136002022640000000000249635220250408
0100022383135200054030000000000088666820250408
0100022384187000397700000000000122290420250408
0100022385126600339410000000000194094320250408
0100022392134100233590000000000124709120250408
0100022393104401262270000000000378513720250408
0100022394116028727150000000000605926720250408
0100022395187000401380000000000486729320250408
0100022397124038530050000000000190769420250408
0100022398166000692290000000000392909120250408
0100022400135200060910000000000309688620250408
0100022410157000965770000000000401486920250408
0100022411135200062530000000000616763220250408
0100022414116901372870000000000046686020250408
0100022417132004057020000000000162422920250408
0100022418133700139740000000000357096420250408
0100022422133200176400000000000238743520250408
0100022427185000284190000000000172447820250408
0100022428124406928320000000000093652620250408
0100022429116801374490000000000099100620250408
0100022437103308585530000000000124697820250408
0100022438123204436250000000000221893320250408
0100022440121302356130000000000177715020250408
0100022442155001235760000000000129669820250408
0100022443103013914880000000000067174220250408
0100022453112204397940000000000149171720250408
0100022455185000286550000000000111918120250408
0100022456135200064600000000000069507720250408
0100022457181000388100000000001107200020250408
0100022461158005967890000000001512725020250408
0100022467158005311130000000000099125720250408
0100022471101606164810000000000102007620250408
0100022472196049059940000000000234226920250408
0100022474124902646710000000000113131820250408
0100022480125007417090000000000403566820250408
0100022481112501134470000000000214633420250408
0100022482112402301680000000000165895020250408
0100022484185000288910000000000221268120250408
0100022491124602305370000000000154385720250408
0100022496133005693340000000001832193020250408
0100022497101108303350000000001061286620250408
0100022500101112641460000000000122206720250408
0100022501116800842910000000000957757620250408
0100022502123207035560000000000235004120250408
0100022503110011057710000000000314936420250408
0100022505102316607370000000000217265020250408
0100022506169001368640000000000086783920250408
0100022507180001300220000000000165304820250408
0100022510103020678180000000000242598620250408
0100022512116800747480000000000114053720250408
0100022514181000319270000000000099101920250408
0100022516133700190040000000000104547120250408
0100022519125007407260000000000166667820250408
0100022525133600263270000000000441364920250408
0100022526108104281900000000000298556820250408
0100022528124201480430000000000387725420250408
0100022530124039092050000000000457106920250408
0100022531135200072490000000000168687320250408
0100022532135200079350000000000529846220250408
0100022535124028286330000000001362998720250408
0100022539101310581290000000000278434220250408
0100022541179001239610000000000648312320250408
0100022543132004312840000000000700622920250408
0100022544124102370770000000000558436320250408
0100022546135200079800000000000245858220250408
0100022547112024469050000000000214087120250408
0100022548132100059790000000000346599520250408
0100022559135200080280000000000198048020250408
0100022564128001389430000000000368930120250408
0100022571125501634680000000000292706420250408
0100022572112024469630000000000347735720250408
0100022574101707320510000000000322819720250408
0100022577104007313370000000000350772120250408
0100022578126600458450000000000235034620250408
0100022579135200069520000000000817183720250408
0100022587165001884720000000000128994820250408
0100022592101707268340000000000093312520250408
0100022594173001141580000000000031898020250408
0100022596134700190590000000000126630220250408
0100022598196060410180000000000189010020250408
0100022599164001475940000000000242400220250408
0100022603164001690800000000000083279820250408
0100022605104014394210000000000398207320250408
0100022607126300235110000000000605458620250408
0100022610135200080020000000001275573120250408
0100022611121006839480000000000401729620250408
0100022613116500839170000000000648596720250408
0100022614164001944370000000000556882320250408
0100022619126005848980000000000319401520250408
0100022622115008732370000000000390581820250408
0100022623115102539700000000000249578020250408
0100022631128004924690000000000449152420250408
0100022633101020928090000000001229126720250408
0100022634158001561870000000000491857920250408
0100022641135200054450000000000063149720250408
0100022650136002084460000000001165809120250408
0100022652118004458430000000000387894220250408
0100022654106007427790000000000312539020250408
0100022655128500071390000000000305077120250408
0100022656130500048600000000000393315520250408
0100022660112601957400000000000381606420250408
0100022664125601548330000000000360510120250408
0100022665126700136310000000000343299620250408
0100022673116500836030000000001178694520250408
0100022675102103778430000000000364670020250408
0100022676132005023460000000000142900020250408
0100022677124025631470000000000031807020250408
0100022679123006291770000000000151524520250408
0100022680124703035320000000000261315020250408
0100022682101022063650000000000154933420250408
0100022685196030943450000000000299590020250408
0100022690135002354220000000000158369320250408
0100022692112402360230000000000220627920250408
0100022693112024592190000000000109250820250408
0100022694112402360520000000000099717020250408
0100022696128100038740000000000119121920250408
0100022697112024595070000000000182365020250408
0100022698112024624680000000000160895020250408
0100022701112024578130000000000134117320250408
0100022702125601550810000000000260810620250408
0100022703128200081380000000000676788520250408
0100022705128004443360000000000145747120250408
0100022707133400161330000000000362615020250408
0100022708119008884840000000000052827320250408
0100022709124038753000000000000105959820250408
0100022713136002102690000000000093978720250408
0100022715123006341620000000000232515020250408
0100022726134700239640000000000670400020250408
0100022727123205533400000000000668910020250408
0100022728102318711990000000000595712620250408
0100022730132004945770000000000891788520250408
0100022731174000605610000000000101878420250408
0100022732135200096580000000000780892620250408
0100022733134200080570000000001770813920250408
0100022734101112046270000000000434047920250408
0100022735103021136810000000000361800520250408
0100022736169001482210000000000437451920250408
0100022741101315654210000000000354755320250408
0100022742135200099590000000000484282320250408
0100022743101707368240000000000556912520250408
0100022749196017755520000000000982406420250408
0100022750135200100900000000000688966320250408
0100022751103305596290000000000491438820250408
0100022753107402124320000000000572071820250408
0100022754112017777300000000001337943820250408
0100022755112024660240000000000759941920250408
0100022756115401227680000000000533326320250408
0100022757125007532210000000000548579520250408
0100022760182000926230000000000104805720250408
0100022766116306853990000000000261683920250408
0100022770128005128440000000000388369020250408
0100022779101202554570000000000389474620250408
0100022806103021051520000000000411247520250408
0100022807133600303680000000000497667520250408
0100022809137000965770000000000589845420250408
0100022811101116362080000000000570317420250408
0100022815110008570910000000000427837620250408
0100022816110007970120000000000353187720250408
0100022818116306879310000000000376752420250408
0100022819101115774800000000000283815120250408
0100022823101114310920000000000395476720250408
0100022826111014349760000000000404596920250408
0100022827124801749810000000001583542220250408
0100022829135200097390000000000826474520250408
0100022832133700235110000000000639655120250408
0100022834135200100610000000001716807020250408
0100022836135200104140000000000767731920250408
0100022837164001778650000000000601675720250408
0100022839116029094680000000000433023420250408
0100022840126600515410000000000254343220250408
0100022841119008945880000000000486026820250408
0100022842136400049250000000000364494520250408
0100022848125007554070000000000456689820250408
0100022850112024751410000000000760851420250408
0100022852112601794780000000000241409220250408
0100022854112024736510000000000303282820250408
0100022855112501168680000000000800312520250408
0100022860105103980710000000000414316720250408
0100022864116006463410000000000299466320250408
0100022865196059224320000000000304513720250408
0100022866177001185490000000000213244420250408
0100022869121008142120000000000157354420250408
0100022870127003311510000000000155301920250408
0100022871124503667020000000000158770120250408
0100022872101116375660000000000092799720250408
0100022878135200110440000000000210760020250408
0100022879119008970800000000000057927220250408
0100022881103107145580000000000212707720250408
0100022884184000601630000000000141316220250408
0100022885124903377730000000000109829820250408
0100022887182000942070000000000416209820250408
0100022888166000734930000000000038913020250408
0100022890124201480270000000000238164720250408
0100022892124503667570000000000348840020250408
0100022893111016596120000000000070053720250408
0100022894101021129120000000000161395020250408
0100022896134100316840000000000137409320250408
0100022897110007782510000000000058305520250408
0100022902184000593780000000000326196220250408
0100022906172001372580000000000226519320250408
0100022907112024763150000000000159896920250408
0100022908125007574340000000000090377120250408
0100022909125201112290000000000188338520250408
0100022912112402395960000000000137575320250408
0100022913115401242580000000000112893720250408
0100022916120007534700000000000112589320250408
0100022917107012163560000000000151001520250408
0100022920129100067320000000000151220620250408
0100022921125601568990000000000234819020250408
0100022922115103112100000000000448740020250408
0100022924132004545200000000000169196020250408
0100022929103107745010000000000035575620250408
0100022930158004035710000000000123507120250408
0100022933182000952190000000000672997920250408
0100022936135200117270000000000103637320250408
0100022940135200113320000000000140710920250408
0100022941139003305340000000000138787420250408
0100022942124405970470000000000229421820250408
0100022946121008022370000000000150684120250408
0100022947121201151570000000000083638420250408
0100022949124040201540000000000216496420250408
0100022950135200113580000000000064940320250408
0100022953107103074280000000000170138220250408
0100022957103204419440000000000264153120250408
0100022959130000645090000000000285076520250408
0100022960136400049700000000000072447620250408
0100022961173001290170000000000130772420250408
0100022962165002067070000000000118790920250408
0100022963194000344030000000000191652620250408
0100022964183003120310000000000101324220250408
0100022966165001896170000000000102989020250408
0100022968134700271510000000000213366920250408
0100022970124040575670000000000093597920250408
0100022971110009311950000000000203658720250408
0100022972124801774540000000000197648020250408
0100022974196041282160000000000249861920250408
0100022975102319872870000000000169145720250408
0100022976101707197600000000000396492920250408
0100022979101116380020000000000387380120250408
0100022980115008462350000000000143333120250408
0100022981136002023290000000000111512820250408
0100022982124503679050000000000185395420250408
0100022983123006389930000000000185520920250408
0100022984135200063210000000000097135920250408
0100022990111103198140000000000144400020250408
0100022992132004459950000000000200920820250408
0100022995126300277080000000000160229320250408
0100022997124801772210000000000219165020250408
0100022998103308832010000000000066625720250408
0100023000119006858650000000000082450620250408
0100023001127002777490000000000077774220250408
0100023002124038800230000000000100354820250408
0100023005134100197870000000000117500720250408
0100023006128005092000000000000055317920250408
0100023007124032111840000000000385081320250408
0100023008161001873920000000000083631020250408
0100023010124102441090000000000074292720250408
0100023012123006321510000000000290791520250408
0100023013123207551770000000000167936220250408
0100023014134300127680000000000096534520250408
0100023015127600022440000000000058868820250408
0100023018124903413160000000000561193720250408
0100023020135700105400000000000055850820250408
0100023022126200122920000000000186045520250408
0100023023134700275590000000000095945420250408
0100023024180001387070000000000207565020250408
0100023025165002081740000000000180765020250408
0100023026184000616540000000000183847520250408
0100023027126100152600000000000152085520250408
0100023029132004559010000000000288437720250408
0100023030102312791280000000000294927920250408
0100023031119008215350000000000363365020250408
0100023032108016615740000000000091527320250408
0100023033101507703560000000000076169520250408
0100023034124038661600000000000151032820250408
0100023039138200026130000000000145336020250408
0100023040112024959980000000000152707120250408
0100023042185000239060000000000086578020250408
0100023043126700160940000000000251290020250408
0100023046124602283610000000000290717720250408
0100023047165001489590000000000111106820250408
0100023048179001370250000000000103750620250408
0100023049603001037350000000011187870020250408
0100023052106103092190000000000199590020250408
0100023055135200012870000000000417315020250408
0100023056133005766730000000000151695020250408
0100023058101707420090000000000071044920250408
0100023059133700252050000000000279090020250408
0100023060116801514380000000000325630320250408
0100023062113009729760000000000081800120250408
0100023066108103875030000000000118745620250408
0100023072124040972970000000000157483720250408
0100023073103007869840000000000035606920250408
0100023075103007880920000000000141338920250408
0100023077124040973520000000000083426320250408
0100023079103007903520000000000205225020250408
0100023082124040972420000000000101054920250408
0100023086112025056420000000000080471520250408
0100023087114009452170000000000207276220250408
0100023088171000970420000000000138049520250408
0100023090112025069000000000000329965120250408
0100023091112025069970000000000149770120250408
0100023093114009457670000000000233015020250408
0100023094136500138510000000000278218020250408
0100023096117008064080000000000176221020250408
0100023097115103164220000000000177169220250408
0100023098124201007060000000000168706620250408
0100023099124602366120000000000130663420250408
0100023100123301948190000000000309353520250408
0100023103164002028530000000000242802720250408
0100023104116029301490000000000259142520250408
0100023106124201537240000000000033926820250408
0100023107135200126290000000000114369420250408
0100023108135200126030000000000177250920250408
0100023109111017284040000000000100717420250408
0100023111127800127550000000000132277820250408
0100023112101312396890000000000285402820250408
0100023113102319828260000000000173745420250408
0100023114124407167210000000000109229220250408
0100023115182001021020000000000394957320250408
0100023117124101654370000000002196685020250408
0100023121180001399680000000000091697120250408
0100023123112501200610000000000156515720250408
0100023126138200035570000000000160895020250408
0100023128133400108380000000000118912920250408
0100023129111203024360000000000162725020250408
0100023144135200128810000000000153894520250408
0100023148135200129040000000000111471120250408
0100023173130300120690000000000117052020250408
0100023175112501121180000000000138900020250408
0100023179175000454500000000000115710420250408
0100023183120007496200000000000073190120250408
0100023184107400106760000000000055542420250408
0100023187124039070030000000000090084720250408
0100023188102202391720000000000058015720250408
0100023189136400082190000000000139900020250408
0100023191103015691000000000000081340620250408
0100023195124301424470000000000071048720250408
0100023196124703132180000000000298341920250408
0100023198124022388960000000000086784820250408
0100023200121010251810000000000351636720250408
0100023201112024755490000000000139900020250408
0100023204101116413900000000000082174620250408
0100023206125601609790000000000144400020250408
0100023207106103615320000000000094533720250408
0100023210138001353990000000000100476420250408
0100023212125301841750000000000119220420250408
0100023213125301842270000000000134846320250408
0100023215124102453310000000000144391220250408
0100023217135200129330000000000353249720250408
0100023218174001235470000000000076283320250408
0100023219151001231520000000000112043020250408
0100023221135200134400000000000200470220250408
0100023222121010368530000000000060138720250408
0100023224134400030360000000000181165020250408
0100023225124701979550000000000057064720250408
0100023227111016699900000000000141714320250408
0100023228174001240090000000000132553620250408
0100023229111017281290000000000161395020250408
0100023232124040973070000000000839743120250408
0100023233624001164520000000001388269020250408
0100023234129001562000000000000080419720250408
0100023236120007631720000000000180665020250408
0100023239106005722240000000000082566520250408
0100023240101303937620000000000143650020250408
0100023241135200134240000000000453090020250408
0100023243135200132330000000000952891120250408
0100023244105203084010000000000049481720250408
0100023245135200138510000000000142527320250408
0100023247127800136730000000000199624420250408
0100023248182001041680000000000366344020250408
0100023252116700987240000000000346163520250408
0100023253132005197370000000000151240420250408
0100023254135200139900000000000062263420250408
0100023255126200133720000000000181841420250408
0100023256181000502120000000000275364820250408
0100023258116207060320000000000123009420250408
0100023263111203187920000000000085891720250408
0100023269135200138930000000000161395020250408
0100023272193000401120000000000299590020250408
0100023273111017283100000000000202668820250408
0100023275116206783190000000000219040020250408
0100023278116306942700000000000094803320250408
0100023281123006425360000000000132255620250408
0100023282116601555310000000000064471520250408
0100023283133700285450000000000053477120250408
0100023285123301825200000000000105333220250408
0100023286128600038160000000000105870220250408
0100023287114009468470000000000084365720250408
0100023294103018143500000000000291340020250408
0100023296110011416960000000000070814120250408
0100023298101707447930000000000194575320250408
0100023299133600329840000000000233163220250408
0100023301193000281470000000000176303320250408
0100023302128005266520000000000231939720250408
0100023303126006108560000000000145537520250408
0100023304157001035090000000000179265020250408
0100023305126100007250000000000117305320250408
0100023306165002141550000000000120496520250408
0100023309135200142450000000000254998620250408
0100023310132005224940000000000160858920250408
0100023311184000657730000000000324240920250408
0100023312124801491070000000000246501520250408
0100023313135200145590000000000151667420250408
0100023314135200144520000000000476590020250408
0100023315135200139870000000000135722820250408
0100023318135200140380000000000472612020250408
0100023322104101993480000000000155053620250408
0100023323169001620320000000000095450920250408
0100023324184000712170000000000336690020250408
0100023327101022326850000000000147118120250408
0100023332107012349430000000000147786020250408
0100023334114009512560000000000166187520250408
0100023335112025330700000000000154393120250408
0100023336114009505030000000000106897920250408
0100023338112025330670000000000079963120250408
0100023342159001171970000000000091003120250408
0100023343126700112510000000000110066920250408
0100023344103307524970000000000137122120250408
0100023345134200100160000000000320865020250408
0100023346102308738840000000000109128820250408
0100023350158006231860000000000108982120250408
0100023351103106346120000000000110556920250408
0100023357139003236510000000000138246620250408
0100023360160001154030000000000128744220250408
0100023361137001147180000000000106989520250408
0100023363135400094120000000000168809420250408
0100023364132005148130000000000363894920250408
0100023367187000612010000000000091146920250408
0100023368127600181280000000000110961520250408
0100023369116500881450000000000119522020250408
0100023371135200150790000000000145778420250408
0100023372102202463430000000000195929320250408
0100023373103019981240000000000159902820250408
0100023375101018938180000000000167733020250408
0100023376180001438600000000000177393620250408
0100023384120103206120000000000072165820250408
0100023385128400112770000000000172214120250408
0100023386125201154580000000000186889920250408
0100023391109206136460000000000238111720250408
0100023392129800130550000000000171065320250408
0100023395186000499190000000000210713820250408
0100023396135200113740000000000144163420250408
0100023398116029511730000000000113028720250408
0100023399102318105870000000000024642220250408
0100023400193000435170000000000138900020250408
0100023401132005217380000000000118580220250408
0100023404183001732540000000000185339020250408
0100023406104101426700000000000093780220250408
0100023408194000425470000000000153745320250408
0100023409136100256320000000000131830020250408
0100023411124503707300000000000139050620250408
0100023414103306402790000000000203880320250408
0100023417135200155580000000000174454020250408
0100023418193000489780000000000274879720250408
0100023419103203007260000000000163968820250408
0100023420126003456840000000000300465420250408
0100023423135200155290000000000213540020250408
0100023426126006178460000000000045035220250408
0100023427123301985720000000000277675820250408
0100023428124801849130000000000214876520250408
0100023431135200151050000000000680410020250408
0100023432116405884090000000000177837520250408
0100023434189000476070000000000043951220250408
0100023436102202470380000000000131762920250408
0100023440136500178600000000000086896320250408
0100023441172001480300000000000126331120250408
0100023442135800087690000000000109528620250408
0100023443125601603770000000000182944020250408
0100023447185000398640000000000085505520250408
0100023448127002300870000000001052370020250408
0100023450116500880770000000000063405120250408
0100023451126400127970000000000207798520250408
0100023452135700148210000000000186590020250408
0100023453127400144360000000000205438320250408
0100023455124407032680000000000197890020250408
0100023456135900342380000000000243319120250408
0100023458135200155450000000000065092020250408
0100023470135200154800000000000271870320250408
0100023476133005959970000000000360490020250408
0100023477135100158040000000000233015020250408
0100023480101108033170000000000652125820250408
0100023483124407304640000000000145184320250408
0100023486165002161790000000000231526520250408
0100023487116500901040000000001429052720250408
0100023488135200162270000000000171630420250408
0100023489132005263060000000000198465720250408
0100023491135200162430000000000177345120250408
0100023492165002187820000000000194040020250408
0100023493119009211340000000000199333720250408
0100023494119009211050000000000195829320250408
0100023495124102489980000000000113682120250408
0100023499173001108060000000000053447920250408
0100023503182001115880000000000478890020250408
0100023505134300068130000000000086976020250408
0100023506135200159720000000000190787520250408
0100023507123104904450000000000062512120250408
0100023514114201130940000000000113781920250408
0100023516114200717250000000000424070420250408
0100023517125007795350000000000129917520250408
0100023518185000402060000000000063640020250408
0100023520126500168580000000000217090020250408
0100023523126006200790000000000177215020250408
0100023524132004091640000000000048554920250408
0100023525134700342410000000000219790020250408
0100023528124041654170000000000301253220250408
0100023529135200157490000000000075017720250408
0100023531102318279780000000000107638220250408
0100023532101116619270000000000178736320250408
0100023536115201902110000000000160424220250408
0100023541135200160810000000000189896420250408
0100023542135200169420000000000301675520250408
0100023543135200169680000000000293092820250408
0100023544103015885180000000000095942420250408
0100023545119008035950000000000126025220250408
0100023550124041658990000000000134820120250408
0100023553164002184810000000000145427420250408
0100023554165002247630000000000136419420250408
0100023555173000398770000000000093875520250408
0100023557165002255390000000000221860720250408
0100023558126600713850000000000094318020250408
0100023559124201430930000000000251712520250408
0100023561124040083380000000000099459620250408
0100023563116026684950000000000996020020250408
0100023564135700194150000000000245589520250408
0100023565135200179670000000000369965020250408
0100023566134700378400000000000118632020250408
0100023568132005317990000000000139225020250408
0100023569124201624010000000000233386120250408
0100023571116600443380000000000291123520250408
0100023574110103534140000000000175495020250408
0100023575123005623440000000000307034020250408
0100023576116023711190000000000047550320250408
0100023579170000475420000000000095427520250408
0100023580101316136610000000000270278920250408
0100023581116030619650000000000176742120250408
0100023583124041907380000000000267907520250408
0100023584133800075950000000000098636520250408
0100023585116207158160000000000037484120250408
0100023587127300048600000000000098604820250408
0100023588166000920890000000000048518020250408
0100023589135200173070000000000365834620250408
0100023592132005316500000000000637082620250408
0100023593183003107610000000000250344820250408
0100023595165002256490000000000167138520250408
0100023597104401149670000000000181242520250408
0100023599135200012320000000000009255820250408
0100023600135200179540000000000248035220250408
0100023601116030631120000000000371565020250408
0100023602116030620160000000000096021420250408
0100023604107202264310000000000144400020250408
0100023605114009690150000000000158032220250408
0100023609114201170610000000000195615020250408
0100023610129400177920000000000087557520250408
0100023611179001115910000000000054578920250408
0100023613135200135180000000000634506620250408
0100023614136002068910000000000043663120250408
0100023617126006297110000000000108574020250408
0100023619124042439440000000001007083920250408
0100023622116701725690000000000967894920250408
0100023623135200188560000000000112899620250408
0100023625133300119050000000000306016020250408
0100023630120007786170000000000100493620250408
0100023631107501657120000000000154245020250408
0100023632125007927320000000000241128920250408
0100023636135200188980000000000115344120250408
0100023641166000682750000000000081980820250408
0100023644135200192660000000000082914520250408
0100023645184000757210000000000194409020250408
0100023646135100234300000000000155911520250408
0100023647135200190460000000000215402920250408
0100023648102306154370000000000158670020250408
0100023649135200197160000000000079747620250408
0100023651135200196800000000000177520320250408
0100023652124040609070000000000119774320250408
0100023653124032022290000000000268190020250408
0100023654165002292210000000000195265020250408
0100023655135200196930000000000089723020250408
0100023657135200190200000000000190680720250408
0100023658136002322340000000000089754120250408
0100023659117008361480000000000253968920250408
0100023661107300991050000000000257887720250408
0100023663128500119210000000000108720220250408
0100023665105203219830000000000146737620250408
0100023670135200193760000000000131079120250408
0100023674135200194310000000000258526520250408
0100023681167001606650000000000123908420250408
0100023682127800182250000000000122064020250408
0100023683135200189530000000000430343720250408
0100023685123105027280000000000083894320250408
0100023686116030728570000000000042504420250408
0100023687102319864370000000000189562020250408
0100023689113102726340000000000107061520250408
0100023690124407438460000000000122877320250408
0100023691124301546840000000000127043620250408
0100023693196000707260000000000547415020250408
0100023695135200195700000000000073731620250408
0100023702123401655470000000000146988020250408
0100023704101021726060000000000229593120250408
0100023705135200205270000000000129707220250408
0100023709104401079870000000000095509320250408
0100023720112402597830000000000368424120250408
0100023721112402598060000000000155701120250408
0100023723125005823400000000000172300720250408
0100023726135200204910000000000181940020250408
0100023737126006399630000000000317666520250408
0100023744135200208570000000000195755620250408
0100023746135200207180000000000186687820250408
0100023749135200207500000000000220179020250408
0100023753123401294020000000000566117820250408
0100023754101606760100000000000120379620250408
0100023758157000940450000000000169895020250408
0100023759135200213510000000000151506120250408
0100023762116701749940000000000472415020250408
0100023764135200214610000000000297374220250408
0100023765180001312540000000000194965020250408
0100023767125501165250000000000112477820250408
0100023768107103237740000000000170920720250408
0100023771101104973670000000000253890020250408
0100023778135200213060000000000038326820250408
0100023779135200214030000000000238586920250408
0100023781196061566170000000000072770120250408
0100023782124043551750000000000121605620250408
0100023783135200213800000000000244919920250408
0100023785135200213930000000000115886120250408
0100023796123005920710000000000216033420250408
0100023804135200220330000000000164636520250408
0100023805135200220040000000000155537220250408
0100023806116306712640000000000278126820250408
0100023807101707601040000000000065867120250408
0100023808135200215710000000000406694220250408
0100023810126300450360000000000192368520250408
0100023815101707600940000000000070904520250408
0100023817109104085340000000000152710320250408
0100023818112026275330000000000072786720250408
0100023820132004643900000000000090311220250408
0100023823166000956330000000000309712920250408
0100023824161002058180000000000268749520250408
0100023826127005228890000000000240347820250408
0100023828195000564520000000000139900020250408
0100023829124406169990000000000157591920250408
0100023833101316048160000000000462544020250408
0100023834124801935770000000000494734020250408
0100023835124039084840000000000523439320250408
0100023836108301656280000000000493402420250408
0100023837124503824300000000000370890020250408
0100023838128005559820000000000463110120250408
0100023839116029627770000000000373214720250408
0100023840104201940710000000000478657420250408
0100023843135200226640000000000455968820250408
0100023844136002377890000000000566685620250408
0100023845135200224310000000000422302120250408
0100023846124503659780000000000257757320250408
0100023847133003250150000000000446495620250408
0100023849135200224280000000000450913020250408
0100023850124801943270000000000723657020250408
0100023859125201243420000000000526864820250408
0100023863135200223180000000000310963220250408
0100023871133600512790000000000339508520250408
0100023876135200222950000000000298551320250408
0100023890167001864580000000000069015920250408
0100023891135200221010000000000798785220250408
0100023892135200232650000000000582023020250408
0100023896182001379020000000000836050720250408
0100023898135200229780000000001250585120250408
0100023899101508085290000000000353867120250408
0100023900134700458870000000000430278320250408
0100023901136100414540000000000430278320250408
0100023904116601465370000000000841579820250408
0100023905135200232100000000000240154720250408
0100023906133700322560000000000303069420250408
0100023907135200229650000000000430278320250408
0100023911135200230870000000000699638320250408
0100023914124038729210000000001269659320250408
0100023915101109043680000000000704957420250408
0100023916135200227320000000000775516120250408
0100023917135200227870000000001055091620250408
0100023919135200231710000000000246949320250408
0100023922135200231000000000000542973920250408
0100023926129600353050000000000549811220250408
0100023927130100216650000000000444435320250408
0100023928112602295800000000000307371320250408
0100023929132100130420000000000491918920250408
0100023930107103266320000000000554260820250408
0100023933101022502010000000000398367520250408
0100023934130100215970000000000357190720250408
0100023935107103266450000000000383239520250408
0100023939133600520580000000000403643720250408
0100023940124903630640000000000077209520250408
0100023941101007345090000000004570552620250408
0100023942189000575030000000000077220020250408
0100023943183003750230000000000110249220250408
0100023945183000786050000000000770966820250408
0100023946135200237150000000000260910420250408
0100023947158004807140000000001307470320250408
0100023948132005398010000000000325956920250408
0100023949135200232780000000000701569420250408
0100023950124040863890000000000626414220250408
0100023952192000459000000000000407455120250408
0100023953110011962980000000000254249020250408
0100023954135200235790000000000346330520250408
0100023957164002365600000000000899577520250408
0100023958135200231130000000000386965020250408
0100023960110008834500000000000415627920250408
0100023970103022449580000000000423144320250408
0100023972135200235400000000000339514820250408
0100023978196073894130000000000154620020250408
0100023980124407564930000000000257416520250408
0100023981194000588290000000000340649720250408
0100023983158006611800000000000267060820250408
0100023984624000685120000000001504925020250408
0100023985158004097240000000000545262920250408
0100023987116031188210000000000036131920250408
0100023988116024971320000000000111407520250408
0100023989133006170080000000000252316520250408
0100023994135200239190000000000134061420250408
0100023995133600539050000000000107242120250408
0100023997135200240280000000000145792620250408
0100023999101021778180000000000350590020250408
0100024002128003702930000000000180765020250408
0100024004112402658160000000000219491920250408
0100024009135200249050000000000099454320250408
0100024010116801199170000000000148792820250408
0100024011164002398000000000000108040020250408
0100024013135400120300000000000101527620250408
0100024019154000973560000000000110746020250408
0100024021135200247270000000000181339920250408
0100024023135200249180000000000124273520250408
0100024024135200249210000000000167825820250408
0100024025158001649170000000000110960620250408
0100024028112501335400000000000259527820250408
0100024031125302013330000000000135844820250408
0100024032116031217660000000000636239020250408
0100024033135200247560000000000196647520250408
0100024034118004062220000000000570540020250408
0100024036124039909710000000000054281220250408
0100024037135200242350000000000066780820250408
0100024043135200242770000000000100364520250408
0100024047135200233200000000000271545820250408
0100024048187000950020000000000291702120250408
0100024050116307211140000000000148275020250408
0100024051124902061340000000000340404920250408
0100024053103307638260000000000339154920250408
0100024054193000751580000000000115562520250408
0100024055123401579110000000000173449120250408
0100024062135200250980000000000042512120250408
0100024063124201724460000000000160195020250408
0100024065123006619440000000000444941420250408
0100024066126006609900000000000074679720250408
0100024067135200253570000000000173870020250408
0100024071135200253440000000000091130020250408
0100024072135200253600000000000152954220250408
0100024073121201320910000000000180090020250408
0100024074135200253310000000000096675920250408
0100024075124041212310000000000128835320250408
0100024076135200248820000000000969633020250408
0100024078135200252760000000000149656720250408
0100024079112026606420000000000220590020250408
0100024082196000009960000000000132402420250408
0100024084135200252180000000000117050420250408
0100024089158006705790000000000141417120250408
0100024090128005476730000000000088827420250408
0100024091110200782360000000000321793920250408
0100024094102010964530000000000054104720250408
0100024096133006169020000000000117765420250408
0100024097102010975200000000000142825020250408
0100024099196000166270000000000518971120250408
0100024112196000110340000000000242640020250408
0100024116196000096130000000000169823820250408
0100024117196000095910000000000083022420250408
0100024118196000084200000000000125228120250408
0100024120196000142220000000000100993520250408
0100024121196000122590000000000207257820250408
0100024123196000111680000000000082787320250408
0100024124196000203810000000000072948820250408
0100024125196000223490000000000141925020250408
0100024129196000093870000000000100192220250408
0100024132196000406940000000000096992120250408
0100024134136001622100000000000115752720250408
0100024135103008069610000000000179843520250408
0100024136158002169170000000000910286320250408
0100024138196000397070000000000195161220250408
0100024140109206418250000000000095211020250408
0100024143196000403690000000000102301220250408
0100024145196000396150000000000087304020250408
0100024146196000387730000000000078808020250408
0100024147196000390850000000000085555120250408
0100024148196000392660000000000125462920250408
0100024149196000388800000000000058994120250408
0100024150196000094970000000000126167520250408
0100024151196000243720000000000037667820250408
0100024152196000204300000000000128256220250408
0100024153133300098100000000000331665020250408
0100024154196000210970000000000105660720250408
0100024158132005533950000000000110201020250408
0100024161123006623670000000000124833620250408
0100024162103206095370000000000136819720250408
0100024164101117160050000000000035289720250408
0100024167196000393080000000000524540020250408
0100024169139003285620000000000107656220250408
0100024171196000106450000000000217049320250408
0100024172196000638630000000000180765020250408
0100024173124044771470000000000206704920250408
0100024175196000529910000000000086816320250408
0100024176196000656530000000000299590020250408
0100024177124602175760000000000057147720250408
0100024179196000147440000000000181165020250408
0100024180196000589430000000000377854920250408
0100024181196000420740000000000191666020250408
0100024183196000394210000000000080531820250408
0100024187196000649340000000000165539720250408
0100024188196000639930000000000153230720250408
0100024189196000586490000000000138369720250408
0100024190196000617590000000000201310220250408
0100024192196000606620000000000202415020250408
0100024194196000659210000000000177597520250408
0100024196196000737890000000000095713220250408
0100024197196000615330000000000205456820250408
0100024198196000653530000000000161847120250408
0100024200196000642810000000000181165020250408
0100024201196000668140000000000080827120250408
0100024202196000658860000000000149438320250408
0100024211196001035590000000000748600620250408
0100024213196001149630000000000180765020250408
0100024214196001005890000000000578816620250408
0100024216124902414320000000000117534920250408
0100024217173000200190000000000197115020250408
0100024218196001033450000000000053393020250408
0100024219196001161030000000000204003320250408
0100024222196000923480000000000135887720250408
0100024223192000357290000000000212883420250408
0100024224196000723500000000000143666820250408
0100024228196000985440000000000097118820250408
0100024229196001141800000000000132652420250408
0100024231196001186790000000000103718720250408
0100024232133600214450000000000193017820250408
0100024233196001154930000000000192171020250408
0100024234160000732280000000000181165020250408
0100024236167001871140000000000140474220250408
0100024237196001141280000000000101853720250408
0100024238196001158060000000000129763620250408
0100024239196001139900000000000743113620250408
0100024240196000407330000000000152880220250408
0100024241133005694570000000000147008320250408
0100024242101115121280000000000171377120250408
0100024243196001125900000000000163688520250408
0100024245196001160120000000000172424520250408
0100024249124012178340000000000079996620250408
0100024250196001142670000000000111351020250408
0100024251196001148320000000000237615020250408
0100024257196000990520000000000206195120250408
0100024258196001005080000000000169736320250408
0100024259196000759950000000000193341720250408
0100024261196000999900000000000149426920250408
0100024262196000996270000000000273293520250408
0100024264196000997360000000000125557520250408
0100024265196001427210000000000286293320250408
0100024275196001419000000000000047134320250408
0100024276182001374070000000000129536020250408
0100024278135700114550000000000187653820250408
0100024279126003734780000000000057935720250408
0100024280196001449520000000000155789420250408
0100024281196001449610000000000130034020250408
0100024282196001448860000000000174950420250408
0100024283123207781670000000000054661820250408
0100024284196001446660000000000083466020250408
0100024285133400368960000000000127072120250408
0100024286196001453930000000000198221020250408
0100024287121008781640000000000158457220250408
0100024288101306878470000000000058053720250408
0100024289169000463650000000000105965320250408
0100024293196001447420000000000173025720250408
0100024294196001164180000000000187842320250408
0100024295196001163790000000000180146420250408
0100024299196001432690000000000153084520250408
0100024301196001317220000000000163820220250408
0100024303196001542070000000000130305920250408
0100024305196001190700000000000160811620250408
0100024306196000721710000000000071527220250408
0100024309196001645000000000000358497420250408
0100024312196001911270000000000258812520250408
0100024313126200123600000000000109242220250408
0100024315196001813830000000000148881320250408
0100024316196001699710000000000038215020250408
0100024317196001811870000000000056757920250408
0100024318196001814520000000000210580420250408
0100024320196001970520000000000195140020250408
0100024321196001665920000000001223130020250408
0100024322196001752390000000000060936220250408
0100024323196001926440000000000156886720250408
0100024325196001942390000000000104413320250408
0100024329182000212700000000000097896820250408
0100024330196001815870000000000114949120250408
0100024331196001701670000000000893376720250408
0100024333196002132820000000000161395020250408
0100024334196001958030000000000121219820250408
0100024342196002355190000000000148673720250408
0100024346196002397230000000000075456320250408
0100024349196001923250000000000132798120250408
0100024350124038172610000000000221031120250408
0100024351196002332210000000000180765020250408
0100024354196002343310000000000111100520250408
0100024355116600816630000000000066068620250408
0100024356196002349620000000000153450320250408
0100024357196002509480000000000069178520250408
0100024358196002334360000000000253390020250408
0100024359196002356480000000000177465020250408
0100024360196002394560000000000127391020250408
0100024361196002466970000000000061851720250408
0100024362116500882710000000000136102020250408
0100024363196002400330000000000096470620250408
0100024366196002385070000000000061249620250408
0100024367196002238630000000000114333220250408
0100024368101707338850000000000159049720250408
0100024369132004467610000000000168537420250408
0100024371196002417190000000000218689920250408
0100024373196002303260000000000105407220250408
0100024375196002333580000000000122385820250408
0100024376196002429560000000000177706520250408
0100024381196002281800000000000202777720250408
0100024388196002288050000000000148706920250408
0100024389196002895630000000000155009520250408
0100024392196002613940000000000195589020250408
0100024394136200158910000000000051127920250408
0100024395196001907560000000000054987420250408
0100024396196001669660000000000115304620250408
0100024397196006257300000000000113557320250408
0100024398104011130510000000000047315920250408
0100024399103308804240000000000112062620250408
0100024400102010336520000000000138150020250408
0100024402196003014570000000000148173020250408
0100024404196001435760000000000255967120250408
0100024405196002995890000000000151915320250408
0100024407196002983790000000000132628220250408
0100024408167001869530000000000151620020250408
0100024410196002932640000000000164095020250408
0100024413196002680410000000000476590020250408
0100024416167001463620000000000843698820250408
0100024417196002466910000000000536452620250408
0100024418101111434290000000000131969020250408
0100024420196002731230000000000314315120250408
0100024422133200270410000000000194604820250408
0100024423196002784590000000000154820820250408
0100024424196002770760000000000056845720250408
0100024425196002734840000000000132523620250408
0100024426196002842300000000000180721620250408
0100024427196002770160000000000265127420250408
0100024428128004849140000000000142905620250408
0100024431196003289440000000000190016520250408
0100024432165001467570000000000180515020250408
0100024433165002038780000000000122283620250408
0100024436196003025680000000000048060620250408
0100024438196003031010000000000114629320250408
0100024440196002984730000000000197865120250408
0100024441101706791850000000000180340020250408
0100024442196002966260000000000163524120250408
0100024443196002711300000000000178536020250408
0100024445196002625130000000000119273920250408
0100024446196003014150000000000093078620250408
0100024447196002976580000000000163186320250408
0100024450196002791000000000000518240020250408
0100024451196002844850000000000180226720250408
0100024452112021306060000000000144900020250408
0100024454196002996890000000000057390020250408
0100024455196002962790000000000161645020250408
0100024468196003210320000000000165020720250408
0100024469196003168390000000000109728420250408
0100024470196005019010000000000187767220250408
0100024471196003513500000000000154334820250408
0100024472196003591460000000000142108520250408
0100024474196003449540000000000235941120250408
0100024479196003778460000000000133682720250408
0100024483196003669820000000000258979820250408
0100024484196003627750000000000385362520250408
0100024487196003623610000000000103655320250408
0100024489196003536490000000000246190020250408
0100024490121010718340000000000085836820250408
0100024491196003486810000000000169523020250408
0100024493196003614500000000000149945620250408
0100024495196003571100000000000121227320250408
0100024500196003893850000000000285271320250408
0100024502196003960990000000000147690720250408
0100024503196003908070000000000086494420250408
0100024504196003833900000000000139487220250408
0100024505196003913330000000000039254220250408
0100024508196004144530000000000130973120250408
0100024511196003506410000000000181203420250408
0100024525196004112920000000000119500320250408
0100024528196003537820000000000093830820250408
0100024530196003812430000000000170365020250408
0100024533116029267130000000000039892420250408
0100024534196003027350000000000091920120250408
0100024535196003815500000000000076083520250408
0100024536196003938410000000000153323720250408
0100024537196004119370000000000205633620250408
0100024538101311428570000000000273508820250408
0100024539196003878900000000000061414620250408
0100024540196003892340000000000189228520250408
0100024542196004053320000000000262759020250408
0100024546196004420600000000000223197420250408
0100024548196003878350000000000107787020250408
0100024549196003879370000000000243142320250408
0100024550196003797360000000000182446520250408
0100024552196003976560000000000092717920250408
0100024553123301800690000000000173476320250408
0100024556196023367850000000000139900020250408
0100024558196004428220000000000106497420250408
0100024560196004478990000000000287751720250408
0100024561166000485380000000000276115020250408
0100024562196004436150000000000197586320250408
0100024563196004453570000000000111569720250408
0100024564103106851820000000000105343120250408
0100024565136002305950000000000087191820250408
0100024567196004408520000000000241162720250408
0100024568196004388850000000000101606420250408
0100024569196004393430000000000091267020250408
0100024570116800848190000000000174658720250408
0100024571116500868330000000000802979320250408
0100024572196000148880000000000172570220250408
0100024573196004243200000000000215557820250408
0100024574125501975440000000000061491620250408
0100024575196004472980000000000163057020250408
0100024581196004400340000000000134387220250408
0100024582196004255180000000000143304620250408
0100024585196004393920000000000105768620250408
0100024587196004226410000000000164468920250408
0100024588196004247110000000000133979620250408
0100024589196004434360000000000234645920250408
0100024590196004716370000000000240815720250408
0100024591196004719040000000000112619620250408
0100024592196004705130000000000246686920250408
0100024593196000825170000000000061816620250408
0100024596104401247530000000000233437520250408
0100024597196004477030000000000203765020250408
0100024599196004570960000000000041900720250408
0100024603196004573860000000000112063020250408
0100024605128005588950000000000119180220250408
0100024607196004469210000000000139293920250408
0100024609196004463910000000000048665420250408
0100024611196004389860000000000251940020250408
0100024618196004463440000000000119615020250408
0100024622196004981110000000000058022220250408
0100024623196004944420000000000161395020250408
0100024624196004963160000000000215995920250408
0100024625196001841130000000000161395020250408
0100024626196005111470000000000537366120250408
0100024627196005017540000000000109726220250408
0100024628196005501240000000000338165020250408
0100024629196005098460000000000100305520250408
0100024632196005023210000000000140410020250408
0100024634196004978130000000000161395020250408
0100024639196004999760000000000107664720250408
0100024640196004977200000000000144043120250408
0100024641196004933450000000000207504620250408
0100024643196005024900000000000207987020250408
0100024644196005108670000000000092917620250408
0100024647196003068990000000000088097120250408
0100024648124503833740000000000486771120250408
0100024652101108835280000000000049882020250408
0100024653196005420720000000000166065320250408
0100024654196005799760000000000069517220250408
0100024655196005162320000000000159432820250408
0100024656196005372610000000000061943520250408
0100024657196005145180000000000212965020250408
0100024659196005335010000000000359674020250408
0100024660196005470890000000000996770020250408
0100024661196005278070000000000248758720250408
0100024662196004998170000000001538226020250408
0100024664196005520210000000000228969220250408
0100024667182001394340000000000079220120250408
0100024670196004793260000000000103782620250408
0100024674196005709600000000000062786820250408
0100024675196005694770000000000217014720250408
0100024676196005724600000000000142603020250408
0100024677196005724530000000000115173420250408
0100024678196005844030000000000107623820250408
0100024679196005953070000000000091778720250408
0100024680196005949240000000000090449520250408
0100024683196005959000000000000135660720250408
0100024684126006562920000000000152414320250408
0100024690196005662370000000000141675020250408
0100024692196005635310000000000052646620250408
0100024693196005841450000000000272833020250408
0100024696196005856370000000000147100020250408
0100024697196003225190000000000150660220250408
0100024700196005751940000000000121235120250408
0100024704196006398740000000004284407520250408
0100024705196003443790000000000390148320250408
0100024706196006145690000000000311185920250408
0100024707196006213050000000000236787120250408
0100024709134300084710000000000243378120250408
0100024710124801944400000000000287939520250408
0100024711196006181780000000000245938220250408
0100024713104401385900000000000252686220250408
0100024716124407159680000000000340775620250408
0100024718119007720400000000000230621620250408
0100024720196006356800000000000292178820250408
0100024721196006451610000000000335263620250408
0100024722196006356450000000000310910620250408
0100024723196006355050000000000223317920250408
0100024724196005843010000000000800870620250408
0100024725196006218240000000000253949520250408
0100024727116701216460000000000187553520250408
0100024728196006091470000000000173977220250408
0100024729153003171750000000000277145220250408
0100024730196006167560000000000387223620250408
0100024733196006215030000000000669767820250408
0100024734196006375040000000000329420920250408
0100024741196006345740000000000254199520250408
0100024744126004785350000000000127230020250408
0100024745124801096130000000000817653120250408
0100024750135200115520000000000692802720250408
0100024751196006649330000000000418346820250408
0100024753196006825010000000000300821520250408
0100024755111102239710000000000200842220250408
0100024756196006644480000000000680464320250408
0100024759196006646550000000000232525820250408
0100024760196006398980000000000249307720250408
0100024763196006643910000000000252004120250408
0100024765196006652140000000000200217420250408
0100024766196006661080000000000530286520250408
0100024767196006658710000000000253276820250408
0100024769126100047920000000000220252120250408
0100024772196006727430000000001593751220250408
0100024774196006689090000000000793535120250408
0100024777196006686690000000000297123620250408
0100024778196006624920000000000259398120250408
0100024779196006594700000000000277843920250408
0100024780196006656030000000000343457920250408
0100024782196006651360000000000215571920250408
0100024783196006661900000000000196932620250408
0100024786196006697770000000000461731620250408
0100024790196006656020000000000364281520250408
0100024793196006975060000000000147227520250408
0100024794196007504960000000000048539520250408
0100024795196006949530000000000146617420250408
0100024796196006905140000000000100339620250408
0100024798196006934900000000000233015020250408
0100024799196006799350000000000148545720250408
0100024801196006788380000000000256757920250408
0100024806196007112110000000000090610820250408
0100024808196007090770000000000104518520250408
0100024811138500010700000000000121279320250408
0100024813196007173380000000000125167620250408
0100024814196007208620000000000215965020250408
0100024815196007174650000000000144167820250408
0100024816196007176650000000000161645020250408
0100024818196007175300000000000239620220250408
0100024819196007173440000000000115894520250408
0100024820196007160220000000000193117620250408
0100024822196007158450000000000192895920250408
0100024824196007172070000000000184635820250408
0100024825196007183300000000000172113620250408
0100024826196007194150000000000172032020250408
0100024832196007176220000000000194983720250408
0100024833196007156190000000000170718220250408
0100024834196007164150000000000347934520250408
0100024835196007173200000000000113562120250408
0100024846196000962540000000000040896320250408
0100024849123205431850000000000073502820250408
0100024850196006504790000000000286922320250408
0100024852196001958210000000000209941220250408
0100024856196007140240000000000151003820250408
0100024860196007057010000000000207812520250408
0100024863133003934870000000000707608820250408
0100024864116206272470000000000327040020250408
0100024865196007335940000000000142899620250408
0100024873115103405790000000000124955720250408
0100024875196007361750000000000203286220250408
0100024876196007337120000000000110482420250408
0100024877196007571040000000000233015020250408
0100024878196007661630000000000132494220250408
0100024879196007661440000000000159324020250408
0100024880103302460710000000000088010420250408
0100024881196007901730000000000278492120250408
0100024885196007806380000000000408576320250408
0100024886103106891590000000000990996520250408
0100024888196007834020000000000439296520250408
0100024889196007808000000000000480664720250408
0100024891196007773950000000000411288120250408
0100024898133700069070000000000862533120250408
0100024899196007770790000000000369779420250408
0100024901196007959650000000000388933420250408
0100024905196008789850000000000244694020250408
0100024908196007772620000000000407898620250408
0100024909103008919920000000000830353920250408
0100024910166000711940000000000463831520250408
0100024914196007978160000000000444801220250408
0100024918196007938120000000000387619020250408
0100024919196007931540000000000340555420250408
0100024923196006613620000000000308810420250408
0100024924196008164710000000000396987020250408
0100024925196008153800000000000824349520250408
0100024926196007927220000000000427866220250408
0100024929116025965410000000000291968420250408
0100024932196008503910000000000448943320250408
0100024933196008524040000000000298413620250408
0100024934196002955400000000000292329220250408
0100024937196008456660000000000414118720250408
0100024938196008435740000000000408565520250408
0100024940196008505250000000000441522220250408
0100024941196008438640000000000408272120250408
0100024949196008277670000000000295661220250408
0100024962196000082610000000000463590420250408
0100024964196008277220000000000378857020250408
0100024972196007284600000000000058751620250408
0100024973196008426070000000000247097220250408
0100024974196007806730000000000308601420250408
0100024981196018267470000000000152411820250408
0100024983196008851230000000000388619020250408
0100024984196004224870000000000778248420250408
0100024985124903653760000000000261144320250408
0100024986196008505810000000000326813020250408
0100024987116901217010000000000293007420250408
0100024988196008911310000000000405203920250408
0100024989196008637170000000000403857920250408
0100024990196002313940000000000296829220250408
0100024994134100422910000000000362037620250408
0100024996121009873430000000000468624720250408
0100024999196004240680000000000506539020250408
0100025000196008734040000000000718043320250408
0100025004103307686300000000000734968320250408
0100025006196008856630000000000388619020250408
0100025008121007427790000000000099829320250408
0100025009196008908660000000000339967120250408
0100025010196008934240000000000113123220250408
0100025012196009020890000000000067222220250408
0100025013116801332360000000000134544620250408
0100025015196009062250000000000086820920250408
0100025016196006555000000000000125988720250408
0100025021196009265800000000000161645020250408
0100025022196009293440000000000076329420250408
0100025023196008921300000000000139484720250408
0100025024196008947680000000000131223120250408
0100025025103308862820000000000120270720250408
0100025029196009317390000000000073715920250408
0100025030196009361860000000000283649920250408
0100025034196007363620000000000126878720250408
0100025036196009133390000000000100149720250408
0100025037196009283280000000000099346120250408
0100025038196009284900000000000191269320250408
0100025039196006969950000000000388619020250408
0100025041196008069390000000000204390020250408
0100025043196008555970000000000388369020250408
0100025044196006425850000000000287866120250408
0100025045196008591180000000000144900020250408
0100025046196007431330000000000140186320250408
0100025048196076735390000000000215965020250408
0100025050196009985720000000000086077020250408
0100025051196000690930000000000077419020250408
0100025052196009549740000000000039276820250408
0100025053196009569120000000000247787520250408
0100025054196009496400000000000129205820250408
0100025055196009653040000000000035183720250408
0100025057196009644120000000000099281020250408
0100025059196009579790000000000132737220250408
0100025060196005685270000000000112164320250408
0100025063101112627240000000000386788920250408
0100025064110201942620000000000198870520250408
0100025066196009288500000000000233015020250408
0100025067196009303330000000000171865020250408
0100025068196009294460000000000177498120250408
0100025070196009517190000000000162911820250408
0100025071196009554290000000000105627920250408
0100025074196009733050000000000160645020250408
0100025076196009601500000000000180765020250408
0100025086196006456050000000000062286120250408
0100025090196009581600000000000061732320250408
0100025093189000488550000000000139900020250408
0100025094116207253010000000000144900020250408
0100025095196010286960000000000176683120250408
0100025096135700248110000000000090745420250408
0100025101101707640030000000000074897420250408
0100025102196010111830000000001010745020250408
0100025103132005014860000000000080536620250408
0100025104196010138980000000000203565620250408
0100025105177001189050000000000118622820250408
0100025106196009990760000000000157927720250408
0100025107196010012650000000000537162720250408
0100025110196010131380000000000189457020250408
0100025114196009362840000000000113882420250408
0100025117196010011790000000000050631420250408
0100025119196010171160000000000146367820250408
0100025120196010128370000000000209027020250408
0100025121196010260910000000000222238020250408
0100025122196010260880000000000132079420250408
0100025123196010286930000000000132074920250408
0100025124196010261160000000000233015020250408
0100025129124903557130000000000106077020250408
0100025130196010585850000000000680910020250408
0100025131196010512000000000000153431820250408
0100025132166000953610000000000124550520250408
0100025134196010345360000000000265240020250408
0100025138196010324890000000000184790020250408
0100025139102312633090000000000149645020250408
0100025140116404733940000000000259859320250408
0100025141110011951050000000000140099620250408
0100025142196010510990000000000143034620250408
0100025147196010436690000000000161645020250408
0100025148196009992860000000000161824620250408
0100025149196010641040000000000080828320250408
0100025151196000697500000000000109312820250408
0100025152196010561190000000000126814120250408
0100025153196010669700000000000213584820250408
0100025154196010792860000000000657601020250408
0100025156158001676420000000000904442120250408
0100025158196010993000000000000120605520250408
0100025159196010497210000000000287636320250408
0100025160116027414800000000000217713220250408
0100025161196010838150000000000407299920250408
0100025162196005108800000000000104305120250408
0100025167196003477590000000000142318320250408
0100025168196010872490000000000102352620250408
0100025169196010808730000000000093452420250408
0100025170196002531620000000000070000020250408
0100025171196010776690000000000153759420250408
0100025172196008732670000000000216239220250408
0100025174196010303620000000000133162920250408
0100025178196011136620000000000161395020250408
0100025179196011170650000000000077703120250408
0100025181196011125380000000000137307520250408
0100025182196011175080000000000092303220250408
0100025183196011127300000000000231922920250408
0100025184196011174330000000000067322820250408
0100025186196010983600000000000231749120250408
0100025187196011129490000000000187806620250408
0100025193196011467470000000000082399620250408
0100025194196011575920000000000272922320250408
0100025197196012826980000000000182238320250408
0100025199196010997670000000000336822120250408
0100025200101707198120000000000168421720250408
0100025201196011523200000000000206272320250408
0100025205112026342960000000000139900020250408
0100025206196011496120000000000153111220250408
0100025208196011350630000000000125444520250408
0100025210196011404390000000000177140020250408
0100025211196011570650000000000255940420250408
0100025213196011567940000000000134895620250408
0100025216196011527570000000000161645020250408
0100025219196011327310000000000113318820250408
0100025225196011469900000000000181415020250408
0100025227196011844080000000002106761420250408
0100025228196010992560000000000123592120250408
0100025230196012052360000000000065520220250408
0100025231189000392590000000000235515020250408
0100025232103307774560000000000139900020250408
0100025233196011611670000000000089194020250408
0100025234179000810450000000000136053520250408
0100025237196011621130000000000101944220250408
0100025238112025112960000000000081822720250408
0100025239134800461580000000000086244620250408
0100025241113006722890000000000181556420250408
0100025243180000922700000000000151533720250408
0100025244196011781280000000000122326520250408
0100025245196011946650000000000150145020250408
0100025246196011565270000000000116760520250408
0100025247196011606390000000000424740020250408
0100025248126005989230000000000197830620250408
0100025249196062812890000000000429414720250408
0100025250196011751160000000000161635220250408
0100025251196011784190000000000145321320250408
0100025252101507460470000000000054684620250408
0100025253196011779510000000000701081820250408
0100025254196002952400000000000093595720250408
0100025255196011538770000000000143920520250408
0100025256196011754310000000000138889420250408
0100025257196011857770000000000048905620250408
0100025258111017470900000000000147431420250408
0100025259196011606780000000000067226720250408
0100025260196009006010000000000240650820250408
0100025261136400236760000000000223944320250408
0100025263196011755460000000000131319020250408
0100025264196011752750000000000127590620250408
0100025265196007977730000000000146055620250408
0100025266196011640040000000000139377120250408
0100025267164001552720000000000154078620250408
0100025268196011945470000000000131356820250408
0100025269196011753150000000000135503820250408
0100025270196011779250000000000189665920250408
0100025271196011658760000000000191822920250408
0100025273196011610880000000000155748720250408
0100025275196011851380000000000148495120250408
0100025276196011867060000000000153785320250408
0100025277196011942000000000000301942820250408
0100025281127900009740000000000129225220250408
0100025284196012017330000000000139377920250408
0100025285196012020270000000000161645020250408
0100025286107500629670000000000124143220250408
0100025288196011990080000000000136527120250408
0100025289196011765110000000000160645020250408
0100025291196011954450000000000068464220250408
0100025293196007408210000000000224039420250408
0100025296196011982540000000000132975220250408
0100025299165001954810000000000053342020250408
0100025300183002612210000000000096801720250408
0100025301196011777720000000000179865020250408
0100025304169001708910000000000128131620250408
0100025306196011978980000000000151620020250408
0100025308196007317820000000000121489720250408
0100025309196012155700000000000094114120250408
0100025314124201734580000000000093505520250408
0100025315135100081380000000000085142120250408
0100025319196002574710000000000268190720250408
0100025320196012334980000000000287965820250408
0100025321196012202970000000000386090020250408
0100025322196012159030000000000153185120250408
0100025323196012437640000000000163950020250408
0100025328196040565350000000000293840020250408
0100025330196012443070000000000159370020250408
0100025331196012442410000000000080435620250408
0100025332196012422650000000000228371820250408
0100025333196011627520000000000727055420250408
0100025334196012474360000000000322645620250408
0100025336196012475000000000000251233120250408
0100025337196012070200000000000131209620250408
0100025338196012191450000000000183711020250408
0100025339124200849610000000000241444220250408
0100025341196012599820000000000405690020250408
0100025342196010030680000000000105651220250408
0100025343104503000980000000000113581620250408
0100025347196012809470000000000147735620250408
0100025348196012825920000000000159614120250408
0100025352196012772730000000000126888320250408
0100025353196012999530000000000108555820250408
0100025354164001146400000000000309295020250408
0100025355196012823290000000000047530720250408
0100025356132003920190000000000105844020250408
0100025357196012719200000000000103979920250408
0100025358196012577270000000000235286020250408
0100025360196012630790000000000164236620250408
0100025361189000059530000000000360040020250408
0100025362196012318550000000000459615020250408
0100025364196012779290000000000128483620250408
0100025365103308627850000000000141114320250408
0100025369123300965640000000000074145620250408
0100025370196001338020000000000205943820250408
0100025373196012734120000000000057084120250408
0100025376136500105370000000000053622320250408
0100025377196012888260000000000245422620250408
0100025380196012688840000000000192625920250408
0100025381196012635900000000000093863520250408
0100025382196012845540000000000112077220250408
0100025383196012827850000000000233265020250408
0100025386196012852980000000000077391520250408
0100025387196012792060000000000131819020250408
0100025388124405472590000000000182990020250408
0100025389196012977180000000000081601520250408
0100025390132300017110000000000144900020250408
0100025392196012888800000000000246288220250408
0100025393124503347890000000000283939320250408
0100025394196012844670000000000269029220250408
0100025395124801364370000000000081886420250408
0100025396196012888630000000000177731020250408
0100025397139002972400000000000079373720250408
0100025398196012951370000000000225146420250408
0100025400196012974990000000000285549020250408
0100025401196012937320000000000342493220250408
0100025402196012934890000000000268287520250408
0100025404123301614280000000000086377620250408
0100025405196012907370000000000144247820250408
0100025406196012937750000000000077452320250408
0100025407105201883200000000000142175020250408
0100025408196012898580000000000161645020250408
0100025409196012938190000000000142711720250408
0100025410101022518990000000000150870020250408
0100025419196018965140000000000377165020250408
0100025423108104374530000000000125831120250408
0100025429196013161180000000000162359320250408
0100025432196011929000000000000251940020250408
0100025434179001733930000000000155048720250408
0100025435196012731260000000000218330820250408
0100025436165002095420000000000093429120250408
0100025438196016674360000000000063951920250408
0100025439166000479950000000000080197120250408
0100025440166000950860000000000832341120250408
0100025441196013293820000000000023023820250408
0100025442196013350020000000000092299420250408
0100025444196012975680000000000540608920250408
0100025454196013227810000000000153270020250408
0100025464196013350900000000000089469220250408
0100025468196014584990000000000117334020250408
0100025471196014589930000000000294290020250408
0100025473196014579440000000000233015020250408
0100025475123401038130000000000087288420250408
0100025476196014644890000000001292200020250408
0100025477196014340990000000000081663920250408
0100025478196014633820000000000272241920250408
0100025481196013518460000000000106774820250408
0100025483196014569680000000000160645020250408
0100025484196014606540000000000058064720250408
0100025485196014708810000000000137150020250408
0100025486196014789460000000000060914120250408
0100025487135400076050000000000138719220250408
0100025488196014891850000000000134867220250408
0100025489196014869240000000000068779720250408
0100025490196008566170000000000084126520250408
0100025495196014861780000000000159467520250408
0100025496196014858440000000000168508720250408
0100025497196014861360000000000101488820250408
0100025517196014066660000000000156757320250408
0100025518135700191720000000000234785420250408
0100025524196015310600000000000148956920250408
0100025525196015316800000000000061736220250408
0100025526196015289460000000000256341220250408
0100025532196015231090000000000123604620250408
0100025533196015325010000000000217842620250408
0100025536196015312060000000000323840020250408
0100025538196015308920000000000217776420250408
0100025539196015109380000000000107943820250408
0100025542196015314340000000000161395020250408
0100025543196015315620000000000161209520250408
0100025544196015311360000000000294090020250408
0100025545196015311180000000000080497820250408
0100025547196015317570000000000223118720250408
0100025548196010440940000000000186648420250408
0100025549124503854370000000000415438120250408
0100025550196011943100000000000095364420250408
0100025551196015188870000000000163120020250408
0100025554196015179860000000000160895020250408
0100025555196015194910000000000161395020250408
0100025556132005511930000000000186735020250408
0100025558196008369740000000000062656720250408
0100025559196015089800000000000373261820250408
0100025562196015149420000000000376015020250408
0100025565196015109640000000000174244620250408
0100025567196015327580000000000115444920250408
0100025568196013805660000000000145713820250408
0100025569196009636260000000000122774120250408
0100025570196015308650000000000192754820250408
0100025571196015314010000000000138380920250408
0100025572196015361830000000000138900020250408
0100025574196009643780000000000103119420250408
0100025575109012877250000000000051629520250408
0100025576116701343450000000000087911120250408
0100025578196015086440000000000223402820250408
0100025580196015623570000000000162220020250408
0100025582124801868270000000000104532020250408
0100025583196015573620000000000151874020250408
0100025584196006209760000000000191693120250408
0100025585196015552780000000000161645020250408
0100025587196016149970000000000253640020250408
0100025589196015558590000000000136035320250408
0100025590196013549480000000000127550720250408
0100025591157000860370000000000155001920250408
0100025592196015700120000000000233265020250408
0100025593135600308050000000000153959420250408
0100025594196060461710000000000507736420250408
0100025596134700142290000000000917058720250408
0100025597196015574150000000000677262220250408
0100025600196015461360000000000262565020250408
0100025602196015464300000000000083567820250408
0100025604196015645420000000000154289820250408
0100025605196015646740000000000209924020250408
0100025606196015530590000000000120187820250408
0100025608196015497870000000000138389020250408
0100025609196015524180000000000198519520250408
0100025610196015606550000000000297998220250408
0100025613196015530730000000000110930220250408
0100025614196015702320000000000152568120250408
0100025615196015705380000000000172791120250408
0100025616196006970370000000000131223120250408
0100025617196015781460000000000061601620250408
0100025618196015352970000000000153906420250408
0100025619196015325600000000000046107320250408
0100025620157001016530000000000195190020250408
0100025621196016362500000000000156427520250408
0100025623196016638750000000000181015020250408
0100025624196015532570000000000146848120250408
0100025628196016017610000000000224390520250408
0100025635196016011760000000000124938420250408
0100025642196015874970000000000161145020250408
0100025644116306376480000000000195650020250408
0100025645196008074760000000000130973120250408
0100025648196016056510000000000186273220250408
0100025649196016057050000000000257990020250408
0100025650196015866560000000000251940020250408
0100025651196060329690000000000212002720250408
0100025652196006853370000000000102478320250408
0100025654196016064270000000000396465020250408
0100025655196014484270000000000080419920250408
0100025656108300957300000000000133153620250408
0100025657196016054870000000000234172220250408
0100025659196015816610000000000161395020250408
0100025661196016062720000000000155180320250408
0100025662196001803320000000000065946920250408
0100025663196015897920000000000161645020250408
0100025664196015897690000000000108588420250408
0100025665196015896960000000000089267120250408
0100025667196014527470000000000093088820250408
0100025668196014692130000000000107129520250408
0100025670103015256780000000000298436420250408
0100025673196016068900000000000212470020250408
0100025681196016068010000000000152531920250408
0100025682196015500120000000000103073920250408
0100025684124039746120000000000142704320250408
0100025685196003360950000000000303606020250408
0100025688196016529220000000000218221220250408
0100025689196016579920000000000265871820250408
0100025690104011335650000000000332109320250408
0100025693196016343600000000000266319420250408
0100025694196014019710000000000156220020250408
0100025697196016674990000000000341832520250408
0100025698196016572700000000000392598820250408
0100025699196014015000000000000019330220250408
0100025700196016564630000000000156439320250408
0100025701196016063950000000000265091220250408
0100025702196016529400000000000530343420250408
0100025704196013197720000000000213874220250408
0100025706196016104040000000000315288720250408
0100025707196016581740000000000270503920250408
0100025708196016268670000000000360298020250408
0100025711196003055630000000000273974920250408
0100025713196016567420000000000252750720250408
0100025714101112750090000000000365806920250408
0100025717196016639700000000000235518720250408
0100025718196016089460000000000561117820250408
0100025720196003872780000000000242718920250408
0100025721196000525930000000000209877120250408
0100025723196016509170000000000245452220250408
0100025724196016565260000000000365183120250408
0100025725196016326740000000000374347420250408
0100025728196016260640000000000245452220250408
0100025733196016736100000000000203872820250408
0100025734196015176500000000000318252520250408
0100025735196028562370000000000227752920250408
0100025736123006614520000000000207770820250408
0100025738196017024550000000000271253920250408
0100025739196017020510000000000240832020250408
0100025740196017023920000000000276522420250408
0100025741196017057500000000000253803920250408
0100025743196016963670000000000236528220250408
0100025745112402049610000000000047337520250408
0100025747154000692870000000000285035420250408
0100025748196017034790000000000589146520250408
0100025750182000137830000000000239516120250408
0100025752101116877810000000000222166420250408
0100025754196017030440000000000293702920250408
0100025757196017055370000000000208846620250408
0100025758196017035210000000000342588120250408
0100025759196017052420000000000196430820250408
0100025760196017021390000000000458926020250408
0100025761196016694800000000000590851520250408
0100025769111016318630000000000235357120250408
0100025770124034091610000000000286925020250408
0100025774196017511520000000000014331520250408
0100025775196017511480000000000064346120250408
0100025777196017392360000000000194347820250408
0100025779196009304220000000000151268720250408
0100025781196015970050000000000234582620250408
0100025783196017381350000000000169701520250408
0100025785196017096050000000000257355920250408
0100025786195000315320000000000207456520250408
0100025788196013967780000000000210802920250408
0100025789101315732350000000000269398420250408
0100025790124044308410000000000283682720250408
0100025791196017051710000000000162857820250408
0100025794196017278300000000000233015020250408
0100025795196009932320000000000077284920250408
0100025796196006716580000000000029707520250408
0100025797196016988110000000000178531120250408
0100025798196016872930000000000161395020250408
0100025799196014537060000000000136735720250408
0100025800196014596780000000000155938220250408
0100025801196014502570000000000206342620250408
0100025804196017329380000000000058420220250408
0100025805196017425240000000000045746320250408
0100025807196017274070000000000128484920250408
0100025808196017273940000000000080806420250408
0100025809196017249080000000000177235820250408
0100025810196017398170000000000194965020250408
0100025812196017345970000000000174593220250408
0100025829196024998650000000000160714120250408
0100025830124021183140000000001567350020250408
0100025831196017754570000000000161645020250408
0100025833196017688460000000000133463020250408
0100025835196017732940000000000152986120250408
0100025836196017734120000000000179415020250408
0100025837196017799800000000000132523620250408
0100025838196017734810000000000209586620250408
0100025839196017802850000000000131288720250408
0100025840196017750450000000000138718120250408
0100025842196017834700000000000202625820250408
0100025854196017763350000000000128329220250408
0100025858196017825930000000000265186920250408
0100025861127800091950000000000161645020250408
0100025862121201025390000000000180115020250408
0100025863196017770480000000000133167720250408
0100025865196017828320000000000364340020250408
0100025869196017839810000000000139900020250408
0100025870196012715250000000000340715020250408
0100025872124801581140000000001812305920250408
0100025874196018047360000000000193613720250408
0100025875196018231770000000000155746120250408
0100025880196018162670000000000150145020250408
0100025881196018048870000000000116337620250408
0100025882196018047290000000001214443620250408
0100025883196018047110000000000283512020250408
0100025884196017769710000000000476840020250408
0100025885196018199630000000000088530320250408
0100025887196004585210000000000306027520250408
0100025888196017420590000000000196281120250408
0100025890196018130530000000000155978220250408
0100025891196013569010000000000161145020250408
0100025892196018168580000000000132494220250408
0100025893132002760120000000000142861320250408
0100025894196018051530000000000160895020250408
0100025895196018055900000000000161645020250408
0100025900196018171050000000000160090720250408
0100025902196018115920000000000149170120250408
0100025906196019225490000000000374833320250408
0100025907196018257000000000000140208720250408
0100025908196018166990000000000154527520250408
0100025910196018170090000000000168661820250408
0100025911196018257280000000000176395020250408
0100025912196018092570000000000193497620250408
0100025914196018283620000000000134796320250408
0100025915196018277320000000000098028520250408
0100025917196018232700000000000137969020250408
0100025918165002369000000000000182008320250408
0100025920196018351270000000000361883020250408
0100025921196018219210000000000121694920250408
0100025927196018546960000000000464571820250408
0100025928196018559460000000000426321620250408
0100025929196018343150000000000398090820250408
0100025930196013585970000000000352972320250408
0100025931196018461570000000000399539920250408
0100025932161002032630000000000550330620250408
0100025933139003639960000000000466184720250408
0100025934196018157850000000000435367120250408
0100025936196018346420000000000346126120250408
0100025937196008292380000000000431374020250408
0100025938196004880340000000000333243820250408
0100025939196018346630000000000516306920250408
0100025940196018343250000000000874247120250408
0100025941196018346970000000000539390520250408
0100025942116031218470000000000488702720250408
0100025943196018217630000000000707744820250408
0100025946196018431590000000001282335120250408
0100025947196018457420000000000329839120250408
0100025953196017225130000000000539916020250408
0100025954196006726930000000000399802420250408
0100025955196018582070000000001536288820250408
0100025957196018584430000000001790449220250408
0100025958196014295540000000000092667520250408
0100025960196018704220000000000962574420250408
0100025964196018956650000000000135928920250408
0100025965196018931390000000000066220720250408
0100025967196018881510000000000054801420250408
0100025968196004214890000000000086417420250408
0100025969196006354110000000000118777720250408
0100025971196018877670000000000133819520250408
0100025972196018965020000000000255204620250408
0100025973121008782610000000000161645020250408
0100025975102313404420000000000149259020250408
0100025976196009325460000000000139020520250408
0100025977196018942820000000000210702520250408
0100025978196018955480000000000193515020250408
0100025979196018955050000000000181415020250408
0100025980196018695480000000000148170420250408
0100025982196018481280000000000510460120250408
0100025983196018623020000000000268569920250408
0100025984196007347430000000000284368320250408
0100025990162002236410000000000108704820250408
0100025991196018991930000000000146886920250408
0100025993108104742540000000000103206320250408
0100025994196002320320000000000126175520250408
0100025996196018954610000000000088769220250408
0100025997196004222830000000000150145020250408
0100026000196018873340000000000156031820250408
0100026001196017194600000000000186208920250408
0100026003196018587020000000000041849720250408
0100026011196018592220000000000156995020250408
0100026013101311428860000000000179865020250408
0100026017196018647200000000000132652220250408
0100026027196019233630000000000351636720250408
0100026028196007839420000000000309402520250408
0100026029196017328120000000000204300220250408
0100026031196017351180000000000057381420250408
0100026032196005029150000000000161395020250408
0100026033196016644400000000000123134520250408
0100026036196016338680000000000127140420250408
0100026037196017513620000000000090356820250408
0100026040196018696780000000000044444920250408
0100026041164002377630000000000163580920250408
0100026042196019010220000000000150002720250408
0100026043196018877790000000000112108320250408
0100026044196019062960000000000177465020250408
0100026045196018967010000000000117761820250408
0100026049132500063340000000000126173720250408
0100026051196019359050000000000186415020250408
0100026052196000288020000000000089355720250408
0100026053196004903000000000000143781420250408
0100026054196009369330000000000136390320250408
0100026055196017624450000000000259290020250408
0100026056196010965240000000000182115020250408
0100026057132004068400000000000200415020250408
0100026058196019326230000000000257640420250408
0100026059196018947490000000000375624520250408
0100026061124301376850000000000072326820250408
0100026062196019337990000000000117036120250408
0100026063196019171120000000000092562220250408
0100026064196019169950000000000048136420250408
0100026065196018525340000000000096065420250408
0100026066196018915660000000000307769420250408
0100026067196018944270000000000450782220250408
0100026068103019667740000000000463815020250408
0100026069196019149860000000000095465420250408
0100026070187000298610000000000669313320250408
0100026071196019171240000000000154065820250408
0100026072196019337110000000000253240020250408
0100026075114201233850000000000134146220250408
0100026076196019355630000000000170140020250408
0100026077196019442810000000000360809220250408
0100026078123401227680000000000229143420250408
0100026080196019338820000000000137135920250408
0100026081196019381640000000000229035920250408
0100026085196003679440000000000151872320250408
0100026086196019171400000000000188267220250408
0100026087196019170670000000000172455320250408
0100026088196000181390000000000068267520250408
0100026091196019169670000000000153183720250408
0100026092196018959440000000000103261420250408
0100026093196019254050000000000105696220250408
0100026095196019186350000000000034178420250408
0100026097196019355590000000000144900020250408
0100026099196019411280000000000197640020250408
0100026104196012498320000000000123427920250408
0100026110113102398390000000000160895020250408
0100026114196019267860000000000055691520250408
0100026116196000502010000000000153918120250408
0100026129196019270380000000000110470620250408
0100026132196019267460000000000182740020250408
0100026136196012656650000000000047182520250408
0100026137196000663080000000000156995020250408
0100026143196019448020000000000305548720250408
0100026145196019434990000000000152607820250408
0100026148196019615780000000000091928220250408
0100026149196019562840000000000098707920250408
0100026150196005292420000000000119125720250408
0100026160196019805260000000000087320420250408
0100026162196019724270000000000301346720250408
0100026163196019717130000000000149895020250408
0100026165196019655340000000000164950420250408
0100026166196019327920000000000202912620250408
0100026167196019606570000000000132423720250408
0100026168196019698180000000000064255720250408
0100026169196019719250000000000121052720250408
0100026170196019719000000000000232765020250408
0100026171196008228160000000000361956320250408
0100026172196019667490000000000209350420250408
0100026174196019644090000000000285494620250408
0100026177196019872270000000000150145020250408
0100026178196019874780000000000143030320250408
0100026187196020171470000000000205921420250408
0100026189196018276020000000000315371620250408
0100026190196019754410000000000153620020250408
0100026191196019754870000000000232857920250408
0100026194196010138540000000000194215020250408
0100026196196006627460000000000143315020250408
0100026197196020168490000000000343890020250408
0100026198139003517750000000000111015620250408
0100026200101109681680000000000129400020250408
0100026201196019983860000000000346556720250408
0100026202196020038190000000000251190020250408
0100026205196020038560000000000080659420250408
0100026206109401307890000000000124982420250408
0100026207119009316160000000000193755120250408
0100026208196017182060000000000280732720250408
0100026211196017619230000000000272265020250408
0100026215196020139900000000000139364620250408
0100026217196019389550000000000182915020250408
0100026218196015435220000000000059610020250408
0100026220196020530550000000000341035520250408
0100026222196005836560000000000080947520250408
0100026223196020526460000000000134402420250408
0100026224196020490390000000000142778620250408
0100026226196020440980000000000232472520250408
0100026227196020357830000000000393065020250408
0100026228196020353100000000000180115020250408
0100026230196007640030000000000139900020250408
0100026231196020543880000000000189204520250408
0100026233196020531110000000000229123520250408
0100026234196020609270000000000184065020250408
0100026235196020613440000000000226310220250408
0100026236196019918350000000000345868720250408
0100026237196019930770000000000321084020250408
0100026239196009337700000000000114524920250408
0100026243196080763200000000000119704020250408
0100026244196020497190000000000076175620250408
0100026254196019327810000000000112841520250408
0100026256196001052270000000000053659520250408
0100026257196021007820000000000101489520250408
0100026258196020897020000000000142578920250408
0100026259196014781960000000000144045020250408
0100026260191000042390000000000109789920250408
0100026261196020781130000000000161645020250408
0100026262196020911270000000000124108820250408
0100026264196020967010000000000107593720250408
0100026270124502910680000000000433236520250408
0100026271196000241120000000000144585420250408
0100026272196020709200000000000268074420250408
0100026274196020971550000000000136696320250408
0100026275196019228610000000000108467520250408
0100026276196020595980000000000750418620250408
0100026277196020776810000000000106192820250408
0100026278196020922850000000000161964120250408
0100026279196020998700000000000090486220250408
0100026282196020965330000000000130528020250408
0100026283196020965350000000000219793020250408
0100026284196021007540000000000115319420250408
0100026285196013549670000000000139900020250408
0100026286196020919970000000000251940020250408
0100026288196021036120000000000165025220250408
0100026290196020967260000000000120441920250408
0100026292196000528650000000000080584720250408
0100026302196020918870000000000269979020250408
0100026303196021032880000000000146843920250408
0100026305196021044450000000000156298520250408
0100026308196020924150000000000190407020250408
0100026309196020919640000000000181415020250408
0100026311196020920480000000000160645020250408
0100026312196021038020000000000241480720250408
0100026313196020963460000000000235023920250408
0100026315196023370580000000000113431520250408
0100026317196021479720000000000179865020250408
0100026318196021345840000000000212893720250408
0100026319196021436600000000000161395020250408
0100026320196021481130000000000155921420250408
0100026321196021530740000000000171278320250408
0100026322196021407030000000000120313120250408
0100026324196021405670000000000159936020250408
0100026325196021379320000000000151439020250408
0100026327196021046740000000000141765620250408
0100026328196021322290000000000161395020250408
0100026329196020996800000000000089394720250408
0100026331196021236990000000000046553720250408
0100026332196021230060000000000161395020250408
0100026333196021260060000000000221415520250408
0100026335196021306680000000000318323720250408
0100026336196019380160000000000252683020250408
0100026337196021486760000000000095648320250408
0100026339196021447490000000000161645020250408
0100026340196021437710000000000150641820250408
0100026341196021416190000000000048034420250408
0100026343196002635790000000000170140020250408
0100026344196005179080000000000192240020250408
0100026345196021303840000000000161395020250408
0100026346196021303110000000000154115420250408
0100026347196021481580000000000196529920250408
0100026348196021483440000000000164214720250408
0100026349196021349700000000000134081920250408
0100026351128003704000000000000138578520250408
0100026353196021229450000000000104596220250408
0100026354196021229030000000000181415020250408
0100026356196018086800000000000095866520250408
0100026359196021226460000000000185015020250408
0100026360196021229740000000000114019820250408
0100026361196021229170000000000100439020250408
0100026363196021226220000000000042943320250408
0100026365196021229220000000000177715020250408
0100026367196021280900000000000184765020250408
0100026369196021228380000000000138182720250408
0100026370196021199280000000000170115020250408
0100026371196021535660000000000130395020250408
0100026374196021532250000000000119048820250408
0100026376196021400060000000000346865020250408
0100026377196021702290000000000072679420250408
0100026381101114903630000000000221311320250408
0100026382196021618340000000000232520520250408
0100026383196016752980000000000131332420250408
0100026385196011138270000000000121646820250408
0100026386196009257890000000000095645420250408
0100026387180001574740000000000616690020250408
0100026388196021884390000000000139900020250408
0100026389196021687630000000000161395020250408
0100026390196021681470000000000182990020250408
0100026392196021843870000000000196624020250408
0100026393196021902080000000000163983220250408
0100026394196021842960000000000119867720250408
0100026396196021508460000000000081600120250408
0100026397196021739230000000000161645020250408
0100026398196021686140000000000180415020250408
0100026399196021795250000000000180115020250408
0100026401196021819500000000000139057620250408
0100026402196001151560000000000146489720250408
0100026406196021746380000000000187533020250408
0100026407196021819130000000000135647020250408
0100026409196021654690000000000140681620250408
0100026410196021738310000000000101107320250408
0100026411196021739330000000000109618820250408
0100026413196021739640000000000140653120250408
0100026414136100099040000000000100097420250408
0100026415196021702900000000000147463520250408
0100026416196021745560000000000247670020250408
0100026417196019916770000000000118819920250408
0100026418196021740470000000000137099720250408
0100026419196015495480000000000116080020250408
0100026420196021740430000000000205930920250408
0100026421196021738610000000000123201820250408
0100026422196001285060000000000223493120250408
0100026423196021747630000000000154147820250408
0100026424196021738090000000000141929620250408
0100026425196021738040000000000161645020250408
0100026426196021677840000000000138274320250408
0100026428196021817760000000000129267420250408
0100026429196021818320000000000089317820250408
0100026434196021869660000000000051141020250408
0100026437196021817650000000000137738720250408
0100026445102319687430000000000106730720250408
0100026447196021445020000000000096042920250408
0100026450196008105680000000000100969620250408
0100026451196021694370000000000217840020250408
0100026454196021688080000000000224329620250408
0100026458110201614020000000000306923620250408
0100026459196021739040000000000322619020250408
0100026460196021740880000000000086148220250408
0100026461196014422880000000000155439720250408
0100026462196013278940000000000162459520250408
0100026464196018297200000000000173273320250408
0100026465196021738960000000000180685420250408
0100026466196021745660000000000095760720250408
0100026467196021738250000000000161645020250408
0100026468196021740500000000000119628320250408
0100026470196021738950000000000101696120250408
0100026471196021745090000000000078371520250408
0100026472196021739650000000000202830320250408
0100026473196017928800000000000161395020250408
0100026474196021738430000000000174420920250408
0100026478196021738640000000000179968020250408
0100026480196021746180000000000128870620250408
0100026484196022251790000000000066363920250408
0100026488196022251530000000000161395020250408
0100026491196022132080000000000037675120250408
0100026493187000569020000000000114182920250408
0100026494196022267490000000000057759820250408
0100026495196022266390000000000160692720250408
0100026496196022314610000000000214895020250408
0100026497196022260890000000000135935720250408
0100026500196039565320000000000243840020250408
0100026503124602495280000000000276240020250408
0100026504116018492730000000000120226320250408
0100026505196022273200000000000187868820250408
0100026506196022266590000000000278420020250408
0100026507196022266650000000000350590020250408
0100026509111017857060000000000083224420250408
0100026511196022282990000000000112099320250408
0100026512196022262310000000000169210420250408
0100026513196022259260000000000130984120250408
0100026514196022261150000000000144645020250408
0100026515196022407190000000000139820620250408
0100026517196022406040000000000135786420250408
0100026518196022262050000000000083550020250408
0100026520196022316240000000000185315020250408
0100026521196022314930000000000103218320250408
0100026522196023925880000000000174540020250408
0100026523196022378600000000000133109220250408
0100026524126002704580000000000079813420250408
0100026525126003805130000000000048994220250408
0100026527196010684050000000000195121520250408
0100026528196022121540000000000112268820250408
0100026529196023049230000000000133437220250408
0100026530196022354150000000000160677220250408
0100026531196022120260000000000265581120250408
0100026532196022335200000000000063649020250408
0100026534196022069370000000000115053820250408
0100026537196022241260000000000150662120250408
0100026539196019375410000000000153377520250408
0100026540196022241210000000000160845420250408
0100026542196009022680000000000133471420250408
0100026543196019171330000000000085901520250408
0100026544196007776550000000000161341420250408
0100026546196022428760000000000177465020250408
0100026547196007366620000000000176715020250408
0100026548102010124080000000000254640020250408
0100026549196022574220000000000125434620250408
0100026553196022627680000000000136646220250408
0100026559196022456410000000000138457120250408
0100026560196022459880000000000174175420250408
0100026561196022464710000000000181621220250408
0100026563196022461140000000000169133620250408
0100026565196022495730000000000127705620250408
0100026568196012055320000000000157165020250408
0100026569157001041840000000000169259020250408
0100026570196022496060000000000112870820250408
0100026571196013623130000000000109243820250408
0100026572196022495760000000000143699220250408
0100026574134100278760000000000112151020250408
0100026575196022496210000000000187293620250408
0100026576196022497640000000000165076920250408
0100026577196022465070000000000147762620250408
0100026578196022661610000000000144856120250408
0100026581196013689250000000000139900020250408
0100026583196022731290000000000045542820250408
0100026585196021959450000000000150145020250408
0100026586196022526240000000000318112320250408
0100026587133000168900000000000117332120250408
0100026588196022722850000000000064492820250408
0100026589196017162360000000000282052220250408
0100026593128005179910000000000079567520250408
0100026595196019369480000000000134384320250408
0100026596196016995700000000000180765020250408
0100026597196013949790000000000169890020250408
0100026608196022954740000000000108849420250408
0100026609196023026480000000000048731320250408
0100026610168000099040000000000137682120250408
0100026618196019925230000000000194215020250408
0100026619196022978560000000000170140020250408
0100026622153003359370000000000349747120250408
0100026625196020441750000000000183001920250408
0100026629101110935400000000000203437320250408
0100026630124301332100000000000362456320250408
0100026631101116359400000000000109897520250408
0100026632196022978520000000000141326420250408
0100026633135100247010000000000109261520250408
0100026636101115264150000000000324365020250408
0100026638196023103760000000000399440020250408
0100026639196023110180000000000309391820250408
0100026640196023109910000000000239065020250408
0100026641196023105180000000000544590020250408
0100026642196021346700000000000066966220250408
0100026645196020438430000000000056138320250408
0100026647196023104750000000000040689220250408
0100026649196023119070000000000207315020250408
0100026651196023120980000000000126758220250408
0100026653196005226890000000000139900020250408
0100026656196006749090000000000141425020250408
0100026662196024305960000000000096593620250408
0100026663196024025930000000000132280720250408
0100026664196019237550000000000130385620250408
0100026665196010999350000000000139541720250408
0100026667116005456200000000000142310520250408
0100026671196012617580000000000117073120250408
0100026672169001085200000000000131729620250408
0100026674196018665220000000000062161020250408
0100026675196022659310000000000111882820250408
0100026680196021143390000000000131659420250408
0100026681196022493910000000000110747320250408
0100026689196024112510000000000144900020250408
0100026691123204150350000000000169890020250408
0100026699196024044910000000000161395020250408
0100026700196024109990000000000161395020250408
0100026701196024057450000000000164859120250408
0100026702196024145480000000000122844220250408
0100026703196024036610000000000168690020250408
0100026705196024029440000000000161645020250408
0100026706196024030010000000000161645020250408
0100026708196007279050000000000104567520250408
0100026711196024034550000000000143141820250408
0100026713196024036110000000000193065020250408
0100026714196024041820000000000208302120250408
0100026718196024168020000000000169348020250408
0100026719196024269030000000000195215020250408
0100026720153003604810000000000344560020250408
0100026721196024058980000000000133961020250408
0100026722121011075750000000000100137420250408
0100026723127200082800000000000152273520250408
0100026724196006920110000000000161645020250408
0100026726196024026490000000000243302520250408
0100026728196024026260000000000185982420250408
0100026729196024026510000000000132473420250408
0100026730196024028760000000000204865020250408
0100026731196024028420000000000161414420250408
0100026733196023121640000000000195215020250408
0100026736196022703020000000000159645020250408
0100026737196024003350000000000112442020250408
0100026738196024054720000000000135102620250408
0100026739164001458680000000000258590020250408
0100026740196009040490000000000161395020250408
0100026743196024064120000000000094880620250408
0100026744196019802020000000000123598920250408
0100026745196024155940000000000048159120250408
0100026746196024064940000000000182990020250408
0100026747196003258110000000000143434320250408
0100026748196000335610000000000098773320250408
0100026749196024065280000000000172153620250408
0100026750196024057620000000000179740020250408
0100026752196024055780000000000159014220250408
0100026759196024468390000000000111950820250408
0100026764196024475410000000000072422120250408
0100026767196024478420000000000114623920250408
0100026769196024509350000000000097149920250408
0100026770196024435560000000000058612020250408
0100026771196024475470000000000297981420250408
0100026772196024273130000000000276619920250408
0100026773196024500350000000000153110020250408
0100026775196024360240000000000184487820250408
0100026777196024432500000000000084690020250408
0100026778196015699550000000000233455420250408
0100026782196024486600000000000115811020250408
0100026784196024502270000000000127176820250408
0100026785196024344050000000000097387220250408
0100026786196024334830000000000088008920250408
0100026788196017463320000000000113027620250408
0100026789196018903500000000000104817320250408
0100026790196024825220000000000165314920250408
0100026791196000655070000000000160895020250408
0100026793196018341920000000000086220020250408
0100026798196024769830000000000205740020250408
0100026799196002768730000000000132244220250408
0100026800196024768040000000000235980320250408
0100026804196024859590000000000203815020250408
0100026805196024861400000000000212459620250408
0100026806196018327970000000000204936220250408
0100026809196024604320000000000140689220250408
0100026810196024717390000000000141110220250408
0100026812196024900900000000000204596620250408
0100026813196024825910000000000203014920250408
0100026814196029767070000000000236270020250408
0100026815196016843480000000000177645020250408
0100026816116030159790000000000107340620250408
0100026818196023498520000000000144650020250408
0100026820196023843470000000000144900020250408
0100026821196023988420000000000088915320250408
0100026824166000870230000000000149620020250408
0100026825196030435610000000000121529320250408
0100026826196023455230000000000140944120250408
0100026827196024195170000000000139900020250408
0100026828196023277670000000000144650020250408
0100026830125008153500000000000111416220250408
0100026831196025120080000000000161645020250408
0100026832196025093330000000000124533520250408
0100026833196023407100000000000127861120250408
0100026834170000138510000000000141675020250408
0100026835196025257910000000000133345720250408
0100026846196028253300000000000070484320250408
0100026847196007636840000000000172789820250408
0100026848196025363250000000000161645020250408
0100026849196021353160000000000139900020250408
0100026850196022059120000000000051032120250408
0100026853196012491220000000000161341120250408
0100026854196025065050000000000092047320250408
0100026855124017250250000000000141277320250408
0100026858196022142240000000000272115020250408
0100026860196025093130000000000243545120250408
0100026861196025131720000000000084745120250408
0100026865196025213300000000000099752620250408
0100026866196025330300000000000319908320250408
0100026869109013258490000000000147350020250408
0100026871196061562890000000000155160120250408
0100026876196006969150000000000110322920250408
0100026881196025664570000000000047668520250408
0100026883196025697170000000000142083220250408
0100026886196025541080000000000152995020250408
0100026887196013026950000000000142307720250408
0100026888196025637690000000000313840020250408
0100026889196025220660000000000212611520250408
0100026892196014212270000000000270348120250408
0100026895196025621300000000000084443220250408
0100026903196008619510000000000483327720250408
0100026906196028799480000000000586409220250408
0100026911196013093050000000000129346020250408
0100026914196017530510000000000109478120250408
0100026915120007620180000000000092132520250408
0100026922196028902770000000000317794920250408
0100026924196029145210000000000398523720250408
0100026925196015527690000000000290668520250408
0100026927196025201000000000000101502820250408
0100026928124102324670000000000057198820250408
0100026929196023223370000000000139900020250408
0100026930196025389490000000000149895020250408
0100026934196025566270000000000147350020250408
0100026936196029492600000000000532218320250408
0100026938196029454980000000000157546820250408
0100026939196011463390000000000233015020250408
0100026940165002266800000000000092876820250408
0100026942196029489220000000000169672720250408
0100026943196029489540000000000397210320250408
0100026944196024249400000000000343173320250408
0100026946196010530920000000000152116320250408
0100026948196025392750000000000118811020250408
0100026951616011142890000000001590244520250408
0100026952196029768710000000000277348720250408
0100026955124040203320000000000902844020250408
0100026957196029781100000000000133580920250408
0100026958196029751510000000000348866920250408
0100026960196022702200000000000159736820250408
0100026961196029769580000000000065598320250408
0100026962196029768440000000000071450420250408
0100026966196029973880000000000511461420250408
0100026969196031881030000000003546077020250408
0100026970184000781710000000003865355020250408
0100026971196030117500000000002090698420250408
0100026973196030242780000000004725863920250408
0100026974624002094340000000000599216520250408
0100026975196030150650000000001999580020250408
0100026976196004901030000000001200811620250408
0100026977101312438400000000001503275520250408
0100026978196021304320000000002096165620250408
0100026980696030171610000000004419726220250408
0100026981101111130640000000000604794620250408
0100026982624001103730000000001652025020250408
0100026983196030139270000000003971657820250408
0100026984196030134940000000002734867320250408
0100026985196030189960000000002755502820250408
0100026993696030446840000000001643737620250408
0100026994103010307810000000001367879420250408
0100026995196030281450000000001278760020250408
0100026997196030503820000000000206272220250408
0100026998196030512030000000000235417020250408
0100026999196030403750000000000350090020250408
0100027000196030459760000000000104727920250408
0100027001196030448090000000000221299120250408
0100027003196030448550000000000192190620250408
0100027005196030448530000000000021353320250408
0100027006196030447350000000000224875020250408
0100027007196030447040000000000066097520250408
0100027008196030448220000000000250885820250408
0100027009196030441680000000000048769320250408
0100027010196030447710000000000436488520250408
0100027011196022513740000000000130023120250408
0100027012196030447680000000001799005020250408
0100027013196030449230000000000408375020250408
0100027014196014986450000000000194802320250408
0100027015196030447420000000000225188220250408
0100027016196030158570000000000732094120250408
0100027017109004434180000000000224408320250408
0100027018124102208770000000002455020020250408
0100027020196030203010000000001280870020250408
0100027021196030349970000000000680259120250408
0100027023196030448130000000000251208720250408
0100027024196030440970000000000346531820250408
0100027025196030447090000000000292125020250408
0100027026196030112660000000000176977820250408
0100027027196030448010000000000042844920250408
0100027028196030406090000000000150457420250408
0100027033196030361910000000000105267520250408
0100027034196024225720000000000205690020250408
0100027035196017970870000000000264265020250408
0100027038196030639630000000002490005020250408
0100027039196030395570000000002227338420250408
0100027040196030445060000000001393293820250408
0100027041196030436010000000000185556920250408
0100027042196030459600000000000202170220250408
0100027043196030448140000000000135756920250408
0100027044196030243400000000000095166720250408
0100027045196030636040000000000302875820250408
0100027046196030694720000000000100734620250408
0100027047196030731940000000000054139120250408
0100027048196007753410000000000329734520250408
0100027050196031018840000000000191040620250408
0100027053196030965490000000001090620020250408
0100027054196030706390000000000704803520250408
0100027055158004799580000000000614453020250408
0100027056196030730360000000001510129420250408
0100027057196030784170000000000629751420250408
0100027058196030787230000000001189652420250408
0100027059196030754870000000000454995320250408
0100027060196030789880000000001012450420250408
0100027062196030722240000000001206634220250408
0100027063196030787350000000000393957520250408
0100027064196030790770000000001773833420250408
0100027069196030752460000000001289966820250408
0100027070196030887910000000000313507020250408
0100027071196030783080000000000466376020250408
0100027072196030788130000000000332375920250408
0100027073196030754930000000000811611920250408
0100027074196030793060000000001193510020250408
0100027075196030699910000000000161538620250408
0100027078196030839710000000000938115220250408
0100027079196030532640000000003112801320250408
0100027081124042446710000000001874460020250408
0100027082196030965610000000001268094020250408
0100027083196030869840000000001771106120250408
0100027085196030815270000000000474931420250408
0100027086196030937740000000001178186120250408
0100027087196030962970000000000144650020250408
0100027089196008528520000000000120790720250408
0100027090124036834660000000000104376420250408
0100027091196030758870000000000157328720250408
0100027092196030904210000000000053585720250408
0100027093196030907780000000000133288220250408
0100027094123302080930000000000100802820250408
0100027095196030910110000000000175150020250408
0100027096196004129330000000000140592220250408
0100027097196030903830000000000085687820250408
0100027098136400085780000000000252963020250408
0100027099196031252980000000000116217020250408
0100027101196031001400000000001772612020250408
0100027102196030981510000000001327552620250408
0100027104196031118180000000000342644120250408
0100027105196031018140000000000700346520250408
0100027106196030728700000000000884363120250408
0100027107196031121860000000000475777220250408
0100027109196020580990000000001306687520250408
0100027110196030984690000000000105043420250408
0100027114196031167910000000000252128220250408
0100027115196031083430000000000253176020250408
0100027116196031142550000000000186470020250408
0100027117116601267220000000000150619820250408
0100027118196031201330000000000918338120250408
0100027119196031120540000000000204036520250408
0100027120196031202110000000000902665720250408
0100027121196031196730000000001147445920250408
0100027122196031141220000000000370315020250408
0100027123196031143770000000000209871020250408
0100027124196031227750000000000346740020250408
0100027125196031183890000000000198440020250408
0100027126196031169260000000000128655520250408
0100027127196031118720000000000167137220250408
0100027129196016009850000000001318730520250408
0100027130196031117820000000000930999120250408
0100027132196031187350000000000175400020250408
0100027133196017697660000000000161645020250408
0100027134196030963890000000000189423620250408
0100027145196031048890000000000078009720250408
0100027146196031048860000000000232448820250408
0100027149196031080790000000000186470020250408
0100027156158005538450000000000559132520250408
0100027157696031192630000000001364477920250408
0100027158196031250140000000000241757620250408
0100027160196031286680000000001354409220250408
0100027163196031246210000000000149895020250408
0100027170196031117160000000000626476420250408
0100027171196031322510000000000156820020250408
0100027172196031155850000000000254390020250408
0100027177196031343560000000000138947320250408
0100027178196031459190000000000154310520250408
0100027180196031328020000000000188813420250408
0100027181196031254590000000000304852520250408
0100027183196031382380000000000161395020250408
0100027185181000567950000000000344220820250408
0100027189196031499200000000001462265020250408
0100027195196031499210000000001006420020250408
0100027196196031455260000000001018281420250408
0100027199196031305060000000000251690020250408
0100027200196004738130000000000075366120250408
0100027201196031421920000000000121816620250408
0100027202196031502030000000000139867220250408
0100027204196031563790000000001380434220250408
0100027205196031393870000000000161395020250408
0100027206196031594670000000000209311320250408
0100027207196031499220000000000351881820250408
0100027208196031379720000000000130812920250408
0100027209196031382660000000000167092120250408
0100027210196003081320000000000185765020250408
0100027211196031358530000000000160395020250408
0100027212196044505340000000000406690020250408
0100027213196031342590000000000266340020250408
0100027214196031393930000000000334390020250408
0100027215196031471840000000000685233220250408
0100027216196031454800000000000681160020250408
0100027217196031597260000000000612057120250408
0100027219196031421880000000000301679720250408
0100027221196031562470000000000040104820250408
0100027222196031710170000000001512081120250408
0100027223196031499750000000000291165020250408
0100027224196031586550000000000200165020250408
0100027225196031311260000000001271236920250408
0100027226196031649000000000001118570120250408
0100027231196031614830000000000151142120250408
0100027235196031650890000000000081595420250408
0100027237196031714170000000001284303120250408
0100027239196031424870000000003324505020250408
0100027241196018804320000000000133689920250408
0100027242196030964820000000000177715020250408
0100027243196030816890000000000087952320250408
0100027244123401719680000000000177715020250408
0100027245196031428280000000000142175020250408
0100027247196031648020000000000251040020250408
0100027255196031497060000000000182865020250408
0100027256196031645250000000000366227420250408
0100027257196031735190000000000950567920250408
0100027258196031671400000000000089030720250408
0100027259196031631680000000000186121120250408
0100027260196031679890000000000140361420250408
0100027263196031684520000000002093760020250408
0100027264196031647940000000000161645020250408
0100027265196031553940000000000581215020250408
0100027266196031677050000000000649160020250408
0100027267196031468960000000000189568420250408
0100027268196031311770000000000161183920250408
0100027269196031720590000000000298687720250408
0100027271196030440310000000000083890920250408
0100027275196031356580000000003184391420250408
0100027277196031806060000000000186040020250408
0100027278196031810680000000001255440020250408
0100027281196031415740000000000324095220250408
0100027282101116367290000000000210115020250408
0100027283196031842470000000000323840020250408
0100027284196031811590000000000048657320250408
0100027285102102169460000000000871368920250408
0100027286196031811550000000000493931520250408
0100027288196013887290000000000498266820250408
0100027289196031910280000000000514890520250408
0100027290196031905290000000000425487520250408
0100027291196031626960000000000858120420250408
0100027292196031648670000000000092935320250408
0100027293196031740050000000000147194520250408
0100027308123203002630000000000135929920250408
0100027311196031859180000000000246365020250408
0100027312196031736530000000000170501720250408
0100027313196031907340000000000424740020250408
0100027314196031718480000000000357315520250408
0100027315196031713020000000000221001420250408
0100027316196031840680000000000177715020250408
0100027317196031866680000000000161645020250408
0100027318196031892490000000000198965020250408
0100027320196031858760000000000222221520250408
0100027321196002942300000000000265832820250408
0100027322196032001160000000000280291520250408
0100027325135400037350000000000124213120250408
0100027327196031960680000000000074743420250408
0100027330196031837210000000000117137520250408
0100027331196032082060000000000297460320250408
0100027332196021683140000000000336690020250408
0100027333196032202770000000000282665520250408
0100027334196032125900000000000937376620250408
0100027335196032117810000000000053363720250408
0100027336196032125270000000000121852520250408
0100027339196032196210000000000437471420250408
0100027340196006374990000000000383665020250408
0100027344196032174870000000000139650020250408
0100027345196032279220000000001414200020250408
0100027346196032258990000000000235310620250408
0100027347196032122320000000000291712520250408
0100027349196032200140000000000743984120250408
0100027364196032475120000000000177715020250408
0100027365196032516110000000000115517820250408
0100027367196032443300000000001056394220250408
0100027368196032600950000000000151955220250408
0100027369196032476980000000000201740020250408
0100027370196032476730000000000177715020250408
0100027371196032423250000000000143150020250408
0100027373196032366770000000000206616120250408
0100027375196010824970000000000200768720250408
0100027376196032419880000000000124150020250408
0100027377196032475420000000000073646620250408
0100027378196032438240000000000203565020250408
0100027379196032401420000000000084730620250408
0100027381196032317090000000000339921520250408
0100027382196032492600000000000700566720250408
0100027383196004576130000000000184715020250408
0100027384196046073010000000000200145720250408
0100027385125101638080000000000141098820250408
0100027386196032177840000000000144900020250408
0100027389196032476030000000000177715020250408
0100027391196032541690000000000155554720250408
0100027392196032516380000000000155554720250408
0100027393196032616460000000000177715020250408
0100027394196032477240000000000177715020250408
0100027395196032511530000000000177715020250408
0100027396196032499950000000000137655120250408
0100027397196032473170000000000221462620250408
0100027398196032427030000000000603035420250408
0100027399196032537050000000000156655920250408
0100027400196032500080000000000219703920250408
0100027402196032494730000000000331831320250408
0100027403196032395130000000000103607920250408
0100027408196032394820000000000181628120250408
0100027409196032475320000000000136568920250408
0100027410196062314510000000000145834220250408
0100027411196032493770000000000126513620250408
0100027413196032499680000000000175470220250408
0100027415196032476510000000000179865020250408
0100027416196032473880000000000140564320250408
0100027417196032082110000000000429049220250408
0100027419196032404120000000001129098320250408
0100027421196015769690000000000163161820250408
0100027424196032293880000000000453658820250408
0100027426196012900520000000000248265020250408
0100027427196032324980000000000108900220250408
0100027428196032503170000000000177465020250408
0100027431196032474220000000000150366420250408
0100027435196032399310000000000216931920250408
0100027436196032092320000000000264208420250408
0100027437196032474420000000000196938120250408
0100027438196032322820000000000305295820250408
0100027439196025895640000000000136035320250408
0100027440196025753350000000000106295720250408
0100027441196032539290000000000112316220250408
0100027442196000083240000000000161645020250408
0100027443196032475350000000000251690020250408
0100027444196032505380000000000177715020250408
0100027445196032361200000000000278197320250408
0100027446196032354270000000001251199520250408
0100027447196031899970000000000112418020250408
0100027448196003624340000000000163715020250408
0100027449196032368150000000000229418420250408
0100027450196032289690000000000685208320250408
0100027451196032197480000000000280167520250408
0100027452196032286830000000000144151420250408
0100027453196032422410000000000794274620250408
0100027454196011440240000000000171786820250408
0100027455196032287540000000000144993120250408
0100027458196032278520000000000179809420250408
0100027459196006909630000000000087878220250408
0100027461196032205680000000000285612020250408
0100027462196023024060000000000074765820250408
0100027463196019148870000000000161395020250408
0100027465121302066970000000000315772820250408
0100027468196021851260000000000161645020250408
0100027469196015772060000000000092151620250408
0100027471196032128190000000000085272220250408
0100027472196011583170000000000118199520250408
0100027473196032544000000000000099391520250408
0100027474196033238990000000000161645020250408
0100027475196032722170000000001902610020250408
0100027477196033476260000000002501139920250408
0100027478196033418840000000000158817820250408
0100027479196033419240000000000216465020250408
0100027481196033187110000000000149895020250408
0100027482196033371190000000000102842820250408
0100027485196033240480000000000303371920250408
0100027486196033487710000000000093452520250408
0100027490196033365720000000000352488220250408
0100027491196033252360000000000144900020250408
0100027492196033359240000000000161645020250408
0100027493196033239840000000000160395020250408
0100027504101503403200000000000303594920250408
0100027505196033514520000000000167930920250408
0100027507196033586030000000000395890020250408
0100027509196033545020000000000022119420250408
0100027510196033544680000000000314390020250408
0100027511196033586480000000000300768720250408
0100027512196033582130000000000852039220250408
0100027513196033190680000000000174897520250408
0100027514196032288890000000001036653820250408
0100027516196031618420000000000064167320250408
0100027517124601570890000000000109275020250408
0100027518165002271840000000000110709320250408
0100027519196009747850000000000100438420250408
0100027520196030663850000000000187165020250408
0100027521196032768830000000000164497220250408
0100027522102320473750000000000126921820250408
0100027524196033674630000000000393918120250408
0100027525196033775900000000000608004120250408
0100027526196033608800000000000101452220250408
0100027527196023995950000000000156778120250408
0100027529196025034010000000000156097920250408
0100027530196013544020000000000201490020250408
0100027531196033776760000000000136386220250408
0100027532196033767170000000000177715020250408
0100027533196033777200000000000081941720250408
0100027535196033924800000000000244515020250408
0100027536196033924530000000000148599120250408
0100027540196033513960000000000239989020250408
0100027542196033903990000000000636028620250408
0100027543196033956160000000000140711420250408
0100027554132900156970000000000135536420250408
0100027555196034167400000000000587543020250408
0100027557196022169500000000000161645020250408
0100027558196034228740000000000118138720250408
0100027559196034178140000000000159486820250408
0100027560196034099650000000000165125820250408
0100027562196034131680000000000113307620250408
0100027563196034168940000000000200165020250408
0100027564196034121200000000000333063220250408
0100027565196034124620000000000204833020250408
0100027566196034166700000000000155554720250408
0100027567196034476750000000000221558220250408
0100027579196034234850000000000153731020250408
0100027580196034262470000000000136915920250408
0100027581196034261280000000000161395020250408
0100027583196034280450000000000997270020250408
0100027584196034299340000000000065809420250408
0100027585196034305600000000000161395020250408
0100027586196034228980000000000400576320250408
0100027587196034384910000000000853358220250408
0100027588196034302370000000000041747720250408
0100027590196034383290000000000099186720250408
0100027592196006505800000000000181165020250408
0100027593196034378760000000000120281620250408
0100027594196021820960000000000205736120250408
0100027595196034370130000000000124872520250408
0100027599196034368080000000000177715020250408
0100027600196034439730000000000107503620250408
0100027606196034434330000000000177715020250408
0100027607196034496730000000000153377520250408
0100027608196034496330000000000137954720250408
0100027610196034480410000000000159133020250408
0100027611196034512580000000000010973720250408
0100027612196010459590000000000229788020250408
0100027616196034522240000000000215930220250408
0100027617196034336880000000000159911820250408
0100027618196034304950000000000127961420250408
0100027619196034082590000000000260921920250408
0100027620196032333980000000000405215020250408
0100027621196034366550000000000156419620250408
0100027623196034084960000000000272649220250408
0100027624196034348790000000000148291820250408
0100027625196034314800000000001238775020250408
0100027626196034201850000000000235953220250408
0100027628196034502930000000000071333620250408
0100027629196034268400000000000185915020250408
0100027630196034305550000000000140638620250408
0100027631196034549260000000000233000620250408
0100027633196034412150000000000140796520250408
0100027634196034504610000000000085808820250408
0100027635196034502330000000000123908920250408
0100027636196034340390000000000137679920250408
0100027641196034669680000000000489361020250408
0100027642196034686880000000000202315020250408
0100027643196034698170000000000159470820250408
0100027644196034681540000000000188267920250408
0100027645196034692500000000000211151720250408
0100027646196034771840000000000231516420250408
0100027647196034680500000000000141870720250408
0100027650196034684300000000000161395020250408
0100027651196034683650000000000145041920250408
0100027652196034690100000000000122712220250408
0100027653196034681220000000000182990020250408
0100027655196034751150000000000136459820250408
0100027656196034772200000000000973666120250408
0100027657196034645730000000000178331320250408
0100027658196034767430000000000291165020250408
0100027659196034775170000000000140349620250408
0100027660196034778090000000000207110920250408
0100027661196000403390000000000160395020250408
0100027662196034861090000000000161645020250408
0100027663196034858430000000000165272520250408
0100027664196034824050000000000095829020250408
0100027665196034483620000000000111716820250408
0100027666196034855120000000000199012320250408
0100027667196034531270000000000166070020250408
0100027668196034496430000000000159461820250408
0100027672196034967950000000000071533720250408
0100027680196034910070000000000361515020250408
0100027682196034852690000000000161395020250408
0100027683123205653960000000000159369620250408
0100027684101315724720000000000143087620250408
0100027685196034950900000000000599083620250408
0100027686196034910840000000000288850320250408
0100027688196034897480000000000392470820250408
0100027689196034981080000000000255726220250408
0100027691196035082590000000000227824220250408
0100027692196035047990000000000116574720250408
0100027693186000445450000000000161395020250408
0100027695196024865860000000000085008220250408
0100027696101605483550000000000308082020250408
0100027699196034944280000000000146132820250408
0100027700196015496160000000000230985520250408
0100027701196034945290000000000142175020250408
0100027702196034936880000000000165437420250408
0100027705196034950890000000000161645020250408
0100027706196034948610000000000161645020250408
0100027709196035047630000000000127074920250408
0100027710196034606610000000000227500420250408
0100027712196034410810000000000166131920250408
0100027715196034977490000000000864067420250408
0100027716196035072310000000000143916820250408
0100027718196035030400000000000204690020250408
0100027720196035016200000000000133463820250408
0100027721196009527560000000000217430320250408
0100027722196029730630000000000122863720250408
0100027724196034200360000000000077178120250408
0100027727102317573520000000000138614420250408
0100027728196034345870000000000075920720250408
0100027729196036857820000000000173965020250408
0100027730196029721350000000000120865120250408
0100027731196034381320000000000089682420250408
0100027734196035070530000000003000330020250408
0100027742196035161430000000000161631820250408
0100027744196030614600000000000168588120250408
0100027747196035198490000000000720684520250408
0100027748196035153030000000000237354920250408
0100027749196035201470000000000161645020250408
0100027750196035152860000000000152995020250408
0100027752196035168320000000000160395020250408
0100027753196035202080000000000144669620250408
0100027754196035193610000000000195444520250408
0100027757196015660040000000000054841220250408
0100027758196035205940000000000124773620250408
0100027760196035199680000000000961010020250408
0100027761196034793970000000000163986020250408
0100027762196035197710000000000188175020250408
0100027764196035211900000000000184432320250408
0100027765196035263590000000000143574420250408
0100027766124022649250000000000400799620250408
0100027783196034973790000000000129272120250408
0100027784196035388860000000000077719820250408
0100027786196024583940000000000154344320250408
0100027788196035412750000000000176715020250408
0100027790196035483200000000000112110020250408
0100027792123006553740000000000350590020250408
0100027793196035640220000000000141425020250408
0100027795196034441080000000000930224520250408
0100027796196035416980000000000137410120250408
0100027798196035302240000000000133231620250408
0100027799196035393220000000000310207020250408
0100027800196035427340000000000175150020250408
0100027801196035419800000000000110283420250408
0100027802196031762070000000000160173920250408
0100027803196035425410000000000104955520250408
0100027804196035478400000000000207898320250408
0100027805196001051920000000000142870720250408
0100027806196035482830000000000334583020250408
0100027807196035393780000000000161512420250408
0100027808196035414150000000000390465020250408
0100027809196035409460000000000126909120250408
0100027811196019874540000000000161645020250408
0100027813196035530840000000000169026020250408
0100027815196031814420000000000884985020250408
0100027816196035585590000000000389215520250408
0100027817196035591660000000000125620720250408
0100027819196035661120000000000235805820250408
0100027822196034480520000000000228690020250408
0100027824196034282920000000000159627120250408
0100027825196035729000000000000444352820250408
0100027826196035659330000000000161395020250408
0100027827196035729730000000000088899320250408
0100027835196035834330000000000131239520250408
0100027839196035832930000000000175215020250408
0100027848196036377150000000000654132420250408
0100027850181000127710000000000163140020250408
0100027851151000828820000000000408215520250408
0100027852196036000420000000001708286820250408
0100027853196036073950000000000222636320250408
0100027854196036066720000000000278302520250408
0100027856196036048790000000000578315020250408
0100027857196036082820000000000554642320250408
0100027858196035959070000000000526117820250408
0100027859196035959700000000000561262820250408
0100027860116005449350000000000947685920250408
0100027861196035966540000000000278519020250408
0100027862196011843240000000000251078220250408
0100027864196036076040000000000232909020250408
0100027865196035931970000000000232909020250408
0100027866196002237260000000000187336720250408
0100027867196036080260000000000232659020250408
0100027868196036085770000000000193447020250408
0100027871196036049490000000000619470720250408
0100027872196035015830000000000142562620250408
0100027873196010973160000000000101470020250408
0100027875196034439050000000000081935620250408
0100027877196035821870000000000093553020250408
0100027882196035121700000000000295746020250408
0100027883196023782300000000000237845120250408
0100027884196033517210000000000257256320250408
0100027885196036165740000000000278302520250408
0100027886196036175140000000000275485420250408
0100027887196036203600000000000298196220250408
0100027888196035976730000000000452373420250408
0100027889196028328270000000000269730920250408
0100027891196036272450000000000299993020250408
0100027892196000464990000000000315559420250408
0100027893196036271460000000000151946820250408
0100027894196036199990000000000256953420250408
0100027897196036202870000000000231288020250408
0100027898196036200680000000000254631420250408
0100027899196036217390000000000231064920250408
0100027900196031091100000000000423345620250408
0100027901196036274700000000000203035820250408
0100027902124100318170000000000372711820250408
0100027903196036202670000000000435377520250408
0100027904196036201940000000000430355020250408
0100027906196036271370000000000254881420250408
0100027907196036168080000000000233625020250408
0100027908196036433290000000000254631420250408
0100027915196036435070000000000224268220250408
0100027923196036357160000000000245744420250408
0100027925196031784330000000000230270620250408
0100027926196036468200000000000125257420250408
0100027927196036462670000000000253251020250408
0100027928196036464800000000000274400320250408
0100027930196036412880000000001148272520250408
0100027931196036410820000000001065231220250408
0100027932196036415430000000000274863920250408
0100027933196036528620000000000276284920250408
0100027934196036467190000000000222274220250408
0100027935196036282580000000000365142520250408
0100027936134700495240000000000137162920250408
0100027939196035724680000000000123574220250408
0100027940196035946330000000000213695120250408
0100027941196035883650000000000130847820250408
0100027942196014801550000000000221425020250408
0100027943196036071560000000000169448620250408
0100027944196007354350000000000111091620250408
0100027945196036570990000000000239794320250408
0100027946196036568150000000000244012620250408
0100027948196036565880000000000236628220250408
0100027949196036616660000000000236572920250408
0100027950196036611570000000000248052520250408
0100027951196036572320000000000643065020250408
0100027952196036614380000000000386634020250408
0100027953196031772910000000000385174720250408
0100027954196036619160000000000163650820250408
0100027955196036717220000000000526367820250408
0100027956196036630800000000000617115220250408
0100027957196032011380000000000768958420250408
0100027958196036449910000000001058422520250408
0100027960196036573240000000000161645020250408
0100027965196036834020000000000136931220250408
0100027973196034554590000000000182018720250408
0100027974196036819910000000000270865020250408
0100027975196036744440000000000689174520250408
0100027977196036786790000000000161645020250408
0100027978196036778350000000000234515020250408
0100027979116601447910000000000883462420250408
0100027980196036826670000000000119469420250408
0100027981196036864030000000000094608920250408
0100027982196036777220000000000299006520250408
0100027983196036862510000000000130324620250408
0100027984196036845490000000000099965920250408
0100027985196036831500000000000170250020250408
0100027986196036773090000000001839880920250408
0100027987196036774760000000000174259820250408
0100027988196028625890000000000161645020250408
0100027989103017409610000000000268875720250408
0100027990196035999580000000000229214120250408
0100027991196035962030000000000308715020250408
0100027992196035932180000000000154612020250408
0100027994196036745920000000000134720020250408
0100027995111103584060000000000350119320250408
0100027999196036989550000000000169388820250408
0100028000196037011000000000000108279220250408
0100028001196036879930000000000616117420250408
0100028002196036895970000000000432699020250408
0100028003196037006240000000000140653920250408
0100028005196019099700000000000107926420250408
0100028006196036993900000000000142332120250408
0100028007196037014040000000000161395020250408
0100028008196037006980000000000137973320250408
0100028009196036825890000000000149895020250408
0100028010196036040340000000000148594620250408
0100028011196036525870000000000197329720250408
0100028013196036035830000000000121345520250408
0100028015196037052960000000000174325320250408
0100028016124201416130000000000197567420250408
0100028017196037087130000000000230751320250408
0100028018196037088940000000000090608320250408
0100028019196037037120000000000148348820250408
0100028020196037047850000000000153062320250408
0100028021196037038110000000000169103420250408
0100028023196036942610000000000129070520250408
0100028024196018462540000000000140440920250408
0100028026196036936870000000000106514220250408
0100028027196036932130000000000194717820250408
0100028028196032763000000000000190003620250408
0100028029196036933860000000000161645020250408
0100028031196037088920000000000271865020250408
0100028043196009389790000000000035694820250408
0100028044196036817310000000000044315420250408
0100028046126600533580000000000132655520250408
0100028047196002948800000000000122634220250408
0100028048124022578190000000000180641820250408
0100028050196036946210000000000126002720250408
0100028054196037212870000000000139349620250408
0100028055196037208780000000000112358720250408
0100028056196030094810000000000161645020250408
0100028057126004395450000000000140595020250408
0100028058196037251710000000000080968420250408
0100028059196037256490000000000187646820250408
0100028061196037250650000000000048927820250408
0100028062196037255640000000000108455420250408
0100028063196037127570000000000323590020250408
0100028064196037294480000000000156571520250408
0100028065196037227770000000000161645020250408
0100028066196037110310000000000108593220250408
0100028067196036944940000000000150145020250408
0100028068196036740580000000000139963120250408
0100028069164002395410000000000094285820250408
0100028070196037070310000000000057219520250408
0100028071196037036470000000000185065020250408
0100028074196037334750000000000177465020250408
0100028077196037336000000000000233265020250408
0100028080116029321340000000001227775020250408
0100028081101506422190000000000437977920250408
0100028083196037397180000000000678160020250408
0100028084196037410470000000000142391820250408
0100028085196004996220000000000096033120250408
0100028087196037533770000000000124158020250408
0100028089196033209460000000000081271720250408
0100028091196053754020000000007275092820250408
0100028092196037603730000000005124910320250408
0100028097196081630620000000000284574220250408
0100028099196037622760000000000283604920250408
0100028100196018009470000000000196163520250408
0100028104196037622730000000000280872020250408
0100028105196037808060000000000293984120250408
0100028106103308505190000000000753308720250408
0100028108158006341910000000000455637920250408
0100028112196037701900000000000296964620250408
0100028113196037731620000000000366996920250408
0100028117196030536650000000001952086920250408
0100028119196037771790000000000368972520250408
0100028120196037745940000000000260391520250408
0100028121196037765920000000000296269620250408
0100028123196037760370000000000280053020250408
0100028124196037708590000000000291976720250408
0100028126196037719020000000000274240320250408
0100028128196037707610000000000261618520250408
0100028130196037743680000000000313468520250408
0100028131196037727860000000000289131020250408
0100028132196037727100000000000293264420250408
0100028133196037737940000000000194648820250408
0100028134196037731070000000000983730320250408
0100028135196037712670000000001271732520250408
0100028136196037704240000000000276988720250408
0100028137196037811150000000000301526720250408
0100028138196029960500000000000314218520250408
0100028139196037768070000000000607055220250408
0100028140196037809100000000000708872120250408
0100028142196037773920000000000483578720250408
0100028143196037775240000000000693298020250408
0100028144196037108340000000000282180720250408
0100028145196037271560000000000329646020250408
0100028147196037000950000000000354843620250408
0100028149196037727910000000000337943720250408
0100028150196037772690000000000246787920250408
0100028151196037668290000000000275518020250408
0100028152196037774430000000000289653320250408
0100028156196013625280000000000123472220250408
0100028160196014864920000000000140019320250408
0100028169196037919610000000000334820920250408
0100028170196037696620000000000336579420250408
0100028171196038006980000000001216910020250408
0100028173196037972410000000000335549420250408
0100028174196037975090000000000313218520250408
0100028175196037964720000000000343088220250408
0100028176196037972530000000000291439120250408
0100028177196037973410000000000291111520250408
0100028178196038004490000000000293416520250408
0100028179196037957950000000000313468520250408
0100028180196009646220000000000413066820250408
0100028181132002825560000000000609162520250408
0100028182196038008460000000000708122120250408
0100028183196038007220000000000290308220250408
0100028185196038016480000000000314218520250408
0100028186196038014280000000000288309620250408
0100028188196037272060000000000354259620250408
0100028189196038046260000000000313468520250408
0100028190196037437140000000000303519420250408
0100028191196024816590000000000355967820250408
0100028192196038078890000000000281841420250408
0100028193196038008220000000000330878020250408
0100028194196037204960000000000247720920250408
0100028195196029355010000000000719517320250408
0100028197196038020140000000000281228020250408
0100028199196037717800000000000453428020250408
0100028200196038163760000000003815165620250408
0100028201196038033920000000000343158720250408
0100028202196038076150000000000504945620250408
0100028203196038006350000000000255162320250408
0100028212196038251340000000000300731520250408
0100028214196038261370000000000345259120250408
0100028217196038194470000000001282109820250408
0100028218196017341180000000001218844120250408
0100028219116306127020000000000337714620250408
0100028221196038197580000000000314468520250408
0100028222196038194790000000000329646020250408
0100028223196038212600000000000295911120250408
0100028225196038217920000000000346798320250408
0100028226196038216680000000000314468520250408
0100028227196038195340000000000254915620250408
0100028229196038211610000000000324319320250408
0100028231196038214250000000000359863620250408
0100028232196038211340000000000314468520250408
0100028233196038198620000000000298694820250408
0100028234196038212870000000000325909920250408
0100028235196038242000000000000314468520250408
0100028236196038196070000000000372461120250408
0100028237196037883210000000000475085620250408
0100028238196038191910000000000316215420250408
0100028239196038246450000000000314468520250408
0100028240196038245950000000000291652020250408
0100028241196022096100000000000838965020250408
0100028242196035529490000000000348684320250408
0100028243196014871590000000000284351420250408
0100028244196038197560000000000288177820250408
0100028245196038277450000000000485699120250408
0100028246196037927170000000000457975520250408
0100028247196038491570000000000896834520250408
0100028248196038304320000000000408540020250408
0100028249196038408820000000000445194320250408
0100028250196038401000000000000772501220250408
0100028251196035683900000000000139650020250408
0100028253196038417150000000000119579220250408
0100028254196038417650000000000136486120250408
0100028255196038416260000000000161645020250408
0100028256196038454610000000000145539620250408
0100028257196038373730000000000140653920250408
0100028258196038388490000000000195724820250408
0100028260196038377920000000000138828520250408
0100028261196038417990000000000083497120250408
0100028265196038571940000000000222352620250408
0100028266196038558220000000000110366820250408
0100028267196038545170000000000120367620250408
0100028268196038545000000000000136394820250408
0100028269196038542260000000000158489020250408
0100028270196038530930000000000140110020250408
0100028271196038646510000000000247925420250408
0100028273116005438680000000000281377920250408
0100028275196038608030000000000235089320250408
0100028276196012559990000000000140696820250408
0100028277196038609700000000000161395020250408
0100028278196038509900000000000448615020250408
0100028280196038542910000000000776965620250408
0100028302196038668020000000000826082320250408
0100028303196038671920000000000134665920250408
0100028304196038695720000000000161395020250408
0100028305196038831220000000000161645020250408
0100028307196038838910000000000161395020250408
0100028309196038783210000000000138041320250408
0100028310196038768980000000000622446520250408
0100028311196038783390000000000139900020250408
0100028312196038738600000000000374240020250408
0100028313196038814270000000000029524420250408
0100028314196038765300000000000114671720250408
0100028315196038766530000000000135463720250408
0100028316196038620490000000001143825120250408
0100028317196038730640000000000091234120250408
0100028318196038665700000000000139077920250408
0100028320196038839640000000000056336320250408
0100028321196038808260000000000117038420250408
0100028322196037885060000000000161645020250408
0100028323196002834310000000000299840020250408
0100028324196038739420000000000179490020250408
0100028325196038772860000000000103357420250408
0100028326196038623100000000000571840020250408
0100028327124007906110000000001234120020250408
0100028329196038955710000000000145264220250408
0100028330196038764720000000000168595020250408
0100028333196038237460000000000450869620250408
0100028334696038860190000000000251940020250408
0100028343109202043980000000000139900020250408
0100028346196018764550000000000084345420250408
0100028348196019759600000000000044038120250408
0100028349196038739940000000000149895020250408
0100028350196004109370000000000177715020250408
0100028351196038802230000000000149145020250408
0100028352196038813290000000000138765920250408
0100028353196038807030000000000094331520250408
0100028354124032218280000000000132456420250408
0100028355196038824420000000000057413720250408
0100028356196005809660000000000067993620250408
0100028357196039094310000000000143900020250408
0100028359196036493890000000000130600620250408
0100028361104202812850000000000156816320250408
0100028362196039029750000000000185315020250408
0100028364196038867780000000000115653020250408
0100028365196039030990000000000188510420250408
0100028366196028487960000000000110346020250408
0100028368103021649440000000000225686620250408
0100028370196039087210000000000101775220250408
0100028374196039162320000000000240615020250408
0100028376196039102890000000000121719320250408
0100028377196039117700000000000161395020250408
0100028378196038801900000000000139646820250408
0100028379196039006090000000000149895020250408
0100028380196038800670000000000154590820250408
0100028381196024976740000000000175076320250408
0100028383196038825430000000000145990020250408
0100028384196038828210000000000050910920250408
0100028385196039154090000000000377840020250408
0100028386196039199930000000000741223520250408
0100028388196039159030000000000642884420250408
0100028389196039158480000000000153522620250408
0100028390196038841960000000000191180620250408
0100028396196039010450000000000323590020250408
0100028397196017469530000000000133854520250408
0100028398196039301890000000000150312920250408
0100028399196015672590000000000351688120250408
0100028400196018075810000000000080935320250408
0100028401196039351180000000000064198220250408
0100028403196039400170000000000111423220250408
0100028404196039300270000000000346188720250408
0100028405196039301500000000000157790720250408
0100028406196039340870000000000163995020250408
0100028408196039265800000000000163053720250408
0100028420196030002750000000000078279020250408
0100028421196039902040000000000162269920250408
0100028423196038821410000000000165937620250408
0100028424196038740820000000000158364220250408
0100028425196039033450000000000150145020250408
0100028426196039412620000000000148508620250408
0100028427196039662310000000000177465020250408
0100028430196039754380000000001073879720250408
0100028433196039820200000000000530307520250408
0100028436196039723620000000000057358820250408
0100028438196039718390000000000143468220250408
0100028439196039733120000000000169670720250408
0100028440196018236620000000000155576820250408
0100028441196036583390000000000189851620250408
0100028442196039697730000000000161645020250408
0100028444196039695750000000000141813820250408
0100028445196039734700000000000130813820250408
0100028447196039724210000000000139150020250408
0100028448196039721750000000000115705820250408
0100028449196039723860000000000161645020250408
0100028450196023984430000000000264303620250408
0100028451196038741670000000000141397520250408
0100028452196039773790000000000121861620250408
0100028454196039049220000000000192326720250408
0100028455196039743210000000000109886020250408
0100028456101316619980000000000277715020250408
0100028457196039776510000000000143100020250408
0100028459196039774320000000000161645020250408
0100028460196039731510000000000768910020250408
0100028462196039002880000000000140453720250408
0100028463196039770040000000000103488320250408
0100028465196039644370000000000161645020250408
0100028467101022479260000000000065939120250408
0100028469196039678760000000000155982120250408
0100028470196039682670000000000376795320250408
0100028471196039685280000000000161645020250408
0100028472196041745490000000000154870020250408
0100028474196039645200000000000153759420250408
0100028478196039760750000000000142229220250408
0100028482196004008860000000000136449020250408
0100028483196039839800000000000112080220250408
0100028486196039931360000000000161645020250408
0100028487196023775540000000000161395020250408
0100028488196039926930000000000154870020250408
0100028490196039930030000000000153870020250408
0100028492196039928860000000000155000020250408
0100028493196039931850000000000161395020250408
0100028494196076400510000000000154870020250408
0100028499196030201990000000000205573520250408
0100028500196039872290000000000179865020250408
0100028501196039892390000000000883910020250408
0100028502103016730250000000000416265820250408
0100028503196039895660000000000187960020250408
0100028504196034438810000000000150145020250408
0100028505196039895030000000000161395020250408
0100028506196039851500000000000710160020250408
0100028508101112020300000000000152675920250408
0100028509196039872670000000000161645020250408
0100028511196039892140000000000243735320250408
0100028513196039860960000000000161645020250408
0100028514196034406180000000000172645020250408
0100028515196039860640000000000138524320250408
0100028517603000786500000000000966783820250408
0100028518696030363760000000002856330020250408
0100028529196040056800000000000797055020250408
0100028530196003814720000000000165031220250408
0100028531196039970180000000000237393820250408
0100028533196040063380000000000083106320250408
0100028534196037328870000000000386765420250408
0100028535196040117770000000000109806920250408
0100028536196021137120000000000080810420250408
0100028537196040158870000000000261770120250408
0100028538196040117710000000000303913620250408
0100028539196039372010000000000149645020250408
0100028548196021368360000000000108809120250408
0100028549196010943730000000000161645020250408
0100028552196018084800000000000116921020250408
0100028553124602050410000000000157036120250408
0100028555196040266200000000000194224520250408
0100028558196040267120000000000139096420250408
0100028559127400124090000000000117388920250408
0100028560196040352290000000000181165020250408
0100028561196040287870000000000073578520250408
0100028562196040307160000000000150670020250408
0100028564196040293200000000000145643120250408
0100028565196040288670000000000181415020250408
0100028566196040218200000000000080168020250408
0100028567196040351720000000000143391820250408
0100028568196040274270000000000160645020250408
0100028569196040265370000000000123404920250408
0100028573196040285870000000000122202620250408
0100028596196039075140000000000154543720250408
0100028597196039850580000000000142570420250408
0100028598196029510210000000000098145820250408
0100028599196040429000000000000135943220250408
0100028600196040414410000000000081992020250408
0100028601196040529770000000000159983120250408
0100028603196040460840000000000161645020250408
0100028604196040441160000000000161645020250408
0100028607196040564620000000000161645020250408
0100028608196040350150000000000180115020250408
0100028609196040486280000000000161645020250408
0100028611196040531350000000000161435920250408
0100028612196040564320000000000141751820250408
0100028613196040577930000000000144900020250408
0100028614196040565650000000000147375020250408
0100028616196039451620000000000139900020250408
0100028617196040449310000000000161395020250408
0100028618196040445150000000000131759820250408
0100028620196040562920000000000188321620250408
0100028622196038955470000000000094191320250408
0100028623196040455140000000000077150920250408
0100028624196040184070000000000618217920250408
0100028625196040423600000000000165670820250408
0100028626196040254830000000000182990020250408
0100028629196040678850000000001699141520250408
0100028631196003128440000000000177848520250408
0100028632196040771260000000000089367620250408
0100028633196040766340000000000155720120250408
0100028634196040766820000000000170365020250408
0100028636196040727010000000000205690020250408
0100028637196040678470000000000357110020250408
0100028638196040811010000000000983870020250408
0100028639196040690300000000000111276620250408
0100028642196040732290000000000362607220250408
0100028643196040677960000000000272115020250408
0100028653196040885500000000000142774320250408
0100028657164000375230000000000195215020250408
0100028660196040838230000000000323840020250408
0100028661196013277360000000000308965020250408
0100028662196040981460000000000246195320250408
0100028663196040446070000000000210969620250408
0100028665196021882500000000000124904020250408
0100028666196040865690000000000058935320250408
0100028667196041056170000000000325639420250408
0100028669196041094600000000001373982920250408
0100028670196040730560000000000317158920250408
0100028672196041112290000000000172965020250408
0100028673196021902480000000000096090520250408
0100028674196040992100000000000160645020250408
0100028675196032321430000000000143141820250408
0100028676196040991730000000000323840020250408
0100028677196041033610000000000243800620250408
0100028678196041022450000000000598899920250408
0100028679196040879020000000000575591220250408
0100028681196041052760000000000637433320250408
0100028683196040568420000000000376446720250408
0100028684196041058170000000000323840020250408
0100028690196040666980000000000199501420250408
0100028693196041334490000000000158795020250408
0100028695196039202690000000000161395020250408
0100028699196041193990000000000156995020250408
0100028700196041236830000000000103354220250408
0100028701196003319120000000000501240020250408
0100028702196006465000000000000161645020250408
0100028703104013391780000000000097909620250408
0100028704124503829510000000000301692820250408
0100028705196040712370000000000175058220250408
0100028706196041135060000000000164730820250408
0100028707196041309350000000000131756220250408
0100028708196041352490000000000135974120250408
0100028709196041280080000000000182865020250408
0100028711196023940970000000000146406720250408
0100028712196041284490000000000341418220250408
0100028713196016666190000000000122748420250408
0100028714196041282060000000000149193920250408
0100028715196041233480000000000160645020250408
0100028716196017690430000000000161645020250408
0100028718196041113930000000000161395020250408
0100028719196024288710000000000161395020250408
0100028720196041289280000000000087342020250408
0100028721196041353400000000000185015020250408
0100028722196041284630000000000146962820250408
0100028723196041197610000000000169890020250408
0100028724196024585660000000000075808120250408
0100028726196041273140000000000161645020250408
0100028727196041239810000000000147125020250408
0100028728196041270270000000000132400920250408
0100028729196041333900000000000144900020250408
0100028730196037613150000000000184078520250408
0100028733196041447650000000000137828520250408
0100028734196041413200000000000160119620250408
0100028735123401071520000000000124729420250408
0100028736196005159200000000000087104620250408
0100028737196000237100000000000323840020250408
0100028738196041450820000000000064543020250408
0100028740196041586250000000000121578220250408
0100028741196041568470000000000161645020250408
0100028742196041568930000000000163140020250408
0100028743196041491270000000000141007520250408
0100028744196041467130000000000125244520250408
0100028746196041450540000000000160395020250408
0100028747196041453460000000000159994620250408
0100028748196041452170000000000136598820250408
0100028749196041468150000000000127094320250408
0100028750196041467000000000000161645020250408
0100028751196041456360000000000149145020250408
0100028752196041479600000000000346860320250408
0100028754196039090360000000000156441120250408
0100028755196041453110000000000157636520250408
0100028756196041449670000000000152769020250408
0100028757196035132300000000000177465020250408
0100028758196039522100000000000177715020250408
0100028759196041443870000000000133516920250408
0100028760196040412960000000000159298820250408
0100028761196017538380000000000108363320250408
0100028764196041671220000000000158152720250408
0100028770196041651210000000000253265020250408
0100028771196041614880000000000377840020250408
0100028772196041618900000000000078218820250408
0100028773196041707360000000000442265020250408
0100028774196041405460000000000164066720250408
0100028775196041198360000000000476840020250408
0100028777196041629040000000000269168120250408
0100028778196039222020000000003936595920250408
0100028781196041236310000000000193928620250408
0100028782196041189500000000000399840020250408
0100028785196042032370000000000150149220250408
0100028786124041584370000000000063724920250408
0100028787196041741760000000000147745020250408
0100028788196041866450000000000161395020250408
0100028789196041818810000000000118117520250408
0100028790196018909340000000000161307620250408
0100028792196041820810000000000116979620250408
0100028793196041864360000000000323840020250408
0100028794123205777240000000000123351320250408
0100028795196041722870000000000089475620250408
0100028796196003988040000000000215981420250408
0100028797196041950780000000000142813820250408
0100028798196041757440000000000121890220250408
0100028799196041663840000000000259040020250408
0100028801196041844460000000000055017620250408
0100028802196041463430000000000124788420250408
0100028803196041836080000000000196131620250408
0100028804196042012440000000000160895020250408
0100028806196041916250000000000128044820250408
0100028808196041898140000000000081688220250408
0100028809196041821490000000000102657320250408
0100028810196041891830000000000090039120250408
0100028811196041898460000000000169890020250408
0100028812196041859300000000000167695020250408
0100028813196041880680000000000059188820250408
0100028814196041772330000000000125380220250408
0100028815196041826340000000000104029520250408
0100028816196034492400000000000142190220250408
0100028817196041876340000000000124115220250408
0100028818196041769040000000000083963720250408
0100028821196042158430000000000144650020250408
0100028824196041931600000000000128729120250408
0100028825196042102540000000000064315720250408
0100028826196042093710000000000182990020250408
0100028827196042051490000000000161645020250408
0100028829196041931370000000000161395020250408
0100028830196042057000000000000174797620250408
0100028831196042037810000000000161645020250408
0100028834196041768880000000000159254720250408
0100028835196038659310000000000070472420250408
0100028836196042048700000000000161395020250408
0100028837158005580280000000000170140020250408
0100028838196042156000000000000180415020250408
0100028839196042055960000000000160645020250408
0100028840196042050500000000000161645020250408
0100028842196042077370000000000204415020250408
0100028843196034877280000000000233265020250408
0100028844196014391380000000000239786220250408
0100028846196042144070000000000161395020250408
0100028848196042037040000000000052771120250408
0100028849192000370020000000000143900020250408
0100028851196042033250000000000161645020250408
0100028852196041933890000000000294090020250408
0100028853196004192050000000000070521120250408
0100028854196042047620000000000171014920250408
0100028855196042067870000000000161645020250408
0100028857196041811730000000000147656420250408
0100028858196042227870000000000144760820250408
0100028861196042441460000000000118647020250408
0100028865196042321240000000000161395020250408
0100028866196042318320000000000186950820250408
0100028867196042410830000000000161645020250408
0100028868196042175830000000000201940020250408
0100028869196042229800000000000212657620250408
0100028870196042360820000000000703492320250408
0100028872196042388950000000000322115020250408
0100028873196042448680000000000311483420250408
0100028875101111391610000000000082024020250408
0100028876196042390540000000000072503220250408
0100028877196042300350000000000161645020250408
0100028878196042320530000000000161645020250408
0100028879196042319200000000000125835220250408
0100028880196042302350000000000118535520250408
0100028881196042302930000000000144967220250408
0100028882196042326900000000000045398220250408
0100028883196042357350000000000136650020250408
0100028884196042422110000000000162532820250408
0100028885196042540110000000001009645020250408
0100028886196014168580000000000155304720250408
0100028887196034418280000000000148976220250408
0100028888196042567750000000000106567120250408
0100028890196042579360000000000199965020250408
0100028891196042583350000000000157082320250408
0100028894196040042830000000000148895020250408
0100028896196041412380000000000385215020250408
0100028897196042568400000000000376840020250408
0100028898196019139580000000000149590020250408
0100028899196042481970000000000161645020250408
0100028900196042684850000000000132948420250408
0100028901196042102760000000000067044720250408
0100028902196042529950000000000154656820250408
0100028903196042567910000000000114788820250408
0100028904196042582430000000000503490020250408
0100028906196042616970000000000203451520250408
0100028907196006099490000000000270770120250408
0100028909196042688320000000000140174920250408
0100028910196042558620000000000143650020250408
0100028911196042626340000000000191615020250408
0100028912196042617460000000000249704720250408
0100028913196042538870000000000317552220250408
0100028914196014276810000000000157673520250408
0100028918196042485370000000000197760320250408
0100028919196042628710000000000209978220250408
0100028920196042675230000000000715311520250408
0100028921182001115910000000000272115020250408
0100028922196042431760000000000377765020250408
0100028923196042618020000000000272115020250408
0100028925196042784130000000000086297120250408
0100028930196042773120000000000156995020250408
0100028932196042788310000000000212711820250408
0100028936196042565100000000000271865020250408
0100028937196042822130000000000135650620250408
0100028938196042759930000000000323840020250408
0100028939196028157780000000000109746220250408
0100028941196042536950000000000353990020250408
0100028942196042612200000000000158773220250408
0100028943196042758000000000000065291920250408
0100028944196042824360000000000119374220250408
0100028946196042799620000000000136022320250408
0100028947196042786590000000000500240020250408
0100028959196043788490000000000160645020250408
0100028960196043795850000000000139484720250408
0100028963196043769960000000000141676720250408
0100028964196043834590000000000256505420250408
0100028965196035088700000000000072778120250408
0100028966196043793500000000000064981020250408
0100028967196043726640000000000531620320250408
0100028968196043913820000000000204778920250408
0100028969196043907730000000000148127220250408
0100028970196043837330000000000079933420250408
0100028972196043838630000000000193015020250408
0100028973196043774670000000000205470120250408
0100028974196043849550000000000138155120250408
0100028975196043810520000000000175292720250408
0100028976196043786410000000000145882820250408
0100028977196014385840000000000126843520250408
0100028978196043843870000000000131353820250408
0100028981196043563280000000000406535320250408
0100028982196043794060000000000323840020250408
0100028983196043814160000000000126646820250408
0100028984196043788830000000000186628120250408
0100028986196041036570000000000195215020250408
0100028988196004059590000000000312115020250408
0100028989104010792630000000000323840020250408
0100028991196019362520000000000161395020250408
0100028993196043753230000000000209670320250408
0100028994196033192640000000000115360220250408
0100028995196044234660000000000141200720250408
0100028996196043834700000000000172636920250408
0100028998196025197790000000000113328220250408
0100029000196044017390000000000057827920250408
0100029001196043992060000000000305468120250408
0100029002196044005500000000000108604120250408
0100029004110011730460000000000601032520250408
0100029006196044118650000000000231042620250408
0100029008181000184320000000000686758120250408
0100029009196014002580000000000120388320250408
0100029011196031124570000000000118150620250408
0100029012196044041330000000000323840020250408
0100029013196044149140000000000280350220250408
0100029014124406842510000000000127839020250408
0100029015196044059360000000000269549920250408
0100029016196044030210000000000119735920250408
0100029019196044123000000000000360265020250408
0100029020196044127720000000000138034420250408
0100029024196039389570000000000092644620250408
0100029025196044302950000000000155370020250408
0100029026134200123440000000000063419320250408
0100029029196044322190000000000072513620250408
0100029030196013063480000000000100126120250408
0100029033196044361870000000000132448920250408
0100029035196028773000000000000111062220250408
0100029036196038484760000000000139900020250408
0100029038196044321320000000000142533420250408
0100029039196044341880000000000161395020250408
0100029041196020475940000000000028660420250408
0100029044196044481380000000000161645020250408
0100029045196044487780000000000098301020250408
0100029046196044582360000000000045648220250408
0100029049196044482670000000000255437220250408
0100029050196044289880000000000127910420250408
0100029051196044491210000000000274519720250408
0100029052196044487270000000000126373020250408
0100029056196044744910000000000125480620250408
0100029062196044720940000000000251940020250408
0100029064196044606140000000000177715020250408
0100029065196044643800000000000156678620250408
0100029066196025005800000000000147565020250408
0100029067196044772080000000000033295120250408
0100029068196044823090000000000170316520250408
0100029069110011635930000000000161395020250408
0100029070196032163270000000000295258720250408
0100029071196044824120000000000097364220250408
0100029072196039846100000000000161645020250408
0100029073196044691780000000000161395020250408
0100029074196044779330000000000120221520250408
0100029075196043944090000000000129408720250408
0100029076196044770040000000000161645020250408
0100029077196044821440000000000145839020250408
0100029078196044720080000000000134210520250408
0100029080196044772890000000000203790020250408
0100029082196000099710000000000161395020250408
0100029083196053046840000000000528969420250408
0100029084196044779800000000000251865020250408
0100029085196040177250000000000116460320250408
0100029086196044644120000000000209918620250408
0100029087196044688550000000000108645020250408
0100029088196044765510000000000148020220250408
0100029089196042337250000000000043589220250408
0100029091196044896570000000000132540520250408
0100029093196044978110000000000144510820250408
0100029094196044884190000000000418993020250408
0100029095196044896090000000000244444320250408
0100029096196044915000000000000125266020250408
0100029097196045007340000000000143004720250408
0100029098196011248110000000000150175020250408
0100029106196044894530000000000727660920250408
0100029107196045120400000000000154870020250408
0100029109196045119810000000000064827520250408
0100029111196045179110000000000102941920250408
0100029112196045133620000000000210279920250408
0100029113196045161690000000000654590020250408
0100029114196045166590000000000048056220250408
0100029115196037576220000000000681160020250408
0100029116196045110280000000000180600520250408
0100029117196045114210000000000141675020250408
0100029118196045213230000000000113443220250408
0100029120196045139070000000000141425020250408
0100029123196045407710000000000129812620250408
0100029124196045386900000000000161645020250408
0100029125196045413580000000000161395020250408
0100029126196045338000000000000174819420250408
0100029127196045334290000000000124545220250408
0100029128196045409580000000000137461920250408
0100029129196045410710000000000142506920250408
0100029130196045537040000000000161645020250408
0100029131196045439290000000000143967220250408
0100029132196045439710000000000161645020250408
0100029133196045441270000000000109393920250408
0100029134196045511970000000000184926220250408
0100029135196045394170000000000120925620250408
0100029136196045411920000000000148108120250408
0100029137196045396740000000000172681820250408
0100029138196045594980000000000161645020250408
0100029140196044020620000000000146769220250408
0100029141196045351730000000000152995020250408
0100029142196045459430000000000161395020250408
0100029144196034896340000000000174180620250408
0100029145196045166680000000000207916520250408
0100029146196045397170000000000151972420250408
0100029148196045397240000000000154627820250408
0100029149196040942630000000000134459720250408
0100029150196045386170000000000147098820250408
0100029151196045336640000000000120286620250408
0100029152196045496070000000000094649020250408
0100029153196031486530000000000096953820250408
0100029154196008606090000000000091105820250408
0100029157196081089140000000000137205420250408
0100029164196045953120000000001034034920250408
0100029165196045611500000000000301800520250408
0100029166196045579520000000000090762020250408
0100029168196045524080000000000161645020250408
0100029169196044399520000000000086159320250408
0100029170196045576900000000000181415020250408
0100029172196045533590000000000436415020250408
0100029173196046042990000000000293488320250408
0100029175196046142950000000000147098820250408
0100029176196046240880000000000205690020250408
0100029179196046195690000000000171322420250408
0100029180196046083690000000000143916820250408
0100029181196042559040000000000114606120250408
0100029182196046273060000000000355468120250408
0100029183196046279280000000000349765020250408
0100029184196046163730000000000049451920250408
0100029187196031911100000000001297595020250408
0100029188196046449030000000000185315020250408
0100029189196046451950000000000313251620250408
0100029190196016111490000000000106873120250408
0100029191196035384540000000000328240020250408
0100029194196046715120000000000502413120250408
0100029195196046732300000000000209133320250408
0100029196196046668650000000000214061520250408
0100029197196004593660000000000318955820250408
0100029198196046624920000000000254881420250408
0100029199196046860370000000000188993320250408
0100029200196040579360000000000233017820250408
0100029201196011765390000000000506593520250408
0100029202196020581430000000000315138820250408
0100029203196046753080000000000239649720250408
0100029205196046749320000000000254881420250408
0100029207196046716700000000000216719520250408
0100029208196046619860000000000314038820250408
0100029210196046650480000000000218150820250408
0100029211196046654720000000000168552220250408
0100029212196046584880000000000301134220250408
0100029213196010646120000000000230983020250408
0100029214196046714910000000000218735920250408
0100029216196046677440000000000246197820250408
0100029217196046653560000000000267000820250408
0100029218196046638780000000000254881420250408
0100029219196046634950000000000295796220250408
0100029222196046733400000000000434519020250408
0100029223196046669370000000000236469520250408
0100029224196046671950000000000254631420250408
0100029225196044981880000000000132679120250408
0100029226196041569450000000000123516920250408
0100029230196024606590000000000226174620250408
0100029235196046493330000000000282071120250408
0100029236196046532050000000000269959320250408
0100029237196046643600000000000262297520250408
0100029240196046483270000000000285346220250408
0100029241196046956160000000000233977820250408
0100029244196039180490000000000224218320250408
0100029245196019438160000000000167189020250408
0100029246196046673660000000000248373520250408
0100029248196046668730000000000183679720250408
0100029249196046659130000000000271093020250408
0100029250196010847260000000000250597820250408
0100029251196018475030000000000224857920250408
0100029252196024005800000000000241788420250408
0100029253196046675590000000000330553820250408
0100029254196038840710000000000240538420250408
0100029255196046923610000000000298121220250408
0100029256196046670480000000000308082520250408
0100029257196046651500000000000124943920250408
0100029260196046957980000000000254881420250408
0100029261196046954350000000000229061520250408
0100029262196046990790000000000125650620250408
0100029263196046957840000000000284464120250408
0100029264196047039170000000000191777320250408
0100029265196046973610000000000254881420250408
0100029266196046997620000000000254881420250408
0100029267196046955670000000000124702020250408
0100029268196046972760000000000313746220250408
0100029269196038539100000000000261210920250408
0100029271196046993240000000000328779220250408
0100029272196047025130000000000224099520250408
0100029273196046994280000000000287354420250408
0100029274196046921150000000000232233020250408
0100029275196046923490000000000280393020250408
0100029277196046935670000000000254881420250408
0100029278196046970650000000000347094420250408
0100029279196046936850000000000254631420250408
0100029280196046995710000000000298196220250408
0100029281196002624510000000000114370120250408
0100029283196046990160000000000576367820250408
0100029284196046997010000000000250396620250408
0100029290196047239500000000002053521820250408
0100029291196047185410000000000612461020250408
0100029292196047137740000000000263692220250408
0100029294196047149450000000000382776820250408
0100029295196047167820000000000234066220250408
0100029296196047187540000000000225765520250408
0100029297196047265070000000000953679920250408
0100029298196047210310000000001445917120250408
0100029299196047212430000000000234050720250408
0100029300196047183430000000000254881420250408
0100029301196047344700000000000148098820250408
0100029303196047356640000000000180490020250408
0100029304196047355860000000000323590020250408
0100029306196047340980000000000215965020250408
0100029307196047401100000000000334390020250408
0100029308196047022930000000000323840020250408
0100029309196047384630000000000161733520250408
0100029310196047339970000000000163916120250408
0100029311196047384910000000000141566520250408
0100029312196033246050000000000161645020250408
0100029313196047364460000000000166457920250408
0100029315196047382830000000000170201920250408
0100029316196022156800000000000205415020250408
0100029318196047387860000000000123926820250408
0100029319196047343480000000000125875720250408
0100029320196047455100000000000450815020250408
0100029321196047378410000000000188128920250408
0100029322196047373800000000001286404120250408
0100029323196047336470000000000118548820250408
0100029325196047359040000000000180115020250408
0100029326196047458010000000000130425020250408
0100029333196047499520000000000115313820250408
0100029336196047670530000000000098708420250408
0100029337196047609120000000000121932820250408
0100029338103014195060000000000119993620250408
0100029339196047521480000000000165666120250408
0100029340196047673840000000000161215120250408
0100029341196047527630000000000161395020250408
0100029342196047407800000000000536894320250408
0100029343196047565510000000000150993220250408
0100029344196047758330000000000144650020250408
0100029345196047527270000000000121115920250408
0100029347196047560060000000000144000320250408
0100029348196047571520000000000170140020250408
0100029350196047571190000000000200449120250408
0100029351196047601870000000000108450720250408
0100029354196047842720000000000339606420250408
0100029355196047764710000000000147703920250408
0100029356196047765220000000000161145020250408
0100029358196047853430000000000150145020250408
0100029359123207747920000000000310928220250408
0100029360196048222760000000000174915020250408
0100029361196047893970000000000205415020250408
0100029362196047886390000000000330515020250408
0100029365196047908350000000000131806820250408
0100029366196047998710000000000215715020250408
0100029368196037178030000000000180740020250408
0100029369196048032130000000000180740020250408
0100029370196048021650000000000147361220250408
0100029371196048016330000000000171365020250408
0100029372196048048710000000000109750920250408
0100029375196047924670000000000258558320250408
0100029376196048069150000000000332840020250408
0100029377196048039280000000000094295620250408
0100029378133600310240000000000144900020250408
0100029379196048053420000000000180490020250408
0100029380196048056390000000000160603120250408
0100029381196048229910000000000160018820250408
0100029382196048175710000000000177715020250408
0100029384196048276010000000000314468520250408
0100029386196048253940000000000372380420250408
0100029388196048232530000000000216383920250408
0100029389196048231130000000000286269620250408
0100029390196021213050000000000371916520250408
0100029392196048321180000000000202535520250408
0100029393196048278780000000000314218520250408
0100029394196048231960000000000329076820250408
0100029395196044834370000000000719413320250408
0100029397196043112380000000000609912520250408
0100029398196048187460000000000285852920250408
0100029400196048349350000000000314218520250408
0100029402196048330500000000000292058220250408
0100029408196048407770000000000262139120250408
0100029409196041375790000000000299858420250408
0100029411196048406450000000000304362720250408
0100029417196048409400000000000288058020250408
0100029418196048409570000000000302132820250408
0100029421196048228500000000000298034020250408
0100029422196037556550000000000185542620250408
0100029423196043642800000000000302132820250408
0100029424196036570610000000000356523720250408
0100029425196048463800000000000356523720250408
0100029426196048454930000000000356523720250408
0100029427196048457840000000000437526720250408
0100029428196048507970000000000314468520250408
0100029429196048494260000000000276682320250408
0100029430196048530750000000000610162520250408
0100029431196048538150000000000286970320250408
0100029432196048513590000000000314468520250408
0100029433196048508790000000000237626120250408
0100029434108103416880000000000116825820250408
0100029435196043429520000000000113708920250408
0100029440196049001970000000000213008820250408
0100029441196048847640000000000436286820250408
0100029443196048785270000000000548673020250408
0100029444196048963710000000001419761020250408
0100029447196048945250000000000264423120250408
0100029448196049055860000000000495358020250408
0100029449196048836820000000000314468520250408
0100029451196048849690000000000262044120250408
0100029452196048874740000000000314468520250408
0100029453196048937100000000000334468520250408
0100029454196048859050000000000314468520250408
0100029455196048887160000000000294390020250408
0100029456196048866720000000000314218520250408
0100029457196048719030000000000657267320250408
0100029458196048963380000000000228488520250408
0100029459196048895600000000000503195620250408
0100029460196040506820000000000362107420250408
0100029461196048941980000000000314468520250408
0100029463196008863130000000000335645020250408
0100029464196047500390000000000392525220250408
0100029465196048769920000000000342337220250408
0100029467196048965610000000000298358420250408
0100029479196048806760000000000286657220250408
0100029481196048874930000000000343158720250408
0100029483196049103370000000000301083720250408
0100029484196032030720000000000591191820250408
0100029485196049117070000000000352166520250408
0100029486196049067500000000000242191420250408
0100029487196049072670000000000284966920250408
0100029488196049028700000000000266050220250408
0100029489196049149090000000000318402420250408
0100029490196049066520000000000292492020250408
0100029492196049155700000000000314468520250408
0100029493196049179220000000000445120020250408
0100029494196037669620000000000232197620250408
0100029495196049099110000000000427394720250408
0100029496196048787400000000000579189720250408
0100029497196049061950000000000479879320250408
0100029498196049174220000000000415103420250408
0100029501196049438740000000000179865020250408
0100029502196049445530000000000155764320250408
0100029504196049428060000000000161645020250408
0100029506196049489170000000000141893920250408
0100029507124044683050000000000139302920250408
0100029508196049440390000000000310545020250408
0100029510196049445260000000000009204520250408
0100029511196049332180000000000179865020250408
0100029512196022020230000000000138155120250408
0100029513196016208000000000000118185720250408
0100029514196049310270000000000140316520250408
0100029515196049210770000000001294910020250408
0100029517196049307760000000000074553720250408
0100029518196049069940000000000177715020250408
0100029519196049478430000000000180723720250408
0100029521196049325260000000000323590020250408
0100029524196049703180000000000122800120250408
0100029528196049566490000000000182865020250408
0100029530196049580400000000000161645020250408
0100029531196049646740000000000159745020250408
0100029532196049627800000000000139650020250408
0100029534196049664480000000000373590020250408
0100029535196049561530000000000161395020250408
0100029536196029476130000000000161395020250408
0100029537196049560710000000000141893920250408
0100029538196049613120000000000158212720250408
0100029540196033224700000000000107887620250408
0100029542196049702930000000000185909120250408
0100029543196029765240000000000181645020250408
0100029544196049600820000000000171365020250408
0100029545196049662980000000000150145020250408
0100029546196005654300000000000134367220250408
0100029547196044864840000000000137244320250408
0100029548196025338810000000000085466820250408
0100029549196044216290000000000125898320250408
0100029550196049309660000000000061700320250408
0100029551196049934030000000000178232920250408
0100029552196049839430000000000228449320250408
0100029553196035390070000000000149091020250408
0100029554196049824130000000000160227820250408
0100029555196049828640000000000161395020250408
0100029557196049892140000000000141257520250408
0100029568196050121400000000000172761120250408
0100029572196050020790000000000142143920250408
0100029573196050034330000000000164107020250408
0100029574196050065610000000000161645020250408
0100029575196050045160000000000141566520250408
0100029577196050019030000000000137370220250408
0100029578196050077430000000000161645020250408
0100029579196050069280000000000114946820250408
0100029580196032791190000000000161645020250408
0100029582196050074020000000000041464920250408
0100029583196050070860000000000188012920250408
0100029584196050009020000000000997270020250408
0100029585196050032980000000000080912120250408
0100029586196050070100000000000065496720250408
0100029587196049959070000000000150145020250408
0100029588196050064850000000000118790820250408
0100029589165000098810000000000108578820250408
0100029590196050013030000000000152667020250408
0100029591196050116680000000000181865020250408
0100029592196050047020000000000153256920250408
0100029593196039276350000000000103050920250408
0100029594196050051210000000000121808220250408
0100029595196037314210000000000437387520250408
0100029596196028520380000000000142840620250408
0100029597124201699830000000000526601420250408
0100029598196041183770000000000106069820250408
0100029600196049944260000000000167022320250408
0100029602196049953470000000000149337320250408
0100029604196050214580000000000166782320250408
0100029608196050219150000000000161645020250408
0100029609196049906600000000000202865020250408
0100029610196004206420000000000139900020250408
0100029611196038380430000000000125411420250408
0100029612196039821690000000000193390020250408
0100029613196050185620000000000131922720250408
0100029614196050207910000000000097596820250408
0100029615196023335130000000000139900020250408
0100029616196004604390000000000169890020250408
0100029617196049999170000000000179586620250408
0100029618196050037110000000000227968120250408
0100029619196050222690000000000268590020250408
0100029620196050172530000000000160895020250408
0100029621196050219730000000000401462520250408
0100029623196050258500000000000161645020250408
0100029624196050185550000000000145517020250408
0100029628196050267550000000000111572720250408
0100029632196050448950000000000118260220250408
0100029635196050349580000000000090252820250408
0100029636196050448750000000000110968420250408
0100029637196050376550000000000160645020250408
0100029638196050481710000000000150145020250408
0100029639196050371740000000000072326620250408
0100029640196050389450000000000140814320250408
0100029641196030596180000000000092274520250408
0100029642196050463550000000000098383320250408
0100029643196050443620000000000130146620250408
0100029644196050476200000000000161395020250408
0100029645196050571100000000000149895020250408
0100029646196050433460000000002412527920250408
0100029647196050563140000000000095693720250408
0100029649196049150220000000000193915020250408
0100029650196050463620000000000133884020250408
0100029651196050515820000000000144650020250408
0100029652196044383940000000000097740320250408
0100029654196050431580000000000135200020250408
0100029655196050663780000000001402431720250408
0100029656196050663640000000000364981720250408
0100029657196037977250000000000175775820250408
0100029658196050616610000000000181415020250408
0100029659196050646750000000000185496820250408
0100029661196037693020000000000170305220250408
0100029662196050592970000000000126381120250408
0100029663196050621730000000000147905620250408
0100029664196050645450000000000053155820250408
0100029665196050611190000000000323590020250408
0100029666196050643990000000000174336720250408
0100029669196050597600000000000336065020250408
0100029670166000675800000000000189154320250408
0100029671196050623040000000000195035220250408
0100029672196050601060000000000161645020250408
0100029673196050608270000000000141870720250408
0100029674196050638400000000000161645020250408
0100029675196050513680000000000224040020250408
0100029676196050596780000000000105576320250408
0100029677196050370070000000000170640320250408
0100029678196050613810000000000160645020250408
0100029679196050596640000000000161645020250408
0100029680196050610630000000000180365020250408
0100029682196050586830000000000966520020250408
0100029683196050684410000000000875860020250408
0100029684196050772480000000000146837120250408
0100029685196050733440000000000144366220250408
0100029686196050883250000000000154502720250408
0100029688196050881120000000000134366820250408
0100029689196050945110000000000251940020250408
0100029690196043128390000000000139234720250408
0100029691196050834940000000000201689220250408
0100029692196050972630000000000138900020250408
0100029693196050835930000000000246288020250408
0100029694196050873590000000000130729320250408
0100029695196050838420000000000229292420250408
0100029699196050873640000000000058433720250408
0100029700196050760780000000000161645020250408
0100029704196049070760000000000445122920250408
0100029705196050862290000000000161645020250408
0100029711196045243290000000000102949920250408
0100029713196051021310000000000150145020250408
0100029714196051032480000000000150145020250408
0100029715196050563730000000001247300120250408
0100029716196051117520000000000204848220250408
0100029717196051050030000000000941835020250408
0100029718196036059000000000000089401820250408
0100029719196051074530000000000174528420250408
0100029721196051055790000000000149895020250408
0100029722196051022600000000000177152720250408
0100029723196051046520000000000150145020250408
0100029724196028829700000000000161645020250408
0100029725196051066090000000000126806520250408
0100029726196051017660000000000141170420250408
0100029727196051111250000000000244215020250408
0100029729196051055020000000000323840020250408
0100029730196050898040000000000161645020250408
0100029731196003882450000000000161645020250408
0100029732196051050040000000000161645020250408
0100029734196051014020000000000068598520250408
0100029735196051075110000000000112236020250408
0100029736196014602620000000000215708920250408
0100029739196051069220000000000119976120250408
0100029740196039073040000000000139900020250408
0100029741196046880880000000000241848620250408
0100029743196051258530000000000260285020250408
0100029744196051278150000000000135042820250408
0100029745196010042310000000000130755320250408
0100029746196019444940000000000161395020250408
0100029747196051279170000000000034765120250408
0100029748196051222680000000000279779720250408
0100029749196051330120000000000181865020250408
0100029750196043627530000000000155709020250408
0100029751196051326800000000000259290220250408
0100029752132004306250000000000161395020250408
0100029753196051097750000000000304515020250408
0100029754196051349970000000000138258320250408
0100029755196012848800000000000177382120250408
0100029756196051263690000000000150145020250408
0100029757196051268490000000000215715020250408
0100029760196051399610000000000143696120250408
0100029761196051493670000000000125112820250408
0100029762196007918740000000000161645020250408
0100029764196051437950000000000337542220250408
0100029766196051438480000000000177331420250408
0100029767196051434230000000000184712920250408
0100029768196051483330000000000144594820250408
0100029769196051492240000000000239870120250408
0100029770196051308550000000000260927820250408
0100029771196051398390000000000145604820250408
0100029772196051413330000000000161395020250408
0100029773196051529130000000000148348820250408
0100029774196051527680000000000121869920250408
0100029776196051626990000000000161395020250408
0100029777196051626650000000000139900020250408
0100029779196051628800000000000215965020250408
0100029781196051625280000000000149425020250408
0100029783196051625460000000000161645020250408
0100029784196051649580000000000110929220250408
0100029785196051627900000000000078710820250408
0100029787196051625560000000000161645020250408
0100029791124024331380000000000092530020250408
0100029792196051741400000000000304440020250408
0100029796196051688840000000000156995020250408
0100029800196051593890000000000158717420250408
0100029801196051597330000000000177465020250408
0100029802196051601480000000000177715020250408
0100029803196051545090000000000159293520250408
0100029804196051849350000000000177465020250408
0100029805196051537970000000000158717420250408
0100029806196051590590000000000177715020250408
0100029807196051626290000000000149425020250408
0100029810196051792540000000000135495820250408
0100029811196051824270000000000279937420250408
0100029812196051770450000000000233265020250408
0100029813196051818460000000000140086520250408
0100029814196051840780000000000141479120250408
0100029815196051548940000000000096528920250408
0100029816196051870470000000000093762820250408
0100029817196051756460000000000159787020250408
0100029818196030339230000000000161645020250408
0100029819196051655050000000000266070520250408
0100029820196051763670000000000161395020250408
0100029821196051794190000000000164328120250408
0100029823196051828250000000000161645020250408
0100029824196051801650000000000191081020250408
0100029826196051870580000000000175595820250408
0100029827196051607490000000000145393520250408
0100029829196051788930000000000107111820250408
0100029830196051760650000000000057468020250408
0100029831196051869020000000000161395020250408
0100029832196043735810000000000181645020250408
0100029835196051839740000000000150145020250408
0100029836196051872170000000000283316520250408
0100029837196051950670000000000161645020250408
0100029838196051889690000000000144553220250408
0100029839196051994540000000000161395020250408
0100029840196051868860000000000149145020250408
0100029841196052107400000000000495440020250408
0100029843196052069640000000000180115020250408
0100029845196051920190000000000160645020250408
0100029846196051886880000000000130274220250408
0100029847196051934400000000000161645020250408
0100029848196051945490000000000477115020250408
0100029849196051994920000000000472643120250408
0100029850196051934540000000000161395020250408
0100029851196051897880000000000127442920250408
0100029852196051900090000000000141168920250408
0100029853196052425100000000000140950720250408
0100029855196051897750000000000144662920250408
0100029856196052146230000000000148759320250408
0100029857196018612250000000000161645020250408
0100029858196049019470000000000291058220250408
0100029863196052070920000000000119909220250408
0100029867196052141970000000000166537020250408
0100029868196052098150000000000194965020250408
0100029870196052134190000000000184444620250408
0100029871196052293270000000000133806620250408
0100029872196052292730000000000090526820250408
0100029874196052143930000000000144883620250408
0100029875196052177130000000000161645020250408
0100029876196052159790000000000269121820250408
0100029877116206857710000000000034523920250408
0100029878196052315340000000000155870020250408
0100029898196035726510000000000091391520250408
0100029899109010732980000000000194965020250408
0100029900196052311480000000000139852820250408
0100029902196038316250000000000681160020250408
0100029904196052437610000000000170847920250408
0100029905196052493520000000001006545020250408
0100029906196052396040000000000149895020250408
0100029907196052099390000000000251690020250408
0100029908196052367930000000000161645020250408
0100029913196049948030000000000094461220250408
0100029915196052576510000000000037521620250408
0100029916196052601580000000000140200720250408
0100029917196052587730000000000134850820250408
0100029918196052582780000000000161645020250408
0100029919196052637800000000000299590020250408
0100029921196052637520000000000233265020250408
0100029923196052432830000000000233265020250408
0100029924196052747400000000000163965020250408
0100029925196052532330000000000762160020250408
0100029926196052582590000000000161645020250408
0100029927196052643070000000000100125420250408
0100029931196048106890000000000072492320250408
0100029932196048175410000000000195156020250408
0100029933196049510580000000000073769220250408
0100029934166000622840000000000105440420250408
0100029935196048479750000000000160495020250408
0100029936196048106880000000000143400020250408
0100029937196048106410000000000142500020250408
0100029938196048105810000000000119784720250408
0100029940196050279370000000000136177020250408
0100029941196049806190000000000100111420250408
0100029946196041776030000000000128587720250408
0100029947196052953570000000000166290020250408
0100029948196052540490000000000149895020250408
0100029949196049830750000000000133000220250408
0100029950196048105900000000000117268820250408
0100029951196052877810000000002705919220250408
0100029952196052534780000000000161395020250408
0100029953196052753360000000000149995520250408
0100029955196052796750000000000316408920250408
0100029956196052776520000000000370851520250408
0100029957196052759510000000000226345220250408
0100029958196040785500000000000099736120250408
0100029960196052759600000000000272057420250408
0100029961196052622930000000000161395020250408
0100029962196052794390000000000161645020250408
0100029963196052431420000000000681160020250408
0100029964196052745570000000000161645020250408
0100029965196051710570000000000144425720250408
0100029966196036292550000000000161395020250408
0100029967196051672870000000000219366020250408
0100029968196052763450000000000124325120250408
0100029969196019389920000000000128532020250408
0100029971196052840040000000000251940020250408
0100029975196052895480000000000140580720250408
0100029978196052912450000000000118254920250408
0100029984196052758560000000000177715020250408
0100029985196052750830000000000159233320250408
0100029986196052752200000000000177715020250408
0100029987196052711740000000000177715020250408
0100029988196052763090000000000177715020250408
0100029989196037552190000000000058727520250408
0100029990196053037970000000000111184120250408
0100029991196052957110000000000155364120250408
0100029992196053140910000000000161645020250408
0100029993196052981070000000000028685920250408
0100029994196053001640000000000161395020250408
0100029995196052978270000000000161395020250408
0100029996196052979920000000000117063820250408
0100029997196053110450000000000161061720250408
0100029998196052958070000000000121210020250408
0100029999196053036150000000000181415020250408
0100030000196052992750000000000161395020250408
0100030001196042826030000000000161645020250408
0100030002196052962460000000000157670020250408
0100030003196053105180000000000129479420250408
0100030004196052874470000000000122774920250408
0100030005196053107780000000000161395020250408
0100030006196052356250000000000131087120250408
0100030007196052996830000000000161395020250408
0100030008196037192410000000000161645020250408
0100030009196053110360000000000137213920250408
0100030010196053011710000000000110061720250408
0100030011196053110270000000000143711120250408
0100030012196053032600000000000161395020250408
0100030014196046854230000000000175376420250408
0100030015196050281730000000000117739720250408
0100030016196048656550000000000258119920250408
0100030017196030281880000000000125920920250408
0100030018196053140580000000000135415620250408
0100030019196053112010000000000161645020250408
0100030020196053215070000000000139900020250408
0100030021196053293450000000000193770020250408
0100030023196053182890000000000140301820250408
0100030025196053187990000000000208340020250408
0100030026196023582640000000000065086720250408
0100030027196053412790000000000080353320250408
0100030028196053234340000000000232265020250408
0100030029196053195930000000000180115020250408
0100030032196052835350000000000288740020250408
0100030034196053306450000000000086279120250408
0100030038196053463320000000000161645020250408
0100030042196053530410000000000134026120250408
0100030043102310830390000000000144900020250408
0100030044196053471080000000000161645020250408
0100030045196053413660000000000113989720250408
0100030046196053458230000000001160720020250408
0100030047196053327930000000001070659620250408
0100030048196053357100000000000179245120250408
0100030049196023178240000000000202065020250408
0100030053196053703670000000000118113420250408
0100030056196053323670000000000165870020250408
0100030057196051539470000000000143446120250408
0100030063196053670960000000000079500020250408
0100030072196053688590000000000177715020250408
0100030073196053597980000000000177715020250408
0100030074196053629280000000000177715020250408
0100030075196053640290000000000155554720250408
0100030076196053834390000000000194965020250408
0100030077196053814240000000000141838220250408
0100030078196009969100000000000174639520250408
0100030079196013505380000000000144650020250408
0100030081196053841200000000000161645020250408
0100030082196053796360000000000161645020250408
0100030083196053835470000000000129700720250408
0100030084196053737170000000000997560020250408
0100030085196053950820000000000164987820250408
0100030086196053953340000000000175270720250408
0100030087196053948070000000000176236820250408
0100030088196054119340000000000085795520250408
0100030092196053953120000000000802685520250408
0100030093196044534490000000000164190620250408
0100030094196053839030000000000161645020250408
0100030095196043515450000000000144650020250408
0100030096196053295330000000000267140020250408
0100030097196053810850000000000160645020250408
0100030098196051821840000000000195215020250408
0100030100196053969650000000000161395020250408
0100030101196053919770000000000098954420250408
0100030102196053794090000000000116385320250408
0100030103196053875610000000000161645020250408
0100030105196054109100000000000142955320250408
0100030106196053800010000000000165632120250408
0100030107196053918510000000000240501720250408
0100030108196002432980000000000176793520250408
0100030109196053805240000000000161395020250408
0100030111196053799640000000000194215020250408
0100030112196053803260000000000160395020250408
0100030113196053628340000000000656838820250408
0100030120196046736090000000000216905020250408
0100030122196053914250000000000251940020250408
0100030123196029808230000000000228542920250408
0100030124196053913670000000000092123120250408
0100030150196053916570000000000233640020250408
0100030152196054134540000000000251690020250408
0100030153196054865570000000000250690020250408
0100030154196054129360000000000250690020250408
0100030156196054167060000000000185215020250408
0100030157196054760790000000000108776120250408
0100030158196054569710000000000307663020250408
0100030159196054872260000000000213320720250408
0100030160196054729720000000000139900020250408
0100030161196054065170000000000167140020250408
0100030168196030974230000000000099704820250408
0100030169196054963270000000000110439220250408
0100030170196045516520000000000147350020250408
0100030171103107934140000000000232483020250408
0100030174196054905870000000000140564320250408
0100030176196055132320000000000155374420250408
0100030177196054978170000000000233015020250408
0100030180196055257760000000000149895020250408
0100030187196055121920000000000128671720250408
0100030189196055364380000000000161645020250408
0100030191196055481540000000000251940020250408
0100030192196055378930000000000157992220250408
0100030193196055398950000000000149593020250408
0100030194196055364690000000000125441720250408
0100030195196055398690000000000161645020250408
0100030196196055407680000000000409535520250408
0100030197196051528400000000000161645020250408
0100030198196045395660000000000055401720250408
0100030199196055189510000000000229529720250408
0100030200196055400520000000000161645020250408
0100030201196055500930000000000380050320250408
0100030202196055370560000000000640045820250408
0100030203196055380550000000000408090020250408
0100030204196055379690000000000126309520250408
0100030205196055397190000000000123214020250408
0100030207196020679190000000000060452520250408
0100030215196055464450000000000121346720250408
0100030222196055405500000000000143961120250408
0100030223196055642550000000000035981820250408
0100030225196055440690000000000141257520250408
0100030226196055398250000000000161284420250408
0100030227196055483080000000000194290020250408
0100030228196055637070000000000112056720250408
0100030229196055160670000000000326665020250408
0100030230196055557300000000000161645020250408
0100030231196055516080000000000161645020250408
0100030232196055644270000000000185845720250408
0100030233196055556650000000000146132820250408
0100030234196055595920000000000144900020250408
0100030236196055517200000000000149895020250408
0100030238196055670040000000000161645020250408
0100030239196055556570000000000140785920250408
0100030240196029158830000000000124438720250408
0100030242196055511310000000000149895020250408
0100030252196055882220000000000161395020250408
0100030253196055769330000000000251940020250408
0100030254196055795800000000000114798120250408
0100030255196055692800000000000181395020250408
0100030256196055827430000000000148584520250408
0100030257196055834660000000000194965020250408
0100030258196055631030000000000160395020250408
0100030259196055691760000000000181395020250408
0100030260196055921230000000000095941720250408
0100030261196055811990000000000251690020250408
0100030262196055811970000000000194165020250408
0100030264196055770680000000000126468420250408
0100030265196055831460000000000147040120250408
0100030266196055667000000000000141450720250408
0100030267196055871290000000000161645020250408
0100030268196055623620000000000161645020250408
0100030270196055731970000000000124655320250408
0100030271196055819230000000000161645020250408
0100030273196055765640000000000141051820250408
0100030274196055659270000000000161645020250408
0100030275196055778910000000000139900020250408
0100030276196055810970000000000155315020250408
0100030280196055839120000000000164994020250408
0100030282196056029070000000000114780520250408
0100030283196055947450000000000172940020250408
0100030286196056138630000000000175306720250408
0100030287196055287770000000000102828620250408
0100030288196056134080000000000527108820250408
0100030289196055972730000000000194965020250408
0100030290196056146820000000000161395020250408
0100030291196056135850000000000130532220250408
0100030292196055952380000000000146576020250408
0100030293196055948850000000000141257520250408
0100030294196056042280000000000250940020250408
0100030296196056026670000000000195215020250408
0100030297196056028240000000000161645020250408
0100030298196056146980000000000140725720250408
0100030302196056189580000000004420470020250408
0100030306196041277270000000000068017220250408
0100030307196009295120000000000108054020250408
0100030308196056224610000000000240056620250408
0100030309196004804320000000000137143120250408
0100030311196056234760000000000308021420250408
0100030312196056193810000000000110757520250408
0100030313106101530670000000000144650020250408
0100030316196056216150000000000247451920250408
0100030317196056199600000000000192590020250408
0100030318196056245020000000000251940020250408
0100030319196056202350000000000149105920250408
0100030320196056301710000000000349515020250408
0100030321196056276160000000000251940020250408
0100030322196050085570000000000088169820250408
0100030323196056175850000000000129229220250408
0100030324196040604970000000000152995020250408
0100030325196056235440000000000349265020250408
0100030327196055691680000000000141675020250408
0100030329196056454970000000000039461720250408
0100030330196056304760000000000161645020250408
0100030331196056498970000000000378665020250408
0100030332196056532660000000000138820520250408
0100030333196056461940000000000140568620250408
0100030334196056538700000000000181415020250408
0100030335196056511230000000000161645020250408
0100030336196056351780000000000161645020250408
0100030337196056450390000000000093339820250408
0100030338196052200930000000000117241320250408
0100030339196056238290000000000143738420250408
0100030340196049076820000000000161645020250408
0100030341196056400550000000000161645020250408
0100030342196056008480000000000161395020250408
0100030343196056574400000000000155803120250408
0100030344196056369890000000000240915020250408
0100030345196056257980000000000161645020250408
0100030346196056500510000000000161645020250408
0100030347196056289620000000000161645020250408
0100030352196055867330000000000140617520250408
0100030354196056289500000000000251940020250408
0100030355196055381980000000000171936820250408
0100030356196036876740000000000190190020250408
0100030357196055950610000000000145245120250408
0100030360196056170840000000000185315020250408
0100030361196056146930000000000303865020250408
0100030362196056133370000000000153836820250408
0100030365196056147100000000000304115020250408
0100030368196054780390000000000158967420250408
0100030369196056275250000000000162202820250408
0100030370196056276440000000000177715020250408
0100030371123207705500000000000090570420250408
0100030372196056394450000000000177715020250408
0100030373196056296410000000000157520720250408
0100030374196056305610000000000177465020250408
0100030384196056718310000000000161645020250408
0100030385196056772150000000000349765020250408
0100030386196056751260000000000132132420250408
0100030387196056701340000000000161645020250408
0100030388196056669150000000000161645020250408
0100030389196044013910000000000145800920250408
0100030390196056693750000000000110455220250408
0100030391196056655720000000000202009820250408
0100030392196056272780000000000264956820250408
0100030393196056652020000000000150529520250408
0100030394196056492490000000000161645020250408
0100030395196056564620000000000161645020250408
0100030397196039477360000000000144900020250408
0100030402196056751540000000000045602620250408
0100030403196046704710000000000151745020250408
0100030407196022657260000000000105459220250408
0100030408196056856050000000000229529720250408
0100030410196056838280000000000127927520250408
0100030411196056897680000000000120683020250408
0100030412196056805350000000000161645020250408
0100030413196056915520000000000195215020250408
0100030414196056732170000000000181395020250408
0100030416196056591500000000000223551620250408
0100030417196056943370000000000152745020250408
0100030418196056891640000000000148177920250408
0100030420196056912120000000000181165020250408
0100030421196056957940000000000518226920250408
0100030422196056961420000000000034473220250408
0100030423196056849040000000000318515020250408
0100030424196056889140000000000323840020250408
0100030426196056814750000000000125376320250408
0100030427196056910480000000000095897720250408
0100030429196010452110000000000234498720250408
0100030430196031507700000000000116890020250408
0100030431196056534000000000000233265020250408
0100030438196057259810000000000161395020250408
0100030439196056914720000000000144094020250408
0100030440196057092010000000000151367920250408
0100030441196057017030000000001119833120250408
0100030443196057011100000000001248622520250408
0100030444196057136290000000000180665020250408
0100030445196057020750000000000161645020250408
0100030447196057328390000000000141675020250408
0100030448196057082870000000000161645020250408
0100030449196057122860000000000273940020250408
0100030450196057257960000000000161395020250408
0100030451196052435820000000000127117120250408
0100030452196056909760000000000296136220250408
0100030454196049480170000000000037380520250408
0100030455196051418040000000000128292120250408
0100030456196057224100000000000918635020250408
0100030457196056824080000000000161645020250408
0100030458196057026180000000000100443220250408
0100030459196057218050000000000123253520250408
0100030460196057317490000000000187792720250408
0100030461196057287660000000000123195020250408
0100030462196057244900000000000141619920250408
0100030463196057029230000000000146104420250408
0100030464196057257620000000000325788820250408
0100030465196050171380000000000116108920250408
0100030466196057084030000000000140725720250408
0100030468196056893710000000000134957020250408
0100030470196049349100000000000161645020250408
0100030472196056860290000000000158645020250408
0100030473196057136160000000000251940020250408
0100030479196057131700000000000177715020250408
0100030481196057680630000000000171332520250408
0100030482196057114160000000000153298820250408
0100030484196057423160000000000225691320250408
0100030485196057449650000000000246550420250408
0100030486196057353500000000000245550420250408
0100030487196057453740000000000225340220250408
0100030488196057500540000000000382776820250408
0100030489196057577880000000000405425220250408
0100030490196057447280000000000246550420250408
0100030491196057410440000000000253742020250408
0100030492196057510950000000000196575620250408
0100030493196057575020000000000223461920250408
0100030494196057551390000000000364036920250408
0100030495196057450860000000000218681520250408
0100030496196057504860000000000246550420250408
0100030497196057081640000000000223696320250408
0100030498196057276680000000000246550420250408
0100030499196015714980000000000174281820250408
0100030501196057410940000000000231259820250408
0100030502196057573200000000000226169320250408
0100030503196057555150000000000229263420250408
0100030504196057507800000000000246550420250408
0100030505196057408510000000000246550420250408
0100030506196056898530000000000237576420250408
0100030507196057517230000000000225340220250408
0100030508196057409580000000000246550420250408
0100030510196055914420000000000246550420250408
0100030511196057408580000000000246550420250408
0100030512196057551400000000000375605020250408
0100030513196057511750000000000228999420250408
0100030515196047707730000000000275677820250408
0100030516196057536970000000000297871220250408
0100030517196057665820000000000250994320250408
0100030518196057467110000000000246300420250408
0100030519196013745950000000000226606120250408
0100030520196057615260000000000195347320250408
0100030521196057619300000000000526367820250408
0100030522196057633390000000000246550420250408
0100030523196058174050000000000226340220250408
0100030525196057724720000000000170941820250408
0100030526196057709550000000000222371820250408
0100030527196057756340000000000382776820250408
0100030528196057038710000000000246550420250408
0100030531196057667850000000000382776820250408
0100030532196057633710000000000207195720250408
0100030533196057782550000000000239208520250408
0100030534196057503890000000000233601620250408
0100030542196057644760000000000195237220250408
0100030559124801649040000000000176440020250408
0100030560196058002880000000000144650020250408
0100030565196057940490000000000246300420250408
0100030567196057322710000000000225691320250408
0100030568196005258550000000000189305820250408
0100030569196057936970000000000297871220250408
0100030571196057887890000000000526117820250408
0100030572196058004340000000000228754620250408
0100030573196057765560000000000433195620250408
0100030574196057928760000000000230821420250408
0100030575196057862860000000000602489520250408
0100030576196057865630000000000246550420250408
0100030577196057535130000000000246550420250408
0100030578196057638160000000000246550420250408
0100030579196057885920000000000553146520250408
0100030584196058006040000000000135235120250408
0100030586196058019560000000000135353520250408
0100030587196058042640000000000281667620250408
0100030589196058186610000000000700062220250408
0100030590196057722060000000000235749920250408
0100030591196058128990000000000050860820250408
0100030592196058022290000000000174870020250408
0100030594196058294600000000000323840020250408
0100030595196057712820000000000160790720250408
0100030596196058021380000000000154620020250408
0100030597196058187910000000000110719720250408
0100030598196058213140000000000118755120250408
0100030599196057850770000000000274840020250408
0100030600196058184550000000000151278520250408
0100030601196058185860000000000564411920250408
0100030603196058055790000000000136028320250408
0100030605196057796510000000000247340020250408
0100030606196058151130000000000164590020250408
0100030608196058066060000000000149870020250408
0100030609196058054530000000000144138320250408
0100030610196057731850000000000154620020250408
0100030611196058203800000000000130476320250408
0100030612196057023630000000000169290020250408
0100030613196058186140000000001051020020250408
0100030614196058125620000000000140038120250408
0100030615196057722700000000000134659820250408
0100030616196058031980000000000174870020250408
0100030617196058036190000000000307765020250408
0100030618196058185660000000000139240720250408
0100030619196058184260000000000078748520250408
0100030620196057851380000000000460173320250408
0100030666196057766080000000000154870020250408
0100030667196055368410000000000058099920250408
0100030668196058249150000000000154870020250408
0100030669196058545430000000000123526420250408
0100030671196058347290000000000134571120250408
0100030672196058375770000000000000000020250408
0100030673196058312580000000000127083420250408
0100030674196058420780000000000146615220250408
0100030675196058287240000000000139357820250408
0100030676196058360520000000000140434320250408
0100030682196058544340000000000129006920250408
0100030683196056682080000000000110662420250408
0100030684196058460780000000000457365020250408
0100030685196058487770000000000139900020250408
0100030686196058401550000000000150870020250408
0100030687196058402800000000000153870020250408
0100030688196058331160000000000154870020250408
0100030690196058722050000000000740025520250408
0100030691196058541340000000000154870020250408
0100030692196058569190000000000169590020250408
0100030693196050454760000000000140055820250408
0100030695196058635260000000000154620020250408
0100030696196058551590000000000149370020250408
0100030697196049990480000000000121449620250408
0100030699196058384550000000000164590020250408
0100030704196058761790000000000118316220250408
0100030710196058662480000000000154620020250408
0100030711196048816220000000000150145020250408
0100030712196058826470000000000241060020250408
0100030713196058705810000000000134260920250408
0100030715196046780720000000000154870020250408
0100030716196058727570000000000154620020250408
0100030717196058761340000000000418848920250408
0100030719196058758110000000000211719620250408
0100030720196058674550000000000154870020250408
0100030721196058256640000000000154620020250408
0100030723196058730990000000000047894320250408
0100030725196058720670000000000154870020250408
0100030726196058240530000000000201983920250408
0100030727196058754310000000000154870020250408
0100030728196056989130000000000154870020250408
0100030729196058666530000000000154870020250408
0100030730196058752570000000000139551020250408
0100030731196058708030000000000154870020250408
0100030732196058709380000000000154870020250408
0100030734196058766160000000000412340020250408
0100030735196056549950000000000108332020250408
0100030746196058859570000000001111491620250408
0100030747196058943710000000000610162520250408
0100030748196025252120000000000381816820250408
0100030749196058864950000000000318133620250408
0100030750196043885070000000000302132820250408
0100030751196058707900000000002096285620250408
0100030752196058895900000000000528181920250408
0100030753196058927230000000000237434720250408
0100030754196058858290000000000234989020250408
0100030755196058929970000000000448557520250408
0100030756196058948170000000000255366420250408
0100030757196059045260000000000545501320250408
0100030758196058864220000000000445372920250408
0100030759196058408970000000000302132820250408
0100030760196058949470000000000302382820250408
0100030763196059328640000000000582990320250408
0100030764196059217550000000000263151120250408
0100030768196058436940000000000502246920250408
0100030769196059273110000000000302382820250408
0100030770196058298580000000000302132820250408
0100030771196059339920000000000266996620250408
0100030772196059248950000000000269884620250408
0100030773196059135350000000000277755920250408
0100030774196059357420000000000308224120250408
0100030775196059202940000000000659517320250408
0100030776196059395360000000000348278820250408
0100030777196059391630000000000598266220250408
0100030778196059440150000000000302382820250408
0100030779196058943910000000000302382820250408
0100030781196058000190000000000197891920250408
0100030782196059225420000000000958605620250408
0100030783196059218380000000000387529120250408
0100030784196059123170000000000252037120250408
0100030785196059198650000000000282438520250408
0100030786196059117680000000000828194120250408
0100030787196058958860000000000302382820250408
0100030788196059230340000000000302382820250408
0100030789196059198620000000000302382820250408
0100030791196059254690000000001413340020250408
0100030792196059287560000000000276334520250408
0100030793196058711340000000000302382820250408
0100030795196059222500000000000279291420250408
0100030796196059338680000000000302382820250408
0100030797196059151610000000000275654920250408
0100030798196059353700000000000445122920250408
0100030800196059247040000000000257926720250408
0100030801196059091200000000000452837920250408
0100030809196059197030000000000302132820250408
0100030810196059657660000000000302382820250408
0100030811196059559630000000000262314420250408
0100030812196059087130000000000302382820250408
0100030813196059580350000000000302382820250408
0100030814196054512150000000000144650020250408
0100030815196039565970000000000259892720250408
0100030816196059545790000000000302382820250408
0100030817196059524530000000000270185920250408
0100030819196057569160000000000228754620250408
0100030820196058939090000000000284698920250408
0100030821196036070410000000000124581020250408
0100030822196059631690000000000287003520250408
0100030824196059541910000000000302382820250408
0100030825196008942380000000000302382820250408
0100030826196052897730000000000164650020250408
0100030827196059575540000000000302382820250408
0100030828196058594640000000000302132820250408
0100030829196059563730000000000302382820250408
0100030830196059544650000000000286870620250408
0100030831196059548460000000000302382820250408
0100030832196059511230000000000313278820250408
0100030834196058890760000000000305728920250408
0100030835196059203330000000000320191520250408
0100030836196059198200000000000320191520250408
0100030837196059183680000000000319941520250408
0100030838196059219330000000000320191520250408
0100030842196059656470000000000296466320250408
0100030851196059763270000000000287003520250408
0100030852196059846020000000000302382820250408
0100030853196059438400000000000284315520250408
0100030854196059656400000000000302132820250408
0100030855196059431700000000000275654920250408
0100030856196059768480000000000260142720250408
0100030857196059419770000000001046624620250408
0100030858196059815460000000001413590020250408
0100030860101022046130000000000927708320250408
0100030861196048508820000000000302382820250408
0100030862196059342180000000000302382820250408
0100030863196059851910000000000302382820250408
0100030864196059772780000000000248281420250408
0100030866196059888620000000000288971520250408
0100030867196059845400000000000338427320250408
0100030869196006818970000000000482656920250408
0100030870196059813970000000000444122920250408
0100030871196059795460000000000284574220250408
0100030872196059565710000000000282188520250408
0100030873196059278060000000000301882820250408
0100030874196032056030000000000341959320250408
0100030875196059856730000000000302382820250408
0100030877196053671780000000000128183620250408
0100030878196059762210000000000302382820250408
0100030879196050446830000000000209162020250408
0100030880196059857590000000000302382820250408
0100030881196050790170000000000144900020250408
0100030882196059756560000000000283574220250408
0100030883196059846870000000000445372920250408
0100030884196059790310000000001087353020250408
0100030886196059935170000000000154270020250408
0100030887196059865240000000000154870020250408
0100030889196059625600000000000117294420250408
0100030890196059919870000000000154870020250408
0100030891196060024480000000000162123520250408
0100030893196060024770000000000137400520250408
0100030894196059935610000000000137319020250408
0100030896196059969210000000000154870020250408
0100030897196059918520000000000154870020250408
0100030901196059904340000000000154870020250408
0100030903196059966390000000000154870020250408
0100030905196059917840000000000144900020250408
0100030906196059947270000000000154870020250408
0100030907196059947950000000000138801020250408
0100030909196059939040000000000273840020250408
0100030910196060042710000000000269840020250408
0100030911196060062270000000000154870020250408
0100030912196060046430000000000153910720250408
0100030913196059577390000000000118018520250408
0100030914196059911780000000000283390020250408
0100030915196060042660000000000266506620250408
0100030916196060065030000000000137319020250408
0100030917196060149270000000000139801020250408
0100030918196059925340000000000112844620250408
0100030919196059889610000000000348528820250408
0100030936196060253520000000000154870020250408
0100030937196060127750000000000149620020250408
0100030938196059887350000000000144900020250408
0100030939196017420480000000000389065020250408
0100030940196003640660000000000407115020250408
0100030944196060240380000000000154870020250408
0100030945196060248340000000000144650020250408
0100030946128000638300000000000026628320250408
0100030951196060149500000000000180740020250408
0100030953196060153310000000000154870020250408
0100030954196059938760000000000154870020250408
0100030956196060185710000000000154870020250408
0100030957196011988640000000000154870020250408
0100030958196056778510000000000156095020250408
0100030959196060302720000000000134136220250408
0100030960196056549610000000000056296120250408
0100030961196060251950000000000270473720250408
0100030963196060350200000000000137319020250408
0100030964196057121260000000000323590020250408
0100030965196060756060000000000134526820250408
0100030966196060489700000000000324590020250408
0100030968196060363320000000000323840020250408
0100030970196060359600000000000233265020250408
0100030971196059547710000000000233265020250408
0100030972196029927990000000000140431020250408
0100030973196060251200000000000150045520250408
0100030974196060316480000000000124387820250408
0100030975196059620490000000000122075720250408
0100030976196060400180000000000154620020250408
0100030977196060356640000000000575616920250408
0100030978196060247660000000000220178120250408
0100030979196060233020000000000154620020250408
0100030980196060845060000000000134801020250408
0100030982196060339310000000000154870020250408
0100030983196060797030000000000124422720250408
0100030985196060445540000000000329260320250408
0100030987196060500260000000000126638920250408
0100030988196060364240000000000126525320250408
0100030989196060418450000000000154870020250408
0100030990196022892040000000000149620020250408
0100030992196060287630000000000164840020250408
0100030993196060251420000000000102194520250408
0100030994196060268060000000000164840020250408
0100030995196060288420000000000164840020250408
0100030996196058925700000000000164840020250408
0100031005196060549220000000000154870020250408
0100031007196060515520000000000154870020250408
0100031010196060534560000000000282590020250408
0100031013196040021430000000000133338220250408
0100031014135100116750000000000467223320250408
0100031015196060634380000000000130346620250408
0100031016196060522660000000000155645020250408
0100031017196060598080000000000154870020250408
0100031018196060519740000000000620923320250408
0100031020196060638270000000000149870020250408
0100031021196060518430000000000137400520250408
0100031022196060552470000000000132114420250408
0100031023196060523030000000000132332220250408
0100031024196060538290000000000154870020250408
0100031025196030717600000000000135244220250408
0100031026196054514840000000000133600320250408
0100031028196057212300000000000215965020250408
0100031029196060515750000000000000000020250408
0100031030196060491750000000000111025020250408
0100031031196060755870000000000154870020250408
0100031032196060800980000000000115164520250408
0100031033196060757560000000000136929220250408
0100031034196060761670000000000148786720250408
0100031035196060770340000000000154870020250408
0100031036196060794470000000000116769220250408
0100031038196060790010000000000147102320250408
0100031039196060797760000000000149870020250408
0100031040196060734910000000000134659820250408
0100031041196060771080000000000133700020250408
0100031042196060849070000000000132338620250408
0100031044196060796590000000000154620020250408
0100031045196041553000000000000108477020250408
0100031047196060720080000000000154620020250408
0100031048196060731830000000000149120020250408
0100031049196060866770000000000117233620250408
0100031052196060502920000000000174870020250408
0100031053196060768780000000000136968220250408
0100031055196060505400000000000151095620250408
0100031056196060729540000000000192290020250408
0100031057196060769330000000000154870020250408
0100031058196060861980000000000288740020250408
0100031062196060729080000000000154620020250408
0100031063196060795170000000000152870020250408
0100031064196060847110000000000159840020250408
0100031065196060672680000000000154925720250408
0100031066196060765530000000000154870020250408
0100031067196060846570000000000149870020250408
0100031068196029083000000000000159840020250408
0100031069196060558000000000000174870020250408
0100031070196060805570000000000154620020250408
0100031071196060737930000000000128915520250408
0100031072196060788440000000000149620020250408
0100031074196060844890000000000154870020250408
0100031075196061205340000000000164840020250408
0100031081196074769950000000000154120020250408
0100031092196061073200000000000124143320250408
0100031094196060398510000000000154620020250408
0100031095196061073470000000000133479820250408
0100031096196061011450000000000154620020250408
0100031097196060512900000000000125748220250408
0100031098196060634070000000000561501420250408
0100031100196060960840000000000159840020250408
0100031101196061025950000000000154870020250408
0100031102196060863220000000000951813220250408
0100031103196061075180000000000333175820250408
0100031104196058414570000000000169540020250408
0100031105196060951100000000000143900020250408
0100031106196060757640000000000154870020250408
0100031109196061612050000000000284576220250408
0100031110196061152210000000001205003620250408
0100031111196052975960000000000098293120250408
0100031112196061089410000000000154870020250408
0100031113196061088280000000000116140120250408
0100031114196061235310000000000136235820250408
0100031115196055774770000000000134780120250408
0100031118196061089230000000000154870020250408
0100031119196061124580000000000154870020250408
0100031120196061167630000000000023667420250408
0100031122196061139130000000000196141020250408
0100031123196061176540000000000192995120250408
0100031124196061137250000000000128415720250408
0100031125196061162590000000000099510420250408
0100031126196061139160000000000129881520250408
0100031127196061125780000000000154870020250408
0100031128196061016260000000000154870020250408
0100031130196061147070000000000154870020250408
0100031131196061132120000000000180490020250408
0100031132196061238140000000000060525920250408
0100031133196061144130000000000154870020250408
0100031134196061296620000000000190463620250408
0100031137196061334650000000000133103420250408
0100031138196061492420000000000180740020250408
0100031139196061806960000000000149620020250408
0100031141196061316660000000000134925720250408
0100031142196061315210000000000154870020250408
0100031143196061184930000000000137335020250408
0100031144196061319990000000000154870020250408
0100031145196061360090000000000151331320250408
0100031146196061357150000000000139579420250408
0100031147196061317470000000000154870020250408
0100031148196061308550000000000152620020250408
0100031150196061362180000000000152867320250408
0100031151101111941190000000002325270020250408
0100031152196061329320000000000164590020250408
0100031154196061356900000000000189685120250408
0100031168196061513680000000000180740020250408
0100031169196061469540000000000164817320250408
0100031170196061452720000000000201157120250408
0100031171196061472250000000000022008820250408
0100031172196061424590000000000323840020250408
0100031174196061470810000000000134454120250408
0100031175196061612950000000000269340020250408
0100031176196061494070000000000152668220250408
0100031178196061495690000000000235941320250408
0100031180196061605750000000000018359520250408
0100031181196061736450000000000154870020250408
0100031182196061392780000000000154870020250408
0100031183196061435350000000000154870020250408
0100031184196061470840000000000133803420250408
0100031185196061421810000000000154870020250408
0100031186196061873590000000000149620020250408
0100031187196061506000000000000209178520250408
0100031189196061427190000000000164840020250408
0100031192196061671460000000000154620020250408
0100031193196062078100000000000120209120250408
0100031194196062007900000000000116864320250408
0100031195196062015180000000000179490020250408
0100031197196061985150000000000233265020250408
0100031198196061925240000000000134675720250408
0100031199196061987740000000000233265020250408
0100031200196061026440000000000154870020250408
0100031201196062076130000000000141191720250408
0100031202196061878910000000000232765020250408
0100031203196061955410000000000154620020250408
0100031205196061927180000000000136891820250408
0100031206196062069150000000000154870020250408
0100031207196054782310000000000144183420250408
0100031210196062284830000000000136047620250408
0100031211196061932670000000000154870020250408
0100031225196062204410000000000148870020250408
0100031226196062355700000000000542965020250408
0100031227196020678410000000000164840020250408
0100031228196062290090000000000287387920250408
0100031229196062269820000000000154870020250408
0100031231196062316550000000000154870020250408
0100031232196062196570000000000160229120250408
0100031233196061939530000000000153870020250408
0100031234196062363130000000000164590020250408
0100031235196062231710000000000126293620250408
0100031236196062293950000000000154870020250408
0100031237196046549130000000000117326420250408
0100031238196056681600000000000172665020250408
0100031239196040253080000000000100350020250408
0100031240196060568750000000000149870020250408
0100031241128005604560000000000261897220250408
0100031242196062319000000000000338790020250408
0100031243196062286460000000000154620020250408
0100031244196062289060000000000180740020250408
0100031246196062617340000000000154870020250408
0100031248196062569050000000000159590020250408
0100031249196062362160000000000134675720250408
0100031250196030884870000000000143400020250408
0100031251196062361310000000000233015020250408
0100031252196062307090000000000202314220250408
0100031253196062511030000000000143284220250408
0100031254196062289550000000000216515020250408
0100031255196062309740000000000170245020250408
0100031257196062407190000000000135847520250408
0100031259196062188310000000000210854720250408
0100031261196062415930000000000136929920250408
0100031262196062460710000000000142296220250408
0100031263196062812240000000002206990020250408
0100031264196062469050000000000709640020250408
0100031265196062747020000000000164840020250408
0100031266196062260250000000000323590020250408
0100031267196062551520000000000856433720250408
0100031270196062434970000000000154620020250408
0100031271196062597040000000000154870020250408
0100031272196062555480000000000151425420250408
0100031273196062498830000000000112921920250408
0100031274196062437070000000000101073220250408
0100031275196062832870000000000154870020250408
0100031276196062540840000000000258790020250408
0100031277196062491500000000000323840020250408
0100031278196062597190000000000174840020250408
0100031280196062463350000000000161387620250408
0100031281196062514870000000000251940020250408
0100031282196062491480000000000154870020250408
0100031292196062701410000000000154870020250408
0100031293196002584500000000000149620020250408
0100031294196062729770000000000171315020250408
0100031295196062698560000000000154870020250408
0100031296196062751380000000000144650020250408
0100031297196062679840000000000154620020250408
0100031298196062854370000000000139801020250408
0100031299196062679220000000000143900020250408
0100031300196062743060000000000154870020250408
0100031301196062702310000000000154620020250408
0100031302196059404720000000000838090020250408
0100031303102309842780000000000216574620250408
0100031304196062602230000000000161602720250408
0100031305196062660080000000000154870020250408
0100031307196062851390000000000139900020250408
0100031308196033882680000000000147350020250408
0100031309196062807720000000000154620020250408
0100031310196062887820000000000107523220250408
0100031311196061012670000000000149620020250408
0100031312196062808280000000000149870020250408
0100031313196062971810000000000138025720250408
0100031314196031646230000000000154870020250408
0100031315196062875060000000000165806320250408
0100031316196062663900000000000154870020250408
0100031317196062661610000000000152570020250408
0100031318196062851790000000000137363720250408
0100031319196062679890000000000146719820250408
0100031320196062700370000000000154870020250408
0100031321196062814630000000000154870020250408
0100031322196058183390000000000228754620250408
0100031324196018875480000000000139195220250408
0100031325196034299940000000000154620020250408
0100031332196062516740000000000164840020250408
0100031333196062502550000000000164840020250408
0100031334196062514430000000000164090020250408
0100031335196062495710000000000164840020250408
0100031336196062687630000000000157748120250408
0100031337196062686450000000000146225320250408
0100031338196062600900000000000164590020250408
0100031340196057714230000000000164840020250408
0100031341196062750740000000000164840020250408
0100031342196062780990000000000164590020250408
0100031343196062697120000000000164540020250408
0100031344196062744250000000000164590020250408
0100031345196062512810000000000147748220250408
0100031346196062494760000000000124571520250408
0100031348196062723450000000000148441420250408
0100031350196062686470000000000132479020250408
0100031351196062704530000000000164840020250408
0100031353196062703650000000000164840020250408
0100031355196063073980000000001202260020250408
0100031356196055321200000000000124960520250408
0100031357196063025050000000000788885620250408
0100031358196064003890000000000159840020250408
0100031359196062892770000000000164840020250408
0100031360196063075300000000000323590020250408
0100031361196062973760000000000154620020250408
0100031362196063090980000000000233265020250408
0100031363196062997360000000000180740020250408
0100031366196063076120000000000090895720250408
0100031367196063029890000000000384590020250408
0100031368196063595370000000000099485420250408
0100031370196062937430000000000141519220250408
0100031371196062954110000000000154870020250408
0100031372196062984880000000000152538820250408
0100031373196062918550000000000649840020250408
0100031376196063076060000000000154870020250408
0100031377196063035560000000000761200020250408
0100031378166000967550000000000092704520250408
0100031379196063089510000000000097629020250408
0100031387196062986980000000000154870020250408
0100031389196063093310000000000142973720250408
0100031390196063035790000000000154870020250408
0100031392196063016320000000000154870020250408
0100031393196040308650000000000123620020250408
0100031394196062932080000000000169290020250408
0100031396196063209450000000000137400520250408
0100031397196063307370000000000171537520250408
0100031398196063305840000000000137982820250408
0100031399196051822770000000000139900020250408
0100031400196063286820000000000136891820250408
0100031401196063296880000000000165252320250408
0100031402196063428810000000000144969320250408
0100031403103017545200000000000139900020250408
0100031404196063165230000000000323840020250408
0100031405196063285750000000000174590020250408
0100031406196059005690000000000270834520250408
0100031407196063201900000000000154870020250408
0100031409196063349270000000000154870020250408
0100031410196063385850000000000148119120250408
0100031414196063385990000000000131868120250408
0100031417196062959150000000000154620020250408
0100031418196063351240000000000139900020250408
0100031421196076112300000000001216661320250408
0100031424196063024790000000000164840020250408
0100031425196062986230000000000164590020250408
0100031426196062983470000000000164590020250408
0100031428196062992040000000000164840020250408
0100031429196062994000000000000164840020250408
0100031435196063023420000000000164840020250408
0100031440196063548520000000000180740020250408
0100031442196063595620000000000217514520250408
0100031443196053172720000000000079179820250408
0100031444196063475710000000000150900820250408
0100031446196063469000000000000143900020250408
0100031447196063063400000000000608260020250408
0100031448196062944520000000000233265020250408
0100031449196063509310000000000143400020250408
0100031450196063554170000000000129320120250408
0100031451196035594110000000000139650020250408
0100031452196063494130000000000323590020250408
0100031453196063360220000000000323840020250408
0100031454196052323430000000000449840020250408
0100031455196063350620000000000323840020250408
0100031456196063487160000000000269840020250408
0100031457196063562160000000000144900020250408
0100031458196063516220000000000487831420250408
0100031459196063580280000000000084642220250408
0100031460196063558450000000000399340020250408
0100031461196063516940000000000154870020250408
0100031462196063479300000000000158766820250408
0100031463196063484330000000000323840020250408
0100031465196063561700000000000149870020250408
0100031473101017276670000000002011610020250408
0100031489196063658650000000000136891820250408
0100031490196049424190000000000352792920250408
0100031491196063649920000000000120304120250408
0100031492196063637520000000000233015020250408
0100031493196063737910000000000560607420250408
0100031495196063719050000000000154470020250408
0100031496196063637320000000000238590020250408
0100031497196063596770000000000123875120250408
0100031498196063634960000000000139900020250408
0100031499196063731290000000000323840020250408
0100031500196063630680000000000123990920250408
0100031501196063735410000000000727840020250408
0100031502196063732820000000000154620020250408
0100031503196063655630000000000139900020250408
0100031505196064193350000000000138400020250408
0100031514196064007530000000000169540020250408
0100031515196063560510000000000082639820250408
0100031516196064093580000000000129446120250408
0100031517196063626230000000000296840020250408
0100031518196064007210000000000174620020250408
0100031519196063929750000000000153870020250408
0100031520196064008990000000000427840020250408
0100031521196065170790000000000154620020250408
0100031522196064135870000000000154870020250408
0100031523196059745230000000000148441420250408
0100031524196064016390000000000154870020250408
0100031525196064010570000000000136194920250408
0100031526196064013140000000000154338020250408
0100031527196063916290000000000117449720250408
0100031528196039610610000000000139900020250408
0100031529196064074820000000000154620020250408
0100031530196064025380000000000154870020250408
0100031531196064074900000000000280101320250408
0100031533196063959110000000001151314020250408
0100031534196064087640000000000154870020250408
0100031535196064017560000000000137585020250408
0100031536196063976330000000000083815220250408
0100031537196063924710000000000174870020250408
0100031538196063681360000000000312255520250408
0100031540196063928800000000000154870020250408
0100031541196064021030000000000135988420250408
0100031544196064191870000000000117744620250408
0100031547196009752730000000000221675020250408
0100031548196064140260000000000154870020250408
0100031549196064194450000000000143642720250408
0100031550196064172320000000000169290020250408
0100031551196064238590000000000124746720250408
0100031552196064137890000000000154870020250408
0100031553196064281620000000000192619820250408
0100031554196064233150000000000147776420250408
0100031555196064285030000000000164590020250408
0100031556196063916690000000000094872520250408
0100031557196064194620000000000116606320250408
0100031558196064282990000000000154620020250408
0100031560196064136590000000000151870020250408
0100031561196064374810000000000154870020250408
0100031562196064370230000000000204537620250408
0100031563196064238480000000000154870020250408
0100031565196064348590000000000139107820250408
0100031566196063922500000000000144282420250408
0100031567196007260010000000000154620020250408
0100031568196064660780000000000154620020250408
0100031569196064273320000000000159840020250408
0100031570196063840970000000000137335020250408
0100031571196064353050000000001151770020250408
0100031572196064174400000000000139900020250408
0100031573196064243260000000000137335020250408
0100031574196064239080000000000079946520250408
0100031575196064232610000000000065076620250408
0100031576196064241540000000000154870020250408
0100031577196064197570000000000139107820250408
0100031578196064198900000000000154870020250408
0100031580196064196040000000000139357820250408
0100031581196064140680000000000124286920250408
0100031582196063918230000000000154870020250408
0100031583196063808510000000000154870020250408
0100031584196064153410000000000154870020250408
0100031585196064353330000000000153620020250408
0100031586196064352370000000000137686520250408
0100031587196064350250000000000125357420250408
0100031588196064279290000000000134620020250408
0100031589196064387800000000000154870020250408
0100031590196064198870000000000148638220250408
0100031591196064348050000000000172290020250408
0100031604196063702200000000000159840020250408
0100031608196069109550000000000164840020250408
0100031611196063936950000000000164840020250408
0100031614196064007200000000000164590020250408
0100031616196064128300000000000164840020250408
0100031617196036392850000000000164840020250408
0100031618196063711950000000000164590020250408
0100031620196064132500000000000235890020250408
0100031621196064383530000000000233015020250408
0100031622196059176160000000000284574220250408
0100031623196064489190000000000323590020250408
0100031624196064371400000000000119101320250408
0100031625196064568470000000000323590020250408
0100031626196064433790000000000137585020250408
0100031627196064139940000000000323840020250408
0100031628196064461300000000000131767820250408
0100031629196064511340000000000233265020250408
0100031630196064432990000000000269590020250408
0100031631196064479870000000000233265020250408
0100031632196064477590000000000416890020250408
0100031633196064281830000000000154870020250408
0100031634196064465090000000000154870020250408
0100031635196064241580000000000125177120250408
0100031636196064447290000000000144650020250408
0100031637196064512470000000000149870020250408
0100031638196064521430000000000233265020250408
0100031639196064518550000000000137585020250408
0100031640196064624980000000000141573820250408
0100031642196064592610000000000144900020250408
0100031643196062141620000000000213143420250408
0100031644196064563180000000000267924120250408
0100031645196024088380000000000132021020250408
0100031646196064432550000000000154870020250408
0100031647196064434060000000000154870020250408
0100031648196064444240000000000150470920250408
0100031650196064350750000000000171565020250408
0100031652196064479390000000000164840020250408
0100031656196064715950000000000150370220250408
0100031657196064643060000000000294090020250408
0100031658196064690760000000000103226620250408
0100031659196064574490000000000116044620250408
0100031661196064688430000000000141668520250408
0100031662196034684250000000000122636620250408
0100031663196064640410000000000196077820250408
0100031664196064793490000000000139900020250408
0100031666196064715550000000000142300020250408
0100031667196064683640000000000269840020250408
0100031668196064571440000000000323840020250408
0100031669196064728880000000000123572720250408
0100031670196064669970000000000166095920250408
0100031671196033795460000000000128800420250408
0100031672196064688550000000000167847120250408
0100031673196064715070000000000127583920250408
0100031675196064627930000000000154870020250408
0100031676196064627080000000000233265020250408
0100031677196064613700000000000144900020250408
0100031678196064593490000000000159840020250408
0100031680196064776230000000000883840020250408
0100031681196064718950000000000171565020250408
0100031682196064685600000000000233265020250408
0100031683196064676730000000000287940020250408
0100031684196000798950000000000323590020250408
0100031685196064907150000000000149620020250408
0100031686196064642300000000000159590020250408
0100031687196064726960000000000106024320250408
0100031688183003036390000000000233015020250408
0100031689196064673040000000000082504920250408
0100031690196064666010000000000323840020250408
0100031691196046204620000000000221425020250408
0100031710196064890610000000000323840020250408
0100031711196064653210000000000454815020250408
0100031712196065006110000000000323840020250408
0100031713196064961110000000000233265020250408
0100031714196064887270000000000159840020250408
0100031715196038566710000000000141573820250408
0100031716196040409710000000000117768920250408
0100031717196045384010000000000384590020250408
0100031718196049707450000000000141827120250408
0100031719196064889020000000000149620020250408
0100031720196064888280000000000302294620250408
0100031721196064947430000000000293340020250408
0100031722196064687270000000000253416720250408
0100031723196064954010000000000444559620250408
0100031724196064926430000000000139650020250408
0100031725196051072670000000000113794120250408
0100031726196010062610000000000137850020250408
0100031727196044183070000000000127414420250408
0100031728196064881210000000000159590020250408
0100031729196064915590000000000164590020250408
0100031730196001412140000000000159590020250408
0100031731196065003570000000000611269120250408
0100031732196065010910000000000180740020250408
0100031733196065023680000000000384340020250408
0100031734196064446080000000000135071220250408
0100031735196059223420000000000130747020250408
0100031789196066321600000000000143828220250408
0100031791196066413730000000000154620020250408
0100031792196065676560000000000377840020250408
0100031794196066416390000000000154620020250408
0100031795196066418770000000000154870020250408
0100031796196066420100000000000154870020250408
0100031798196066320500000000000154870020250408
0100031799196066164840000000000135461220250408
0100031800196066349350000000000154620020250408
0100031801196066489160000000000139107820250408
0100031802196061990750000000000154870020250408
0100031803196066419230000000000139551020250408
0100031804196066423560000000000301632020250408
0100031805196066371790000000000538040020250408
0100031806196066419480000000000154620020250408
0100031807196066184590000000000154870020250408
0100031808196066413220000000000154870020250408
0100031809196066489760000000000105032620250408
0100031813196066178360000000000174620020250408
0100031814196060842910000000000112487520250408
0100031815196066415620000000000125637120250408
0100031816196066100420000000000154870020250408
0100031817196066404450000000000139357820250408
0100031820196066323230000000000139150020250408
0100031821196066728820000000000149870020250408
0100031822196065814750000000000154870020250408
0100031823196066667970000000000139240720250408
0100031824196066830080000000000134488920250408
0100031825196066795620000000000121913720250408
0100031826196066806100000000000149870020250408
0100031827196043318570000000000139900020250408
0100031828196066266100000000000154870020250408
0100031829196066744770000000000136921520250408
0100031830196066924310000000000149870020250408
0100031831196066758530000000000191087720250408
0100031832196066658120000000000323840020250408
0100031833196011840470000000000127717420250408
0100031834196066621820000000000154870020250408
0100031835196066875930000000001787844420250408
0100031842102316653630000000000086452620250408
0100031843196066924830000000000223143420250408
0100031844196066886790000000000449590020250408
0100031845196066982290000000000128018820250408
0100031846196066889660000000000164840020250408
0100031848196039250840000000000135382620250408
0100031849196067115290000000000149870020250408
0100031850196066925220000000000427840020250408
0100031851196066899690000000000139551020250408
0100031852196067052640000000000144867220250408
0100031853196066881810000000000139329420250408
0100031854196066725940000000000139357820250408
0100031855196046100950000000000154870020250408
0100031856196066992310000000000384590020250408
0100031857196066965970000000000120284120250408
0100031858196067047240000000000388239220250408
0100031861196067024390000000000146564020250408
0100031863196060827770000000000128967420250408
0100031864196067156860000000000154620020250408
0100031865196067220240000000000233265020250408
0100031866196066923960000000000149870020250408
0100031867196067121550000000000154870020250408
0100031868196067127600000000000136028720250408
0100031869196049639950000000000125398820250408
0100031870101105401460000000000189525820250408
0100031871196067177090000000000436357320250408
0100031872196067123250000000000149870020250408
0100031873196067228810000000000177358020250408
0100031874196064543130000000000144650020250408
0100031875196067241650000000000144900020250408
0100031876196066922840000000000164840020250408
0100031880196031026480000000000154870020250408
0100031881196031912170000000000149870020250408
0100031882196067405050000000000149870020250408
0100031883196028407220000000000118202820250408
0100031884196067353810000000000149870020250408
0100031885196067115100000000000154620020250408
0100031886196067507940000000000134280520250408
0100031887196067505670000000000139308620250408
0100031888196067358960000000000323840020250408
0100031889196067358970000000000154870020250408
0100031890196067358520000000000130467420250408
0100031891196062684430000000000154620020250408
0100031892196067431950000000000128708320250408
0100031893196057358340000000000155283020250408
0100031894196067508570000000000154620020250408
0100031895196067331920000000000154870020250408
0100031896196067333610000000000154870020250408
0100031897196067454910000000000180490020250408
0100031898196067130500000000000154870020250408
0100031899196067429650000000000170495020250408
0100031901196067348040000000000154870020250408
0100031902196067364280000000000134821220250408
0100031904196067134840000000000164590020250408
0100031907196074960970000000000164590020250408
0100031908196067667200000000000233265020250408
0100031909196067628180000000000164840020250408
0100031910196067665820000000000323840020250408
0100031911196067675710000000000154870020250408
0100031912196067697660000000000089851920250408
0100031913196046570220000000000323840020250408
0100031914196055422540000000000154870020250408
0100031915196067695440000000000384590020250408
0100031917196067641070000000000311061020250408
0100031918196024726890000000000087818420250408
0100031919696067607920000000000154620020250408
0100031920196067691970000000000119970020250408
0100031921196067736200000000000291865020250408
0100031922196067675680000000000180740020250408
0100031923196061019520000000000159840020250408
0100031951196064792220000000000174840020250408
0100031952196067803590000000000233265020250408
0100031954196067620940000000000806341320250408
0100031955196067897590000000000154620020250408
0100031956196067911390000000000154456720250408
0100031957196050973390000000000154870020250408
0100031958196067999050000000000142520220250408
0100031959196067772140000000000145120020250408
0100031960196062765060000000000124178120250408
0100031961196067938730000000000154870020250408
0100031962196067757040000000000154870020250408
0100031963196067750740000000000154620020250408
0100031965196067847920000000000153870020250408
0100031966196067890290000000000139650020250408
0100031967196067953690000000000149870020250408
0100031968196067871680000000000164840020250408
0100031969196067905780000000000125177120250408
0100031972196067894850000000000231258320250408
0100031973196067950350000000000881849220250408
0100031974196067885580000000000154870020250408
0100031975196067736450000000000054033920250408
0100031976196067729330000000000154870020250408
0100031977196067663870000000000154620020250408
0100031978196067954870000000000503340020250408
0100031979196067821150000000000233265020250408
0100031980196067896900000000000154870020250408
0100031981196067876650000000000164840020250408
0100031982196067996960000000000125781020250408
0100031983196035956130000000000139236720250408
0100031984196067908530000000000154620020250408
0100031985196067352470000000000154870020250408
0100031986196067997490000000000997020020250408
0100031987196068150260000000000524840020250408
0100031989196068156800000000000300787720250408
0100031990196068072630000000000454565020250408
0100031991196051113200000000000065477620250408
0100031992196067908240000000000323590020250408
0100031993196068157990000000000154870020250408
0100031994196068165520000000000154620020250408
0100031996196068240140000000000154870020250408
0100031998196068088520000000000154870020250408
0100031999196068062070000000000140192220250408
0100032000196068061010000000000154870020250408
0100032001196067890070000000000323590020250408
0100032003196068151800000000000154620020250408
0100032023196067167840000000000164840020250408
0100032024196060012230000000000154870020250408
0100032025196067897450000000000154870020250408
0100032026196068432250000000000136556320250408
0100032028196068754170000000000171565020250408
0100032029196068432230000000000143650020250408
0100032031196068460390000000000503090020250408
0100032032196068452110000000000135244220250408
0100032034196068453620000000000139551020250408
0100032035196068779220000000000139900020250408
0100032036196068723170000000000154870020250408
0100032037196068690790000000000233265020250408
0100032038196068689810000000000431317220250408
0100032039196068780490000000000164590020250408
0100032040196068454910000000000154870020250408
0100032041196068732900000000000149870020250408
0100032043196068716270000000000236485020250408
0100032044196068688980000000000154870020250408
0100032045196068709250000000000511715020250408
0100032047196068714870000000000154620020250408
0100032048196068709660000000000149870020250408
0100032049196068691410000000000384590020250408
0100032050196046863220000000000204727320250408
0100032051196068689520000000000154870020250408
0100032052196068668010000000000154870020250408
0100032053196068656460000000000154870020250408
0100032054196068666950000000000269840020250408
0100032055196038050020000000000180740020250408
0100032072196068736380000000000282642520250408
0100032073196069215520000000000149620020250408
0100032075196068665080000000000242590020250408
0100032076196068916480000000000149620020250408
0100032077196068869660000000000753590020250408
0100032078196068875420000000000322730020250408
0100032079196068898070000000000154620020250408
0100032080196068917620000000000149620020250408
0100032081196068973950000000000154620020250408
0100032082196068935800000000001133370020250408
0100032083196068933890000000000220065020250408
0100032084196068971950000000000144900020250408
0100032085196050684240000000000124365220250408
0100032086196069039900000000000144650020250408
0100032087196068937540000000001151770020250408
0100032088196068940890000000000753840020250408
0100032089196067479850000000000139650020250408
0100032090196068743300000000000139900020250408
0100032095196068765570000000000269840020250408
0100032107196069066210000000000174840020250408
0100032109196068971570000000000164840020250408
0100032110196069111400000000001337654720250408
0100032118196069384460000000000219900020250408
0100032119196069444710000000000240481620250408
0100032120196069434280000000000364730420250408
0100032121196069409510000000000217321620250408
0100032122196069428370000000000364980420250408
0100032123196069370360000000000364980420250408
0100032124196069433960000000000314399420250408
0100032125196069430590000000000328780020250408
0100032127196069369360000000000501785720250408
0100032128196069384590000000000399084720250408
0100032129196069363520000000000240481620250408
0100032130196069424710000000000255815720250408
0100032131196069422770000000000692308720250408
0100032132196069321580000000000233801020250408
0100032133196068972280000000000412830020250408
0100032134196069191140000000000228689220250408
0100032135196069372390000000000573808720250408
0100032136196069338410000000000219900020250408
0100032137196069339770000000001336332520250408
0100032138196069402710000000000788440020250408
0100032139196069123550000000000342477020250408
0100032140196069407230000000000226900420250408
0100032141196069333980000000000219650020250408
0100032142196062630530000000000233551020250408
0100032143196069365730000000000233801020250408
0100032144196069389660000000000239481620250408
0100032145196069429960000000000194623220250408
0100032146196069371310000000000651583720250408
0100032147196069410000000000000364730420250408
0100032148196069229390000000000226035220250408
0100032149196069426440000000000240481620250408
0100032151196069372320000000000240481620250408
0100032152196069367430000000000240481620250408
0100032153196069333900000000000284128720250408
0100032154196069425400000000000501662520250408
0100032155196069471830000000000501412520250408
0100032156196066163750000000000284128720250408
0100032157196069337680000000000240481620250408
0100032158196069163110000000000651833720250408
0100032159196069237770000000000486505520250408
0100032160196069362350000000000240731620250408
0100032175196069892100000000000240481620250408
0100032176196062570390000000000233801020250408
0100032177196062154930000000000217886520250408
0100032180196069742730000000000610383720250408
0100032181196069643040000000000283878720250408
0100032182196069601550000000000232054220250408
0100032183196069911530000000000293565420250408
0100032184196069605750000000000572262520250408
0100032185196069748380000000000647340020250408
0100032187196069559130000000000233801020250408
0100032188196069652310000000000233801020250408
0100032189196069745500000000000563918620250408
0100032191196069598290000000000226650420250408
0100032192196069243830000000000500662520250408
0100032193196063908690000000000145923420250408
0100032195196069938770000000000226091720250408
0100032196196069902750000000000232551020250408
0100032197196069925130000000000240481620250408
0100032198196069998540000000000602840020250408
0100032199196069836240000000000219650020250408
0100032200196069768030000000000470949620250408
0100032201196069771460000000000364980420250408
0100032202196069936550000000000233551020250408
0100032203196069890370000000000802658720250408
0100032204196069886180000000000364980420250408
0100032205196069021930000000000240731620250408
0100032206196069889290000000000594058720250408
0100032207196069024460000000000240731620250408
0100032208196069933960000000000226150420250408
0100032209196069829510000000000363730420250408
0100032210196069644180000000000364730420250408
0100032211196069611140000000000364730420250408
0100032212196056353040000000000240731620250408
0100032213196069035750000000000240731620250408
0100032214196069896980000000000399834720250408
0100032215196069925140000000000559590020250408
0100032216196069614590000000000497734720250408
0100032217196069027850000000000240731620250408
0100032221196069189060000000000240731620250408
0100032222196070325880000000000283128720250408
0100032224196070188880000000000576090020250408
0100032225196070175470000000000240731620250408
0100032226196070355970000000000233301020250408
0100032228196069850490000000000233551020250408
0100032229196070324630000000000233551020250408
0100032230196069849230000000000233551020250408
0100032231196070131160000000000437562420250408
0100032232196070274740000000000233551020250408
0100032234196070169350000000000233551020250408
0100032235196069240650000000000240731620250408
0100032236196069827590000000000374834720250408
0100032237196070327700000000000240731620250408
0100032238196070240520000000000364980420250408
0100032239196069882680000000000501662520250408
0100032240196070235310000000000229545920250408
0100032241196070186060000000000240731620250408
0100032242196070234480000000000239731620250408
0100032259196070397930000000000154870020250408
0100032260196070397610000000000159840020250408
0100032261196070471530000000000154620020250408
0100032262196070235160000000000215715020250408
0100032263196070469510000000000449840020250408
0100032264196070483360000000000154870020250408
0100032265196070476180000000000154870020250408
0100032266196070432060000000000215965020250408
0100032267196070453200000000000154620020250408
0100032269196070273620000000000257972620250408
0100032270196070481770000000000136222420250408
0100032271196070425830000000000149870020250408
0100032272196070423480000000000154870020250408
0100032273196070536530000000000196402120250408
0100032274196070397710000000000154870020250408
0100032275196070077400000000000148795120250408
0100032276196070450370000000000154620020250408
0100032277196070537030000000000215965020250408
0100032278196070480190000000000154870020250408
0100032279196070404060000000000159840020250408
0100032284196069940320000000000159840020250408
0100032285196070542070000000000154870020250408
0100032286196070480900000000000154870020250408
0100032287196070499840000000000154870020250408
0100032288196070555020000000000215965020250408
0100032289196070713820000000000149870020250408
0100032290196070678020000000000215715020250408
0100032291196070627930000000000149870020250408
0100032292196070663830000000000139900020250408
0100032293196030562170000000000248584720250408
0100032294196070669740000000000154870020250408
0100032296196070641200000000000153870020250408
0100032298196070721490000000000154870020250408
0100032299196069980220000000000154870020250408
0100032301196070665380000000000132571020250408
0100032302196057851710000000000199900020250408
0100032303196070660370000000000154620020250408
0100032305196070673250000000000164840020250408
0100032306196070643860000000000164840020250408
0100032322196070980450000000000125900020250408
0100032324196070868560000000000154870020250408
0100032325196070631650000000000159840020250408
0100032327196070938550000000000149870020250408
0100032328196070927590000000000149870020250408
0100032330196070951220000000000154870020250408
0100032331196070920350000000000149620020250408
0100032332196070955630000000000149870020250408
0100032333196070933930000000000159840020250408
0100032334196070915290000000000154870020250408
0100032336196070913140000000000154620020250408
0100032337196070895450000000000154620020250408
0100032338196051308460000000000215965020250408
0100032339196071182000000000000125467220250408
0100032340196070522880000000000154870020250408
0100032341196071175870000000000215965020250408
0100032342196065169760000000000299090020250408
0100032343196070982000000000000432090020250408
0100032344196070997960000000000215965020250408
0100032345196071007930000000000154870020250408
0100032346196071246600000000000139650020250408
0100032347196070924880000000000215965020250408
0100032348196071017160000000000159840020250408
0100032349196065483090000000000299840020250408
0100032350196071679970000000000393590020250408
0100032351196071240080000000000202465820250408
0100032354196071140650000000000154870020250408
0100032355196071240770000000000149870020250408
0100032357196071274560000000000382741620250408
0100032358196071178260000000000154870020250408
0100032359139002549080000000000154620020250408
0100032360196071484660000000000190715020250408
0100032361196071428280000000000154620020250408
0100032362196071420230000000000145614820250408
0100032363196071420600000000000154620020250408
0100032364196066161310000000000149870020250408
0100032365196071425010000000000154620020250408
0100032366196070674850000000000144650020250408
0100032367196071261480000000000154620020250408
0100032368196063033390000000000144650020250408
0100032369196049225910000000000127814320250408
0100032370196071422750000000000154620020250408
0100032371196071183310000000000215965020250408
0100032386196071681390000000000829527520250408
0100032387196071615660000000000302382820250408
0100032388196071642460000000000337780120250408
0100032389196071652400000000000302382820250408
0100032392196071734970000000000293463520250408
0100032395196071644910000000000566291620250408
0100032396196071637030000000000302382820250408
0100032397196071676720000000001106090020250408
0100032398196071242600000000000311022220250408
0100032400196071681350000000000293463520250408
0100032401196071646630000000000302132820250408
0100032403196071653720000000000434791620250408
0100032404196071619640000000000302382820250408
0100032405196066114330000000000293463520250408
0100032406196071444220000000000566041620250408
0100032407196071695340000000000315482720250408
0100032408196071533310000000000520412220250408
0100032410196071606980000000000355643520250408
0100032411196071245240000000000355643520250408
0100032412196071189230000000000355643520250408
0100032424196071680800000000002125660020250408
0100032425196071840790000000000293463520250408
0100032426196071912510000000000302382820250408
0100032427196071913080000000000364980420250408
0100032428196071671700000000000566041620250408
0100032429196071879070000000000293463520250408
0100032430196071872400000000000489496220250408
0100032431196071879130000000000311022220250408
0100032433196071916360000000000302382820250408
0100032435196072000980000000000293463520250408
0100032436196071855280000000000302382820250408
0100032437196071912760000000000293463520250408
0100032439196071915900000000000565791620250408
0100032440196071978290000000000293463520250408
0100032441196071609170000000000507305320250408
0100032443196071869090000000000302132820250408
0100032448196071909190000000000320191520250408
0100032449196071839630000000000320191520250408
0100032454196063843910000000000282524220250408
0100032455196072121120000000000302382820250408
0100032457196072115040000000000302382820250408
0100032458196072121710000000000566041620250408
0100032461196072121340000000000275654920250408
0100032462196072111780000000000302382820250408
0100032463196071975470000000000293463520250408
0100032464196072159370000000000302382820250408
0100032465196072239010000000000302132820250408
0100032466196072162410000000000263537520250408
0100032467196072150060000000000302382820250408
0100032468196072006230000000000304512520250408
0100032469196072110700000000000293463520250408
0100032470196071891270000000000566041620250408
0100032471196065242060000000000263537520250408
0100032472196072071290000000000311272220250408
0100032473196072118220000000000322382820250408
0100032474196072132450000000000279224420250408
0100032477196071869460000000000566041620250408
0100032478196072111910000000000749840020250408
0100032479196068779340000000000302382820250408
0100032480196072129260000000000302132820250408
0100032481196072124190000000000302382820250408
0100032482196072122040000000000302132820250408
0100032483196035561760000000000143400020250408
0100032484196068625540000000000097334420250408
0100032494196072315350000000000302382820250408
0100032495196072302690000000000293463520250408
0100032496196072159460000000000466820820250408
0100032497196072415880000000000302382820250408
0100032498196072351060000000000293463520250408
0100032499196072117410000000001224496220250408
0100032500196072349250000000000302382820250408
0100032501196072756870000000000161139720250408
0100032502196072389660000000000302382820250408
0100032503196072347740000000000302382820250408
0100032504196072415250000000000302382820250408
0100032505196072356040000000000293463520250408
0100032506196072347460000000000302382820250408
0100032507196072350380000000000723196820250408
0100032508196072381150000000001265465020250408
0100032509196072348740000000000293463520250408
0100032510196072343940000000000302382820250408
0100032511196072354710000000000302382820250408
0100032512196072393400000000000328860820250408
0100032513196072299870000000000302382820250408
0100032514196064432140000000000109400020250408
0100032515196072488230000000000302382820250408
0100032516196072351910000000000302382820250408
0100032517196072347550000000000302132820250408
0100032521196072633720000000000174840020250408
0100032522196072634730000000000159840020250408
0100032523196072623160000000000154870020250408
0100032524196060712520000000000134700320250408
0100032525196072685120000000000154870020250408
0100032526196072622460000000000154620020250408
0100032527196072122840000000000139900020250408
0100032528196072583100000000000215965020250408
0100032529196072625910000000000154620020250408
0100032530196072628470000000000154620020250408
0100032531196072665620000000000215965020250408
0100032532196072622990000000000154620020250408
0100032533196072463140000000000149370020250408
0100032534196072623910000000000154620020250408
0100032535196072668120000000000212028720250408
0100032536196072665880000000000215715020250408
0100032537196072208200000000000165965020250408
0100032538103106610670000000000248834720250408
0100032539165001243130000000000143400020250408
0100032550196072881790000000000174840020250408
0100032551196072162740000000000154870020250408
0100032552196072870620000000000154620020250408
0100032553196037894800000000000138453920250408
0100032554196073060500000000000139900020250408
0100032555196072861270000000000299840020250408
0100032556196072908620000000000298177920250408
0100032557196072859010000000000154870020250408
0100032558196057567980000000000154620020250408
0100032559196072660660000000000144650020250408
0100032560196072884150000000000215965020250408
0100032561196072860640000000000139900020250408
0100032562196072383610000000000154870020250408
0100032563196072882590000000000149870020250408
0100032564196072904540000000000125934420250408
0100032565196061453400000000000147808220250408
0100032566196072909970000000000154870020250408
0100032567196072865960000000000154620020250408
0100032572196073159070000000000154870020250408
0100032573196071879110000000000275654920250408
0100032574196070947820000000000126651220250408
0100032575196073104930000000000154620020250408
0100032576196073110370000000000139650020250408
0100032577196073125130000000000154370020250408
0100032578196072631930000000000154870020250408
0100032579196073097520000000000154620020250408
0100032581196072632080000000000154870020250408
0100032582196073129430000000000154620020250408
0100032583196073050260000000000139650020250408
0100032584196072856680000000000154870020250408
0100032585196073126170000000000393590020250408
0100032586196073097700000000000154870020250408
0100032587196073114690000000000154620020250408
0100032589196073081480000000000154620020250408
0100032596196073368510000000000339840020250408
0100032597196031030990000000000448977020250408
0100032598196073361550000000000169840020250408
0100032599196073289150000000000299590020250408
0100032600196073350980000000000215965020250408
0100032601196073362050000000000159840020250408
0100032602196073495890000000000154870020250408
0100032603196073374160000000000160352920250408
0100032604196073270240000000000154620020250408
0100032605196073375390000000000164590020250408
0100032606196073492700000000000154870020250408
0100032607196073202170000000000154870020250408
0100032608196073362300000000000154870020250408
0100032609196068157490000000000139900020250408
0100032610196073522090000000000154870020250408
0100032611196073354320000000000154620020250408
0100032612196073321020000000000154620020250408
0100032613196073329080000000000154620020250408
0100032614196073517370000000000081031720250408
0100032615196073361990000000000154870020250408
0100032620196068753460000000000174590020250408
0100032621196073640090000000000154870020250408
0100032622196073585450000000000154870020250408
0100032623196073597200000000000154870020250408
0100032624196073607240000000000154620020250408
0100032625196073718620000000000139650020250408
0100032626196073599740000000000252448720250408
0100032627196073709760000000000299840020250408
0100032628196073737070000000000154870020250408
0100032629196073687200000000000154620020250408
0100032630196073900890000000000159840020250408
0100032631196010239270000000000144650020250408
0100032632196073638700000000000154870020250408
0100032633196073730090000000000154870020250408
0100032634196074129730000000000149870020250408
0100032637196073768620000000000214465020250408
0100032638196073956330000000000154620020250408
0100032639196073934890000000000264715020250408
0100032640196073952710000000000149870020250408
0100032641196064546650000000000104666520250408
0100032642196073970980000000000138900020250408
0100032643196073899770000000000143150020250408
0100032644196073992670000000000154620020250408
0100032645196065858940000000000154620020250408
0100032646196073932870000000000154620020250408
0100032647196073931290000000000154620020250408
0100032648196073925690000000000139900020250408
0100032649196073972370000000000154620020250408
0100032650196073991950000000000154620020250408
0100032651196066226420000000000139650020250408
0100032668196066367170000000000127180520250408
0100032669196074295270000000000148870020250408
0100032670196074080960000000000154620020250408
0100032671196074081500000000000154620020250408
0100032672196072075060000000000122572920250408
0100032673196074161390000000000154870020250408
0100032674196074111820000000000154870020250408
0100032675196074105320000000000154620020250408
0100032676196074130810000000000215715020250408
0100032677196074111670000000000154870020250408
0100032678196074109970000000000169590020250408
0100032679196074102010000000000154620020250408
0100032680196074102940000000000154870020250408
0100032681196074167820000000000154620020250408
0100032682196074197130000000000154620020250408
0100032683196074125600000000000174590020250408
0100032684196074344670000000000215715020250408
0100032685196074166290000000000154620020250408
0100032686196074125570000000000127723520250408
0100032687196074155180000000000255674520250408
0100032689196074205680000000000215965020250408
0100032690196074102130000000000139650020250408
0100032691196074113320000000000154870020250408
0100032692196074130940000000000149870020250408
0100032695196074164150000000000154870020250408
0100032696196074195350000000000154870020250408
0100032697196074178620000000000154870020250408
0100032698196073930880000000000154620020250408
0100032703196074347450000000000140095620250408
0100032704196046883870000000000154870020250408
0100032705196074335100000000000138900020250408
0100032706196074353540000000000154620020250408
0100032707196074157440000000000299840020250408
0100032708196056015290000000000240731620250408
0100032709196074332850000000000154120020250408
0100032710196074400630000000000149870020250408
0100032711196074344820000000000154870020250408
0100032712196074331140000000000154870020250408
0100032713196064162480000000000144900020250408
0100032714196074333560000000000154870020250408
0100032715196074456800000000000154870020250408
0100032716196074332120000000000154870020250408
0100032717196074295160000000000043293020250408
0100032718196074305930000000000154620020250408
0100032719196074384390000000000154870020250408
0100032720196074308050000000000154870020250408
0100032721196058171510000000000144650020250408
0100032722196074341390000000000149870020250408
0100032723196074755150000000000215715020250408
0100032724196074345610000000000154620020250408
0100032725196074333680000000000154620020250408
0100032726196074385830000000000154870020250408
0100032727196074021150000000000154620020250408
0100032735196075274850000000000154870020250408
0100032736196074691980000000000144900020250408
0100032737196074703260000000000174870020250408
0100032738196074622680000000000154620020250408
0100032739196074582790000000000127019320250408
0100032740196074691170000000000139400020250408
0100032741196074572600000000000149370020250408
0100032742196074645340000000000174620020250408
0100032743196074622300000000000154870020250408
0100032744196074604900000000000299840020250408
0100032745196074641910000000000154870020250408
0100032746196074702990000000000174620020250408
0100032747196074533000000000000154870020250408
0100032748196074339070000000000154870020250408
0100032749196074638180000000000154870020250408
0100032750196074582130000000000154870020250408
0100032768196074769080000000000154620020250408
0100032769196074757960000000000275654920250408
0100032771196074987300000000000149620020250408
0100032772196074756470000000000215715020250408
0100032773196074831170000000000174840020250408
0100032774196074896100000000000149870020250408
0100032775196074808960000000000154870020250408
0100032776196074836490000000000154620020250408
0100032777196074787330000000000373240020250408
0100032778196074761040000000000154620020250408
0100032779196074905750000000001913650920250408
0100032780196074717290000000000286990020250408
0100032781196074773430000000000249840020250408
0100032782196074793750000000000174840020250408
0100032783196074624900000000000299590020250408
0100032784196074835390000000000154620020250408
0100032785196074786350000000000154620020250408
0100032789196075040510000000000169840020250408
0100032790196074962880000000000154620020250408
0100032791196075081470000000000154620020250408
0100032793196074968240000000000154620020250408
0100032794196075205090000000000169070920250408
0100032795196074989770000000000154620020250408
0100032796196074962140000000000154620020250408
0100032797196074710210000000000287990020250408
0100032798196074988250000000000154620020250408
0100032799196075040360000000000154620020250408
0100032800196075889100000000000215965020250408
0100032801196075081920000000000149870020250408
0100032802196075031490000000000274840020250408
0100032804196075070540000000000174590020250408
0100032805196075038840000000000149870020250408
0100032806196075036560000000000171537520250408
0100032807196075012190000000000154620020250408
0100032808196074992900000000000154620020250408
0100032809196075041430000000000144650020250408
0100032810196075337200000000000203958420250408
0100032811196075203100000000000149620020250408
0100032812196075862540000000002124240020250408
0100032813196075094370000000000144650020250408
0100032814196075076460000000000144650020250408
0100032815196075030380000000000154620020250408
0100032836196074338210000000000154870020250408
0100032837196045644800000000000139900020250408
0100032838196075255700000000000139900020250408
0100032839196075689320000000000144900020250408
0100032840196075306070000000000154620020250408
0100032841196075335920000000000299590020250408
0100032842196075251910000000000154620020250408
0100032843196075383310000000000144900020250408
0100032844196075308170000000000154870020250408
0100032845196074992930000000000215965020250408
0100032846196075255060000000000159840020250408
0100032847196075236150000000000154620020250408
0100032848196075257180000000000373240020250408
0100032849196075384420000000000164590020250408
0100032850196063107070000000000104435020250408
0100032851196075031400000000000222340020250408
0100032852196075253660000000000154620020250408
0100032853196075336340000000001349760020250408
0100032854196075297900000000000149870020250408
0100032855196075255810000000000154620020250408
0100032856196075323890000000000149620020250408
0100032857196075251480000000000138900020250408
0100032859196036112890000000000143400020250408
0100032861196075484990000000001887610020250408
0100032862196075532950000000000154620020250408
0100032863196075383530000000000633160020250408
0100032864196075525050000000000154870020250408
0100032865196075456520000000000154620020250408
0100032866196075054830000000000174590020250408
0100032867196075488690000000000144650020250408
0100032868196075530540000000000154120020250408
0100032869196075585480000000000154870020250408
0100032870196075467120000000000154870020250408
0100032871196075659900000000000355840020250408
0100032872196075535090000000000149870020250408
0100032873196075530520000000000154620020250408
0100032874196072713880000000000174840020250408
0100032875196075469370000000000154620020250408
0100032876196075474970000000000139900020250408
0100032877196075437320000000000115273320250408
0100032878196075491440000000000154620020250408
0100032879196075468240000000000154620020250408
0100032880196075478110000000000154620020250408
0100032881196075474600000000000154870020250408
0100032882196075550430000000000154870020250408
0100032883196075455930000000000154620020250408
0100032884196075472520000000000154620020250408
0100032885196075469880000000000141900020250408
0100032887196075585040000000000164840020250408
0100032888196075525280000000000154870020250408
0100032889196075484980000000000154620020250408
0100032890196075637110000000000138498020250408
0100032891196075530590000000000154870020250408
0100032892196075583450000000000139900020250408
0100032893196077946320000000003191150020250408
0100032895196075700160000000000154870020250408
0100032896196075693260000000000153870020250408
0100032897196075759210000000000154870020250408
0100032898196075791870000000000322990020250408
0100032899196075467550000000001124270020250408
0100032900196075775150000000000154870020250408
0100032901196075759930000000000154870020250408
0100032902196075699570000000000154870020250408
0100032903196075758380000000000159840020250408
0100032904196075799960000000000159840020250408
0100032905196075696840000000000154870020250408
0100032906196075761160000000000299590020250408
0100032907196075691670000000000154870020250408
0100032908196075765700000000000154870020250408
0100032909196075700540000000000154620020250408
0100032910196075754170000000000154870020250408
0100032911196075771620000000000154120020250408
0100032912196075757910000000000154870020250408
0100032913196075759790000000000154870020250408
0100032914196075792070000000000154870020250408
0100032917196075756630000000000154870020250408
0100032934196076039430000000000222340020250408
0100032935196075813550000000000884828020250408
0100032936196076098490000000000222340020250408
0100032937196073634910000000000154870020250408
0100032938196076093570000000000154870020250408
0100032939196075871090000000001719080020250408
0100032940115103013140000000000154870020250408
0100032941196075997710000000000648378120250408
0100032942196075790200000000000215965020250408
0100032943196075993650000000000154870020250408
0100032944196068088090000000000150602420250408
0100032945196076030380000000000154870020250408
0100032946196075945170000000000154870020250408
0100032947196046099750000000000159840020250408
0100032948196076030370000000000172204220250408
0100032949196076001140000000000139900020250408
0100032950196054120410000000000154870020250408
0100032951196076014340000000000149870020250408
0100032953196072412060000000000159840020250408
0100032954196075909290000000000154870020250408
0100032955196076039550000000000154870020250408
0100032956124027483860000000000174875020250408
0100032957196075997630000000000154870020250408
0100032958196076004270000000000072093020250408
0100032959196076037880000000000154870020250408
0100032960196076046970000000000299840020250408
0100032962196076011950000000000169840020250408
0100032963196076002050000000000149870020250408
0100032964196076033890000000000233110020250408
0100032965196076060940000000000154870020250408
0100032966196076004180000000000154870020250408
0100032967196065563510000000000139900020250408
0100032968196075942740000000000215965020250408
0100032978196076001760000000000184590020250408
0100032980196076248110000000000287740020250408
0100032981196076264410000000000215715020250408
0100032982196021997010000000000233551020250408
0100032983196064576500000000000124410220250408
0100032984196076012170000000000139900020250408
0100032985196076331740000000000399840020250408
0100032986196075962620000000000154870020250408
0100032987196076213430000000001051850020250408
0100032988196076249610000000000154870020250408
0100032989196076203280000000000154870020250408
0100032990196064809960000000000229414820250408
0100032991196076205860000000000399840020250408
0100032992196076193020000000000154870020250408
0100032993196076533760000000000149870020250408
0100032994196076492620000000000154870020250408
0100032995196075886170000000000154870020250408
0100032996196076944940000000000139900020250408
0100032997196076532330000000000149870020250408
0100032999196076407500000000000215965020250408
0100033000196076456540000000000138900020250408
0100033001196076420920000000000154870020250408
0100033002196076422230000000000272090020250408
0100033003196068828320000000000410187720250408
0100033004196076351770000000000154870020250408
0100033005196076401060000000000149870020250408
0100033006196076377400000000000154870020250408
0100033019196076779530000000000249590020250408
0100033020196076686530000000000299840020250408
0100033021196076793290000000000159840020250408
0100033022196076718070000000000154620020250408
0100033023196076711080000000000154870020250408
0100033024196076691210000000000687034620250408
0100033025196076714270000000000154870020250408
0100033026196033247420000000000215965020250408
0100033027196076691340000000000164840020250408
0100033032196076289690000000000154870020250408
0100033034196076460190000000000154620020250408
0100033035196076945250000000000519840020250408
0100033036196076896420000000000174590020250408
0100033039196076930780000000000174840020250408
0100033040196076897400000000000164840020250408
0100033041196076893680000000000174590020250408
0100033043196077026970000000000154870020250408
0100033044196076917300000000000215965020250408
0100033045196076901310000000000144900020250408
0100033046196076960950000000000171287520250408
0100033047196076906720000000000395690020250408
0100033048196076954190000000000154870020250408
0100033049196076954320000000000154870020250408
0100033050196076939520000000000154870020250408
0100033051196076888950000000000174840020250408
0100033052196010114810000000000882887020250408
0100033053196077098700000000000139900020250408
0100033054196077134490000000000154870020250408
0100033055196077127640000000000158590020250408
0100033057196077126570000000000154870020250408
0100033058196077106150000000000144650020250408
0100033059196077118190000000000154870020250408
0100033060196077096550000000000154870020250408
0100033061196077118690000000000154870020250408
0100033062196077118070000000000154870020250408
0100033063196077206250000000000149840020250408
0100033064196077105120000000000154870020250408
0100033065196077121390000000000154870020250408
0100033067196077188160000000000154870020250408
0100033068134100549590000000000154870020250408
0100033069196077240040000000000154870020250408
0100033070196049260060000000000154870020250408
0100033071196077186480000000000154870020250408
0100033072196077243860000000000170870820250408
0100033073196077241360000000000154620020250408
0100033074196077118220000000000154870020250408
0100033075196077186870000000000154870020250408
0100033076196077179830000000000154870020250408
0100033077196071849710000000000154870020250408
0100033078196077189780000000000154870020250408
0100033079196077119320000000000174840020250408
0100033080196077204560000000000154870020250408
0100033081196077188600000000000154870020250408
0100033082196077203520000000000299590020250408
0100033096196077311460000000000144900020250408
0100033097196077359210000000000154870020250408
0100033098196077347560000000000139900020250408
0100033099196077428050000000000215965020250408
0100033100196077687760000000001862910020250408
0100033101196077325860000000000154870020250408
0100033102196077338870000000000149870020250408
0100033103196077251430000000000149870020250408
0100033104696077321260000000000144900020250408
0100033105196077436990000000000149870020250408
0100033106196077385220000000000139900020250408
0100033109196077380580000000000202340020250408
0100033110196077438270000000000143400020250408
0100033115196077587660000000002137610020250408
0100033116196077648500000000000215965020250408
0100033117196077608990000000000299840020250408
0100033118196077533160000000000299590020250408
0100033119196077601300000000000299840020250408
0100033120196077411760000000000299840020250408
0100033121196077566480000000000149870020250408
0100033122196077582020000000000149870020250408
0100033123196077438890000000000144900020250408
0100033124196077574600000000000139900020250408
0100033125196077572850000000000139650020250408
0100033126196077395010000000000259540020250408
0100033127196077595910000000000139900020250408
0100033128196077504710000000000154870020250408
0100033129196077583640000000000154870020250408
0100033130196077593340000000000154870020250408
0100033131196068247070000000000275654920250408
0100033132196060821770000000000144650020250408
0100033133196077606870000000000139900020250408
0100033134196077570640000000000149870020250408
0100033135196077565950000000000149870020250408
0100033136196077604070000000000174840020250408
0100033137196077570710000000000154620020250408
0100033138196077527430000000000154870020250408
0100033139196077506220000000000154870020250408
0100033140196077506080000000000154870020250408
0100033141196077505060000000000154870020250408
0100033142196050899930000000000154870020250408
0100033143196077574650000000000154870020250408
0100033144196077529690000000000154870020250408
0100033145196077528720000000000154870020250408
0100033146196077530390000000000154870020250408
0100033175196048326710000000000215965020250408
0100033177196077582230000000000174340020250408
0100033178196077565430000000000139900020250408
0100033179196077570700000000000149620020250408
0100033180196078204300000000000139650020250408
0100033181196077504560000000000149870020250408
0100033182196077582470000000000149870020250408
0100033183196077603410000000000138100120250408
0100033184196077774710000000000318590020250408
0100033185196077593660000000000149870020250408
0100033186196077601420000000000159840020250408
0100033187196077596510000000000215715020250408
0100033188196077454940000000000139900020250408
0100033189196077676770000000000356090020250408
0100033190196077608320000000000164840020250408
0100033192196078953290000000000318590020250408
0100033193196074761500000000000226900420250408
0100033195196078856240000000000174840020250408
0100033198196078952620000000000149870020250408
0100033199196078951330000000000399840020250408
0100033200196079097230000000000149870020250408
0100033201196079119720000000000154870020250408
0100033202196079166680000000000154870020250408
0100033203196079099650000000000149870020250408
0100033204196079100950000000000154870020250408
0100033205196079094530000000000154870020250408
0100033206196079153000000000000174840020250408
0100033207196079116090000000000149870020250408
0100033208196079095200000000000154870020250408
0100033209196079106850000000000149870020250408
0100033210196079164480000000000144900020250408
0100033211196079116360000000000154870020250408
0100033212196079398700000000000149870020250408
0100033213196079091100000000000154870020250408
0100033214196079538200000000000149870020250408
0100033215196079099270000000000139900020250408
0100033216196079101750000000000233110020250408
0100033217196079096020000000000154620020250408
0100033218196079097390000000000154870020250408
0100033219196050894850000000000154870020250408
0100033220196079112660000000000154870020250408
0100033221196079200050000000000154870020250408
0100033222196079139550000000000154870020250408
0100033223196079097660000000000154870020250408
0100033229196079379280000000000165537220250408
0100033230196079436010000000000254483920250408
0100033231196074048470000000000144650020250408
0100033232196079318150000000000154870020250408
0100033234196079395970000000000165320520250408
0100033235196068261480000000000226650420250408
0100033236196079312030000000000280610020250408
0100033237196079380340000000000166203920250408
0100033238196079325320000000000169840020250408
0100033239196049263450000000000207675020250408
0100033240196015188110000000000342656820250408
0100033241116600530990000000000795306520250408
0100033242196036518630000000000753414320250408
0100033243196079450500000000000149870020250408
0100033251196079647470000000000154870020250408
0100033252196079657680000000000139900020250408
0100033253196079910940000000000169840020250408
0100033255196079607930000000000384340020250408
0100033256196076071870000000000149870020250408
0100033259196079645580000000000164840020250408
0100033260196079578100000000000499840020250408
0100033261196079580610000000000154870020250408
0100033264196079581710000000000154870020250408
0100033265196079580970000000000154620020250408
0100033266196079535420000000000154870020250408
0100033267196079639910000000000154870020250408
0100033268196079623130000000000154870020250408
0100033269196079636710000000000154870020250408
0100033270196079579170000000000154870020250408
0100033272196079885860000000000149870020250408
0100033274196079740220000000000154870020250408
0100033275196079837780000000000158870220250408
0100033276196079826070000000000154620020250408
0100033277196079784500000000000154620020250408
0100033279196079941030000000000399840020250408
0100033280196079789470000000000197340020250408
0100033281196079810280000000000144650020250408
0100033282196079891240000000000159840020250408
0100033283196079780320000000000154870020250408
0100033285196080154090000000000154870020250408
0100033286196079792250000000000154870020250408
0100033287196080105840000000000356090020250408
0100033288196080090790000000000151920020250408
0100033291196080552780000000000299590020250408
0100033293196080084790000000000158680220250408
0100033294132002682790000000000189722920250408
0100033295196080202260000000000149870020250408
0100033296196080049640000000000149520220250408
0100033298196080141650000000000154870020250408
0100033299196080096410000000000154870020250408
0100033301196080275390000000000174590020250408
0100033302196080555980000000000329917520250408
0100033303196080549060000000000269818720250408
0100033304196019950740000000000185560220250408
0100033305196080203370000000000154870020250408
0100033306196080091040000000000474840020250408
0100033307196076283840000000000154870020250408
0100033310196080142830000000000154870020250408
0100033330196080387920000000000174590020250408
0100033331196080184500000000000154870020250408
0100033332196080179820000000000358110020250408
0100033333196080337770000000000154870020250408
0100033334196080319530000000000154870020250408
0100033335196061963240000000000574840020250408
0100033336196080307180000000000149870020250408
0100033337196080184670000000000154870020250408
0100033338196080185670000000000154870020250408
0100033339196080395520000000000154870020250408
0100033340196080350840000000000164840020250408
0100033341196080272440000000000144900020250408
0100033342196080455880000000000149870020250408
0100033343196080362670000000000154870020250408
0100033344196080346880000000000154870020250408
0100033345196080638620000000000139900020250408
0100033346196080269510000000000154870020250408
0100033347196080524190000000000324590020250408
0100033348196080454780000000000174840020250408
0100033349196080343420000000000154870020250408
0100033350196080336210000000000139900020250408
0100033351196080319510000000000154870020250408
0100033380196080555480000000000432340020250408
0100033381196080901220000000000159840020250408
0100033382196080885800000000000154870020250408
0100033383196080817790000000000154870020250408
0100033384196080797250000000000154870020250408
0100033385196080838970000000000154870020250408
0100033386196080880250000000000299840020250408
0100033387196080566620000000000249840020250408
0100033388196067736430000000000169840020250408
0100033389196080936890000000000402340020250408
0100033390196080841930000000000215965020250408
0100033391196080856860000000001401850020250408
0100033392196080764750000000000154870020250408
0100033394196037289190000000000236883720250408
0100033395196080837650000000000395690020250408
0100033396196080830660000000000393590020250408
0100033397196080830770000000000203089720250408
0100033398196080839700000000000399840020250408
0100033400196080799750000000000164840020250408
0100033405196080654570000000000287990020250408
0100033406196069021230000000000144900020250408
0100033407196080899620000000000299840020250408
0100033408196080835150000000000299840020250408
0100033409196080632270000000000149870020250408
0100033410196080797300000000000154870020250408
0100033411196080745980000000000159840020250408
0100033412196080836390000000000215965020250408
0100033413196080796450000000000139900020250408
0100033417196081097820000000000169840020250408
0100033418196081100320000000000159840020250408
0100033419196081127140000000000215965020250408
0100033420196081086890000000000163797120250408
0100033421196067222210000000000389840020250408
0100033422196081186460000000000649840020250408
0100033423196081051620000000000154870020250408
0100033424196081086750000000000163667120250408
0100033425196081072140000000000154870020250408
0100033426196080828180000000000299840020250408
0100033427196080839370000000000154870020250408
0100033428196081109970000000000169840020250408
0100033429196081135790000000000299840020250408
0100033430696081090690000000000154870020250408
0100033431196081072190000000000174840020250408
0100033432196081094580000000000139900020250408
0100033435196081145900000000000154870020250408
0100033436196081433000000000000042480020250408
0100033448196080720390000000000257536720250408
0100033449196081365020000000000257536720250408
0100033450196081089870000000000519840020250408
0100033451196081366590000000000231566720250408
0100033452196081403480000000000266906720250408
0100033455196081306900000000000257536720250408
0100033456196081400010000000000266906720250408
0100033457196078436380000000000240233320250408
0100033459196081303160000000000257536720250408
0100033460196081336890000000000231566720250408
0100033461196065322230000000000257536720250408
0100033462196081369580000000000266906720250408
0100033463196081363470000000000257536720250408
0100033464196081381190000000000257536720250408
0100033465196081333690000000000433173320250408
0100033466196081271070000000000257536720250408
0100033467196081459160000000000257536720250408
0100033468196081247080000000001695756720250408
0100033475196081531540000000000192203320250408
0100033476196081677480000000000601506720250408
0100033477196081634090000000000219506720250408
0100033479196054216290000000000219506720250408
0100033480196081630000000000000219506720250408
0100033481196081633930000000000192203320250408
0100033482196081626470000000000273598320250408
0100033483196081601600000000000179566720250408
0100033484196081618790000000000179566720250408
0100033485196081640550000000000192203320250408
0100033486196081618460000000000179566720250408
0100033487196081471420000000000173233320250408
0100033488196081472500000000000173233320250408
0100033489196081367860000000000192203320250408
0100033490196081631230000000000179566720250408
0100033491196081645640000000000192203320250408
0100033492196081676160000000000179566720250408
0100033493196061618260000000000179566720250408
0100033494196081479930000000000192203320250408
0100033495196081619060000000000192203320250408
0100033496196081630810000000000192203320250408
0100033497196078500210000000000198773320250408
0100033498196081673500000000000179566720250408